MONTH,DATE,MODEL,PO NO 1.,Item,PO NO 2.,DEST,QTY,REPACKING ,RESULT,PARTIAL Q'TY,"PARTIAL
NO",BUILDING,LINE,TQC NUM,EMPLOYEE NO,QTY INSPECTION,OFFICIAL INSPECTOR,INSPECTOR TYPE,DESCRIPTION,REMARKS,INTERNAL INSPECTOR,Stitching issue,Wrong Packing issue(prs),NOTE
11,11/1/2025,VL COURT 3.0 K,901673784,1,901673784-1,Netherlands,"2,920",,PASS,,,A,Asc 03-1,R4A,620080362,125,MS.HUỲNH,CFA,Wobbling(4),,,,,
11,11/1/2025,VL COURT 3.0 K,901673870,1,901673870-1,Netherlands,880,,PASS,,,A,Asc 04-1,18A,623100210,80,MR.NHỨT,CFA,"Poor Shape(1),Broken Stitching(1),Dirty Upper(1)",,,,,
11,11/1/2025,ASPYRE 3 STRIPES,901583724,1,901583724-1,India,"1,230",12,PASS,,,B3,2,12,625030164,125,MR.THÁI,CFA,"Dirty Collar Lining(2),Over Cement(2),Dirty O'S(2)",,,,,
11,11/1/2025,TENSAUR SPORT 3.0 CF I,901286270,1,901286270-1,Netherlands,741,,PASS,,,A,Asc 10-1,14A,622030023,80,MS.HUỲNH,CFA,"Dirty Collar Lining(2),Thread Ends(2)",,,,,
11,11/1/2025,TENSAUR SPORT 3.0 CF I,901502289,1,901502289-1,Netherlands,300,,PASS,,,A,Asc 05-1,23A,624110228,50,MR.NHỨT,CFA,Dirty Upper(1),,,,,
11,11/1/2025,TENSAUR SPORT 3.0 CF I,901520986,1,901520986-1,United Kingdom,308,,PASS,,,A,Asc 10-1,14A,622030023,50,MS.NGÂN,CFA,"Wobbling(1),Dirty Upper(1)",,,,,
11,11/1/2025,TENSAUR SPORT 3.0 CF I,901280432,1,901280432-1,Netherlands,"1,477",,PASS,,,A,Asc 08-2,41A,625080141,125,MR.NHỨT,CFA,"Over Primer O'S(1),Dirty O'S(1),Wobbling(1)",,,,,
11,11/1/2025,TENSAUR SPORT 3.0 CF I,901529510,1,901529510-1,United Kingdom,312,,PASS,,,A,Asc 05-1,23A,624110228,50,MS.HUỲNH,CFA,Thread Ends(2),,,,,
11,11/1/2025,TENSAUR SPORT 3.0 CF I,901540441,1,901540441-1,Netherlands,578,,PASS,,,A,Asc 05-1,19A,621110258,80,MR.NHỨT,CFA,"Dirty Collar Lining(1),Dirty O'S(1)",,,,,
11,11/1/2025,Tensaur Run 3.0 EL I,901261472,1,901261472-1,Italy,"1,020",,PASS,,,A,Asc 07-2,12A,622021407,80,MS.NGÂN,CFA,"Collar Lining Wrinkle(2),Dirty Collar Lining(2)",,,,,
11,11/1/2025,Tensaur Run 3.0 EL I,901273290,1,901273290-1,Netherlands,327,,PASS,,,A,Asc 07-2,12A,622021407,50,MRS.VY,CFA,Dirty Collar Lining(1),,,,,
11,11/1/2025,TENSAUR SPORT 3.0 K,901316555,1,901316555-1,Netherlands,317,,PASS,,,A,Asc 04-2,40A,625060019,50,MS.NGÂN,CFA,"Dirty Collar Lining(1),Dirty O'S(1)",,,,,
11,11/1/2025,TENSAUR COMFORT AC I,901517896,1,901517896-1,Netherlands,400,,PASS,,,A,Asc 06-1,25A,624030105,50,MS.NGÂN,CFA,"Over Cement(2),Bonding Gap(2)",,,,,
11,11/1/2025,LIGHTSHIFT 2.0,901508550,1,901508550-1,Malaysia,140,,PASS,,,A,Asc 01-2,31A,624060331,20,MRS.VY,CFA,Over Cement(1),,,,,
11,11/1/2025,LIGHTSHIFT 2.0,901523318,1,901523318-1,Thailand,147,,PASS,,,A,Asc 01-2,31A,624060331,20,MS.NGÂN,CFA,Dirty M'S(1),,,,,
11,11/1/2025,LIGHTSHIFT 2.0,901530847,1,901530847-1,United Kingdom,300,,PASS,,,A,Asc 01-2,31A,624060331,50,MR.THÁI,CFA,"Dirty M'S(2),Over Cement(2),Dirty Collar Lining(1)",,,,,
11,11/1/2025,LIGHTSHIFT 2.0,901665902,1,901665902-1,Chile,275,,PASS,,,A,Asc 01-2,31A,624060331,32,MS.NGÂN,CFA,Dirty Collar Lining(1),,,,,
11,11/1/2025,LIGHTSHIFT 2.0,901666298,1,901666298-1,Argentina,698,,PASS,,,A,Asc 01-2,31A,624060331,80,MRS.VY,CFA,"Dirty O'S(1),Wrinkle(1)",,,,,
11,11/1/2025,VL COURT 3.0 K,901513764,1,901513764-1,United Kingdom,300,,PASS,,,A,Asc 03-2,8A,624020086,50,MRS.VY,CFA,Wrinkle(1),,,,,
11,11/1/2025,ADVANTAGE K,901718518,1,901718518-1,United Kingdom,418,,PASS,,,B,Asc 05-2,40B,625010030,50,MR.NHỨT,CFA,"Wrinkle(1),Dirty Upper(1)",,,,,
11,11/1/2025,Tensaur Sport 2.0 CF K,901382035,1,901382035-1,Utd.Arab Emir.,166,,PASS,,,B,Asc 02-1,R2B,621060393,32,MRS.VY,CFA,Dirty Upper(1),,,,,
11,11/1/2025,Tensaur Sport 2.0 CF K,901517352,1,901517352-1,Netherlands,600,,PASS,,,B,Asc 02-2,25B,621100361,80,MR.THÁI,CFA,"Wrinkle(2),Over Cement(2)",,,,,
11,11/1/2025,Tensaur Sport 2.0 CF K,901665018,1,901665018-1,Ukraine,578,,PASS,,,B,Asc 02-1,R2B,621060393,80,MR.NHỨT,CFA,"Thread Ends(1),Dirty Collar Lining(1)",,,,,
11,11/1/2025,TENSAUR SPORT 3.0 K,901263359,1,901263359-1,Panama,110,,PASS,,,B,Asc 04-1,9B,621030996,20,MR.THÁI,CFA,Bonding Gap(1),,,,,
11,11/1/2025,TENSAUR SPORT 3.0 K,901268717,1,901268717-1,Brazil,"1,715",,PASS,,,B,Asc 04-2,18B,620030032,125,MS.HUỲNH,CFA,"Thread Ends(2),Collar Lining Wrinkle(3)",,,,,
11,11/1/2025,TENSAUR SPORT 3.0  CF K,901263152,1,901263152-1,Brazil,320,,PASS,,,B,Asc 04-2,18B,620030032,50,MS.NGÂN,CFA,"Over Primer O'S(1),Wobbling(1)",,,,,
11,11/1/2025,TENSAUR SPORT 3.0  CF K,901665326,1,901665326-1,Chile,348,,PASS,,,B,Asc 04-2,18B,620030032,50,MRS.VY,CFA,"Over Primer O'S(1),Dirty Collar Lining(1)",,,,,
11,11/1/2025,GALAXY 7 M,901551824,1,901551824-1,Thailand,436,,PASS,,,C,Asc 09-1,22D,623090063,50,MR.NHỨT,CFA,Wrinkle(1),,,,,
11,11/1/2025,GALAXY 7 W,901466262,1,901466262-1,Netherlands,832,,PASS,,,C,Asc 06-2,17D,624060040,80,MR.THÁI,CFA,"Over Cement(2),Dirty O'S(2)",,,,,
11,11/1/2025,GALAXY 7 W,901302304,1,901302304-1,Netherlands,620,,PASS,,,C,Asc 04-2,27D,623090194,80,MRS.VY,CFA,"Dirty M'S(1),Dirty Collar Lining(1)",,,,,
11,11/1/2025,GALAXY 7 W,901662493,1,901662493-1,Netherlands,309,,PASS,,,C,Asc 07-1,16,621070084,50,MR.THÁI,CFA,Dirty O'S(2),,,,,
11,11/1/2025,GALAXY 7 W,901671160,1,901671160-1,Italy,500,,PASS,,,C,Asc 10-1,13D,624100308,50,MR.THÁI,CFA,Dirty Upper(2),,,,,
11,11/1/2025,VS PACE 2.0,901290915,1,901290915-1,Netherlands,320,,PASS,,,C,Asc 03-2,20D,624080083,50,MS.NGÂN,CFA,"Over Cement(2),Wrinkle(2)",,,,,
11,11/1/2025,VS PACE 2.0,901292558,1,901292558-1,Netherlands,598,,PASS,,,C,Asc 03-2,20D,624080083,80,MS.HUỲNH,CFA,Wrinkle(3),,,,,
11,11/1/2025,VS PACE 2.0,901515349,1,901515349-1,Netherlands,391,,PASS,,,C,Asc 03-2,20D,624080083,50,MS.HUỲNH,CFA,"Wrinkle(1),Dirty Collar Lining(1)",,,,,
11,11/1/2025,VS PACE 2.0,901669989,1,901669989-1,Italy,460,,PASS,,,C,Asc 07-1,16,621070084,50,MS.NGÂN,CFA,Over Cement(2),,,,,
11,11/1/2025,VS PACE 2.0,901525549,1,901525549-1,Netherlands,482,,PASS,,,D,Asc 01-2,37C,625080102,50,MR.THÁI,CFA,Over Cement(2),,,,,
11,11/1/2025,VL COURT 3.0 K,901665122,1,901665122-1,Ukraine,360,,PASS,,,D,Asc 04-2,R6D,619080327,50,MR.NHỨT,CFA,Over Cement(1),,,,,
11,11/1/2025,VL COURT 3.0 K,901583401,1,901583401-1,Italy,600,,PASS,,,D,Asc 05-2,19C,622030777,80,MRS.VY,CFA,"Wrinkle(1),Dirty Upper(1)",,,,,
11,11/1/2025,GRAND COURT 3.0,901481829,1,901481829-1,Mexico,"2,217",,PASS,,,D,Asc 03-1,6C,622070194,125,MR.THÁI,CFA,"Over Cement(3),Dirty O'S(3)",,,,,
11,11/1/2025,GRAND COURT 3.0,901540549,1,901540549-1,Netherlands,"1,061",,PASS,,,D,Asc 01-1,29C,624110274,80,MR.THÁI,CFA,Over Cement(3),,,,,
11,11/1/2025,GRAND COURT 3.0,901671925,1,901671925-1,Netherlands,"3,845",,PASS,3200,P1,D,Asc 03-1,6C,622070194,125,MRS.VY,CFA,"Dirty Upper(2),Over Cement(2),Dirty Collar Lining(1)",,,,,
11,11/1/2025,URBAN COURT,901373678,1,901373678-1,Netherlands,300,,PASS,,,D,Asc 07-1,9,621040446,50,MR.THÁI,CFA,"Bonding Gap(1),Dirty Upper(2)",,,,,
11,11/1/2025,URBAN COURT,901482154,1,901482154-1,Italy,700,,PASS,,,D,Asc 07-2,17C,624030608,80,MS.HUỲNH,CFA,"Collar Lining Wrinkle(2),Dirty Upper(1),Side Wrinkle(2)",,,,,
11,11/1/2025,URBAN COURT,901551426,1,901551426-1,Netherlands,357,,PASS,,,D,Asc 09-1,32C,625030234,50,MR.NHỨT,CFA,"Dirty O'S(1),Bonding Gap(1)",,,,,
11,11/1/2025,URBAN COURT,901598116,1,901598116-1,Netherlands,324,,PASS,,,D,Asc 07-1,9,621040446,50,MS.HUỲNH,CFA,Dirty O'S(2),,,,,
11,11/1/2025,VS PACE 2.0,901507275,1,901507275-1,Netherlands,"1,767",,PASS,,,D,Asc 03-2,5C,621120400,125,MRS.VY,CFA,"Dirty Upper(1),Dirty O'S(2)",,,,,
11,11/1/2025,GRAND COURT 2.0,901721551,1,901721551-1,United Kingdom,360,,FAIL,,,C,Asc 01-2,31D,624040282,50,MS.HUỲNH,CFA,"Bonding Gap(7),Dirty O'S(3)",OFFICIAL,,,,
11,11/3/2025,Tensaur Sport 2.0 CF I,901375552,1,901375552-1,Utd.Arab Emir.,"1,134",15A,PASS,,,B3,4,15A,624050151,80,MRS.VY,CFA,"Over Primer O'S(2),Wrinkle(1)",,,,,
11,11/3/2025,Tensaur Sport 2.0 CF I,901706242,1,901706242-1,Netherlands,"1,499",,PASS,,,A,Asc 09-2,2A,621110407,125,MS.NGÂN,CFA,"Left/Right Quarter Mismatch(3),Dirty O'S(3),Over Cement(3)",,,,,
11,11/3/2025,VL COURT 3.0 K,901673807,1,901673807-1,Netherlands,"2,630",,PASS,,,A,Asc 02-2,7A,625020551,125,MR.THÁI,CFA,"Off Center Heel(2),Wobbling(2),Over Cement(3)",,,,,
11,11/3/2025,LITE RACER ADAPT 7.0 I,901396319,1,901396319-1,USA,940,,PASS,,,A,Asc 07-1,20A,623110220,80,MR.NHỨT,CFA,"Dirty Upper(1),Bonding Gap(1)",,,,,
11,11/3/2025,TENSAUR SPORT 3.0 CF I,901287482,1,901287482-1,United Kingdom,377,,PASS,,,A,Asc 10-1,14A,622030023,50,MR.NHỨT,CFA,"Dirty O'S(1),Bonding Gap(1)",,,,,
11,11/3/2025,TENSAUR SPORT 3.0 CF I,901290759,1,901290759-1,Netherlands,496,,PASS,,,A,Asc 11-1,10A,622021050,50,MR.NHỨT,CFA,Bonding Gap(1),,,,,
11,11/3/2025,TENSAUR SPORT 3.0 CF I,901501007,1,901501007-1,United Kingdom,312,,PASS,,,A,Asc 08-1,11A,622021048,50,MRS.LY,MANAGER,No issue,,CFA(THÁI)AQL->TOP MANAGER(MRS.LY),,,
11,11/3/2025,TENSAUR SPORT 3.0 CF I,901579704,1,901579704-1,Italy,420,,PASS,,,A,Asc 10-1,14A,622030023,50,MR.THÁI,CFA,"Wobbling(2),Dirty Collar Lining(1)",,,,,
11,11/3/2025,TENSAUR SPORT 3.0 CF I,901292601,1,901292601-1,Netherlands,595,,PASS,,,A,Asc 05-1,19A,621110258,80,MRS.VY,CFA,"Dirty Upper(1),Dirty O'S(1)",,,,,
11,11/3/2025,TENSAUR SPORT 3.0 CF I,901293779,1,901293779-1,Netherlands,315,,PASS,,,A,Asc 11-1,19A,621110258,50,MRS.VY,CFA,"Collar Lining Wrinkle(1),Dirty O'S(1)",,,,,
11,11/3/2025,TENSAUR SPORT 3.0 CF I,901310581,1,901310581-1,Netherlands,548,,PASS,,,A,Asc 05-1,23A,624110228,80,MR.THÁI,CFA,"Left/Right Component Mismatch(2),Bonding Gap(2)",,,,,
11,11/3/2025,TENSAUR SPORT 3.0 CF I,901670944,1,901670944-1,United Kingdom,480,,PASS,,,A,Asc 08-1,11A,622021048,50,MR.NHỨT,CFA,Dirty O'S(1),,,,,
11,11/3/2025,Tensaur Run 3.0 EL I,901262703,1,901262703-1,Italy,"1,200",,PASS,,,A,Asc 07-2,12A,622021407,80,MR.NHỨT,CFA,Dirty Collar Lining(2),,,,,
11,11/3/2025,TENSAUR SPORT 3.0 K,901524870,1,901524870-1,United Kingdom,590,,PASS,,,A,Asc 04-2,40A,625060019,80,MR.NHỨT,CFA,"Dirty Collar Lining(1),Wrinkle(1),Bonding Gap(1)",,,,,
11,11/3/2025,TENSAUR COMFORT AC I,901297064,1,901297064-1,Netherlands,700,,PASS,,,A,Asc 06-1,25A,624030105,80,MRS.VY,CFA,"Thread Ends(1),Wobbling(2)",,,,,
11,11/3/2025,VL COURT 3.0 K,901515811,1,901515811-1,United Kingdom,300,,PASS,,,A,Asc 03-1,R4A,620080362,50,MRS.VY,CFA,Over Cement(1),,,,,
11,11/3/2025,LIGHTSHIFT 2.0,901262091,1,901262091-1,Netherlands,394,,PASS,,,A,Asc 01-2,31A,624060331,50,MR.THÁI,CFA,"Dirty M'S(1),Over Cement(2)",,,,,
11,11/3/2025,LIGHTSHIFT 2.0,901267910,1,901267910-1,Netherlands,340,,PASS,,,A,Asc 01-2,4A,624060316,50,MRS.LY,MANAGER,No issue,,CFA(NGÂN)AQL->TOP MANAGER(MRS.LY),,,
11,11/3/2025,LIGHTSHIFT 2.0,901665361,1,901665361-1,Peru,329,,PASS,,,A,Asc 01-2,4A,624060316,50,MS.NGÂN,CFA,Dirty M'S(3),,,,,
11,11/3/2025,VL COURT 3.0 K,901503863,1,901503863-1,Italy,300,,PASS,,,A,Asc 04-1,18A,623100210,50,MR.NHỨT,CFA,Wobbling(2),,,,,
11,11/3/2025,VL COURT 3.0 K,901535243,1,901535243-1,Italy,580,,PASS,,,A,Asc 03-2,8A,624020086,80,MRS.VY,CFA,Wobbling(2),,,,,
11,11/3/2025,VL COURT 3.0 K,901536993,1,901536993-1,United Kingdom,300,,PASS,,,A,Asc 06-2,17A,624030271,50,MR.NHỨT,CFA,Off Center(1),,,,,
11,11/3/2025,ADVANTAGE K,901731496,1,901731496-1,Indonesia,412,,PASS,,,B,Asc 05-1,6B,621060243,50,MRS.VY,CFA,"Dirty Collar Lining(1),Wrinkle(1)",,,,,
11,11/3/2025,Tensaur Sport 2.0 CF K,901373949,1,901373949-1,Saudi Arabia,"1,105",,PASS,,,B,Asc 02-1,R2B,621060393,80,MR.NHỨT,CFA,"Dirty O'S(2),Off Center Heel(2)",,,,,
11,11/3/2025,Tensaur Sport 2.0 CF K,901665222,1,901665222-1,Utd.Arab Emir.,481,,PASS,,,B,Asc 02-2,25B,621100361,50,MR.THÁI,CFA,"Wobbling(2),Over Primer O'S(1)",,,,,
11,11/3/2025,TENSAUR SPORT 3.0  CF K,901473103,1,901473103-1,Netherlands,"6,960",,PASS,3200,P1,B,Asc 03-2,84L,622030320,125,MR.NHỨT,CFA,"Poor Shape(3),Dirty Collar Lining(1)",,,,,
11,11/3/2025,TENSAUR SPORT 3.0  CF K,901474325,1,901474325-1,Netherlands,"6,960",,PASS,3200,P1,B,Asc 04-2,43B,625030363,125,MR.NHỨT,CFA,"Thread Ends(1),Dirty Collar Lining(2),Off Center(1)",,,,,
11,11/3/2025,TENSAUR SPORT 3.0  CF K,901516190,1,901516190-1,Netherlands,627,,PASS,,,B,Asc 06-2,26B,623090198,80,MS.HUỲNH,CFA,"Broken Stitching(1),Dirty Upper(1),Thread Ends(2)",,,,,
11,11/3/2025,TENSAUR SPORT 3.0  CF K,901523441,1,901523441-1,United Kingdom,365,,PASS,,,B,Asc 06-1,45B,625080289,50,MR.NHỨT,CFA,"Over Cement(1),Thread Ends(1)",,,,,
11,11/3/2025,TENSAUR SPORT 3.0  CF K,901665415,1,901665415-1,Argentina,"1,829",,PASS,,,B,Asc 06-1,45B,625080289,125,MS.HUỲNH,CFA,"Dirty Upper(2),Dirty Collar Lining(1),Poor Stitching(2)",,,,,
11,11/3/2025,GALAXY 7 M,901505202,1,901505202-1,Netherlands,"1,500",,PASS,,,C,Asc 11-1,11,623120136,125,MR.NHỨT,CFA,"Wrinkle(1),Dirty O'S(1),Over Cement(1)",,,,,
11,11/3/2025,GALAXY 7 M,901505447,1,901505447-1,Netherlands,"10,572",,PASS,3200,P1,C,Asc 07-2,29D,624040410,125,MS.HUỲNH,CFA,"Dirty M'S(2),Collar Lining Wrinkle(2),Wrinkle(2),Wobbling(1)",,,,,
11,11/3/2025,GALAXY 7 M,901505447,1,901505447-1,Netherlands,"10,572",,PASS,3000,P2,C,Asc 07-2,29D,624040410,125,MR.THÁI,CFA,"Collar Lining Wrinkle(2),Over Cement(2),Wrinkle(2),Wobbling(2)",,,,,
11,11/3/2025,GALAXY 7 M,901529540,1,901529540-1,Netherlands,883,,PASS,,,C,Asc 11-2,28D,625080255,80,MR.THÁI,CFA,"Collar Lining Wrinkle(3),Side Wrinkle(2)",,,,,
11,11/3/2025,GALAXY 7 M,901531246,1,901531246-1,Netherlands,597,,PASS,,,C,Asc 11-2,28D,625080255,80,MRS.VY,CFA,Wrinkle(2),,,,,
11,11/3/2025,GALAXY 7 M,901532834,1,901532834-1,Netherlands,"2,175",,PASS,,,C,Asc 10-2,19D,625080253,125,MR.THÁI,CFA,"Wrinkle(3),Dirty O'S(4)",,,,,
11,11/3/2025,GALAXY 7 M,901532835,1,901532835-1,Italy,335,,PASS,,,C,Asc 06-2,17D,624060040,50,MR.NHỨT,CFA,"Over Cement(1),Dirty Upper(1)",,,,,
11,11/3/2025,GALAXY 7 M,901534361,1,901534361-1,Netherlands,442,,PASS,,,C,Asc 06-2,17D,624060040,50,MR.NHỨT,CFA,"Wrinkle(1),Wobbling(1)",,,,,
11,11/3/2025,GALAXY 7 M,901534444,1,901534444-1,Netherlands,"1,135",,PASS,,,C,Asc 11-1,11,623120136,80,MR.THÁI,CFA,"Wrinkle(2),Over Cement(2),Dirty O'S(1)",,,,,
11,11/3/2025,GALAXY 7 M,901665769,1,901665769-1,Italy,600,,PASS,,,C,Asc 09-2,3D,622080106,80,MS.HUỲNH,CFA,"Dirty O'S(1),Wrinkle(1),Over Cement(3)",,,,,
11,11/3/2025,GALAXY 7 W,901291757,1,901291757-1,Netherlands,747,,PASS,,,C,Asc 06-1,7D,621110412,80,MS.NGÂN,CFA,"Over Primer O'S(1),Over Cement(2),Bonding Gap(3)",,,,,
11,11/3/2025,GALAXY 7 W,901500295,1,901500295-1,Netherlands,480,,PASS,,,C,Asc 04-2,27D,623090194,50,MS.HUỲNH,CFA,"Over Primer O'S(2),Over Cement(2)",,,,,
11,11/3/2025,GALAXY 7 W,901662549,1,901662549-1,Netherlands,543,,PASS,,,C,Asc 04-2,27D,623090194,80,MRS.VY,CFA,"Dirty M'S(1),Bonding Gap(1),Wrinkle(1)",,,,,
11,11/3/2025,GALAXY 7 W,901676783,1,901676783-1,Spain,302,,PASS,,,C,Asc 04-1,33D,624070020,50,MS.NGÂN,CFA,"Bonding Gap(2),Dirty Collar Lining(1)",,,,,
11,11/3/2025,GRAND COURT 2.0,901721630,1,901721630-1,Netherlands,600,,PASS,,,C,Asc 01-1,2D,625080009,80,MS.HUỲNH,CFA,Bonding Gap(4),,,,,
11,11/3/2025,GRAND COURT 2.0,901723117,1,901723117-1,Italy,"2,038",,PASS,,,C,Asc 01-2,31D,624040282,125,MS.NGÂN,CFA,"Bonding Gap(4),Dirty O'S(3)",,,,,
11,11/3/2025,TENSAUR SPORT 3.0  CF K,901308550,1,901308550-1,Netherlands,"4,677",,PASS,3200,P1,C,Asc 02-1,11D,624080127,125,MRS.VY,CFA,"Dirty Upper(1),Dirty Collar Lining(2),Bonding Gap(2)",,,,,
11,11/3/2025,ADVANTAGE 2.0,901263879,1,901263879-1,Netherlands,346,,PASS,,,D,Asc 08-1,1C,623090139,50,MRS.VY,CFA,"Bonding Gap(1),Dirty Upper(1)",,,,,
11,11/3/2025,ADVANTAGE 2.0,901263979,1,901263979-1,Netherlands,324,,PASS,,,D,Asc 10-2,28C,624100065,50,MS.HUỲNH,CFA,Dirty O'S(2),,,,,
11,11/3/2025,ADVANTAGE 2.0,901265183,1,901265183-1,Netherlands,"2,008",,PASS,,,D,Asc 08-1,4C,624020153,125,MR.THÁI,CFA,"Dirty O'S(2),Bonding Gap(2),Dirty Upper(2)",,,,,
11,11/3/2025,ADVANTAGE 2.0,901524025,1,901524025-1,Netherlands,723,,PASS,,,D,Asc 10-2,28C,624100065,80,MS.NGÂN,CFA,"Dirty O'S(2),Dirty Upper(2)",,,,,
11,11/3/2025,VS PACE 2.0,901520329,1,901520329-1,Netherlands,307,,PASS,,,D,Asc 09-2,14C,624020152,50,MR.THÁI,CFA,"Bonding Gap(1),Dirty Upper(2)",,,,,
11,11/3/2025,VS PACE 2.0,901525249,1,901525249-1,United Kingdom,539,,PASS,,,D,Asc 09-1,32C,625030234,80,MR.NHỨT,CFA,"Wrinkle(1),Dirty Collar Lining(1)",,,,,
11,11/3/2025,ADVANTAGE,901527862,1,901527862-1,USA,809,,PASS,,,D,Asc 10-1,36C,625050250,80,MR.THÁI,CFA,"Poor Shape(2),Collar Lining Wrinkle(2)",,,,,
11,11/3/2025,VL COURT 3.0 K,901289633,1,901289633-1,Netherlands,400,,PASS,,,D,Asc 06-1,2C,623080380,50,MS.NGÂN,CFA,No issue,,,,,
11,11/3/2025,VL COURT 3.0 K,901463432,1,901463432-1,USA,750,,PASS,,,D,Asc 05-1,18D,625030163,80,MR.THÁI,CFA,"Thread Ends(2),Wobbling(2),High/Low Heel(1)",,,,,
11,11/3/2025,VL COURT 3.0 K,901534706,1,901534706-1,United Kingdom,300,,PASS,,,D,Asc 06-1,2C,623080380,50,MRS.VY,CFA,Wobbling(2),,,,,
11,11/3/2025,VL COURT 3.0 K,901583262,1,901583262-1,Italy,"1,840",,PASS,,,D,Asc 05-2,19C,622030777,125,MRS.VY,CFA,"Broken Stitching(1),Dirty Upper(1),Dirty O'S(1)",,,,,
11,11/3/2025,VL COURT 3.0 K,901583483,1,901583483-1,Italy,"1,600",,PASS,,,D,Asc 07-1,9,621040446,125,MR.NHỨT,CFA,"Dirty Upper(1),Wrinkle(2)",,,,,
11,11/3/2025,GRAND COURT 3.0,901169664,1,901169664-1,Netherlands,655,,PASS,,,D,Asc 02-1,16C,624030295,80,MS.HUỲNH,CFA,"Dirty O'S(2),Dirty Upper(3)",,,,,
11,11/3/2025,GRAND COURT 3.0,901281007,1,901281007-1,Netherlands,"1,920",5C,PASS,,,B3,7,5C,621120400,125,MS.NGÂN,CFA,"Dirty Collar Lining(2),Over Cement(2),Dirty O'S(2),Bonding Gap(1)",,,,,
11,11/3/2025,GRAND COURT 3.0,901281007,1,901281007-1,Netherlands,"1,920",5C,PASS,,,B3,7,5C,621120400,32,MR.BÌNH,LOP,Dirty O'S(1),,,,,
11,11/3/2025,GRAND COURT 3.0,901525575,1,901525575-1,Netherlands,731,,PASS,,,D,Asc 02-1,16C,624030295,80,MR.THÁI,CFA,"Over Cement(2),Over Primer O'S(2)",,,,,
11,11/3/2025,GRAND COURT 3.0,901671925,1,901671925-1,Netherlands,"3,845",,PASS,645,PC,D,Asc 01-1,5C,621120400,80,MS.NGÂN,CFA,"Dirty O'S(2),Over Cement(3)",,,,,
11,11/3/2025,URBAN COURT,901466582,1,901466582-1,Netherlands,636,,PASS,,,D,Asc 09-1,32C,625030234,80,MR.THÁI,CFA,"Collar Lining Wrinkle(2),Wobbling(2)",,,,,
11,11/3/2025,URBAN COURT,901479917,1,901479917-1,Italy,500,,PASS,,,D,Asc 10-1,36C,625050250,50,MR.THÁI,CFA,"Dirty Upper(2),Dirty O'S(2)",,,,,
11,11/3/2025,VS PACE 2.0,901498806,1,901498806-1,Italy,370,,PASS,,,D,Asc 09-2,R5C,620120148,50,MS.NGÂN,CFA,"Dirty Upper(2),Over Cement(1)",,,,,
11,11/3/2025,VS PACE 2.0,901515150,1,901515150-1,Netherlands,662,,PASS,,,D,Asc 03-2,34C,625020591,80,MS.NGÂN,CFA,"Over Cement(2),Dirty O'S(2)",,,,,
11,11/3/2025,VS PACE 2.0,901525428,1,901525428-1,Netherlands,911,,PASS,,,D,Asc 09-2,14C,624020152,80,MR.THÁI,CFA,"Dirty Upper(2),Dirty O'S(2)",,,,,
11,11/3/2025,VS PACE 2.0,901528696,1,901528696-1,United Kingdom,830,,PASS,,,D,Asc 11-1,4C,624020153,80,MR.THÁI,CFA,"Over Cement(2),Bonding Gap(1),Loose Stitches(2)",,,,,
11,11/3/2025,GRAND COURT 3.0,901281531,1,901281531-1,Netherlands,322,,FAIL,,,D,Asc 03-1,6C,622070194,32,MR.BÌNH,LOP,"Dirty O’S(4),Peel Off Painting O’S(1),Dirty Collar Lining(1),Collar Lining Wrinkle(1),Poor Attaching(1)",OFFICIAL,,,,not update pivot88
11,11/3/2025,GRAND COURT 3.0,901523041,1,901523041-1,Netherlands,722,15D,FAIL,,,B3,3,15D,622020913,32,MR.BÌNH,LOP,"Dirty O’S(4),Dirty Upper(1),Wobbling(2)",OFFICIAL,,,,not update pivot88
11,11/3/2025,GRAND COURT 3.0,901601749,1,901601749-1,Netherlands,"2,316",12,FAIL,,,B3,2,12,625030164,32,MR.BÌNH,LOP,"Dirty O’S(4),Wobbling(3)",OFFICIAL,,,,not update pivot88
11,11/4/2025,Tensaur Sport 2.0 CF I,901372448,1,901372448-1,Saudi Arabia,"1,190",12,PASS,,,B3,2,12,625030164,80,MR.NHỨT,CFA,Dirty Upper(2),,,,,
11,11/4/2025,VL COURT 3.0 K,901487838,1,901487838-1,USA,780,,PASS,,,A,Asc 06-2,17A,624030271,80,MR.THÁI,CFA,"Needle Hole(1),Over Cement(2),Dirty Upper(2)",,,,,
11,11/4/2025,VL COURT 3.0 K,901673832,1,901673832-1,Netherlands,"2,770",,PASS,,,A,Asc 04-1,18A,623100210,125,MRS.VY,CFA,"Over Cement(2), Needle Hole(1)",,,,,
11,11/4/2025,VL COURT 3.0 K,901673927,1,901673927-1,Netherlands,"2,810",,PASS,,,A,Asc 05-2,28A,619060201,125,MS.HUỲNH,CFA,"Over Cement(5),Dirty Collar Lining(3)",,,,,
11,11/4/2025,TENSAUR SPORT 3.0 CF I,901322245,1,901322245-1,Netherlands,670,,PASS,,,A,Asc 10-1,14A,622030023,80,MRS.VY,CFA,"Dirty Collar Lining(1),Wobbling(1)",,,,,
11,11/4/2025,TENSAUR SPORT 3.0 CF I,901527764,1,901527764-1,Italy,405,,PASS,,,A,Asc 08-1,11A,622021048,50,MS.NGÂN,CFA," Left/Right Component Mismatch(2),Dirty Collar Lining(1)",,,,,
11,11/4/2025,TENSAUR SPORT 3.0 CF I,901283794,1,901283794-1,Netherlands,945,,PASS,,,A,Asc 11-1,10A,622021050,80,MS.HUỲNH,CFA,"Collar Lining Wrinkle(2),Dirty O'S(3)",,,,,
11,11/4/2025,TENSAUR SPORT 3.0 CF I,901283794,1,901283794-1,Netherlands,945,,PASS,,,A,Asc 11-1,10A,622021050,32,MR.BÌNH,LOP,"Wobbling(1),Collar Lining Wrinkle(1)",,,,,
11,11/4/2025,TENSAUR SPORT 3.0 CF I,901306154,1,901306154-1,United Kingdom,496,,PASS,,,A,Asc 08-1,32A,624060384,50,MS.NGÂN,CFA,"Bonding Gap(1),Dirty O'S(3)",,,,,
11,11/4/2025,TENSAUR SPORT 3.0 CF I,901468586,1,901468586-1,Peru,166,,PASS,,,A,Asc 05-1,23A,624110228,32,MS.HUỲNH,CFA,"Collar Lining Wrinkle(1),Bonding Gap(1)",,,,,
11,11/4/2025,TENSAUR SPORT 3.0 CF I,901513378,1,901513378-1,United Kingdom,"1,860",,PASS,,,A,Asc 08-2,41A,625080141,125,MRS.VY,CFA,"Broken Stitching(1),Dirty O'S(1),Wobbling(2)",,,,,
11,11/4/2025,Tensaur Run 3.0 EL I,901263003,1,901263003-1,Italy,"1,020",,PASS,,,A,Asc 06-1,25A,624030105,80,MS.HUỲNH,CFA,"High/Low Heel(2),Poor Attaching(2)",,,,,
11,11/4/2025,Tensaur Run 3.0 EL I,901273199,1,901273199-1,Netherlands,"1,031",,PASS,,,A,Asc 07-2,12A,622021407,80,MRS.VY,CFA,"Dirty  Collar Lining(1),Sole Laying(2)",,,,,
11,11/4/2025,Tensaur Run 3.0 EL I,901289153,1,901289153-1,Netherlands,300,,PASS,,,A,Asc 06-1,25A,624030105,50,MR.THÁI,CFA,"Wobbling(2), Left/Right Component Mismatch(1)",,,,,
11,11/4/2025,Tensaur Run 3.0 EL I,901551415,1,901551415-1,United Kingdom,300,,PASS,,,A,Asc 07-2,12A,622021407,50,MRS.VY,CFA,"Dirty Collar Lining(1),Over Cement(1)",,,,,
11,11/4/2025,TENSAUR COMFORT AC I,901178404,1,901178404-1,Netherlands,687,,PASS,,,A,Asc 06-1,25A,624030105,80,MS.NGÂN,CFA,"Over Cement(2),Poor Attaching(2)",,,,,
11,11/4/2025,GALAXY 7 M,901283989,1,901283989-1,Netherlands,"7,048",,PASS,3200,P1,A,Asc 02-1,19A,621110258,125,MS.HUỲNH,CFA,"Dirty M'S(4),Over Cement(3),Dirty Upper(2)",,,,,
11,11/4/2025,GALAXY 7 W,901467680,1,901467680-1,Netherlands,562,15D,PASS,,,B3,3,15D,622020913,80,MR.THÁI,CFA,"Dirty Shoe Laces(2),Over Cement(1)",,,,,
11,11/4/2025,VL COURT 3.0 K,901378445,1,901378445-1,Netherlands,"1,000",,PASS,,,A,Asc 07-1,20A,623110220,80,MS.NGÂN,CFA,"Wobbling(2),Over Cement(2)",,,,,
11,11/4/2025,VL COURT 3.0 K,901476567,1,901476567-1,Netherlands,645,,PASS,,,A,Asc 07-1,20A,623110220,80,MR.NHỨT,CFA,Dirty O'S(1),,,,,
11,11/4/2025,VL COURT 3.0 K,901518782,1,901518782-1,United Kingdom,300,,PASS,,,A,Asc 07-1,20A,623110220,50,MRS.VY,CFA,Wobbling(2),,,,,
11,11/4/2025,VL COURT 3.0 K,901678147,1,901678147-1,United Kingdom,300,,PASS,,,A,Asc 04-2,40A,625060019,50,MS.NGÂN,CFA,"Over Cement(2),Wobbling(1)",,,,,
11,11/4/2025,LIGHTSHIFT 2.0,4500810341,1,4500810341-1,South Africa,"1,548",,PASS,,,A,Asc 01-2,4A,624060316,125,MR.NHỨT,CFA,"Wrinkle(2),Dirty M'S(1)",,,,,
11,11/4/2025,VL COURT 3.0 K,901484065,1,901484065-1,USA,"1,064",,PASS,,,A,Asc 03-2,8A,624020086,80,MRS.VY,CFA,"Dirty Upper(1),Wobbling(2)",,,,,
11,11/4/2025,VL COURT 3.0 K,901487765,1,901487765-1,USA,999,,PASS,,,A,Asc 02-2,7A,625020551,80,MRS.VY,CFA,"Over Cement(1),Wobbling(2)",,,,,
11,11/4/2025,VL COURT 3.0 K,901499817,1,901499817-1,United Kingdom,300,,PASS,,,A,Asc 03-2,8A,624020086,50,MRS.VY,CFA,Dirty O'S(1),,,,,
11,11/4/2025,ADVANTAGE K,901721456,1,901721456-1,Italy,"4,082",,PASS,3200,P1,B,Asc 05-2,40B,625010030,125,MRS.VY,CFA,"Needle Hole(1),Dirty Collar Lining(1),Wrinkle(2)",,,,,
11,11/4/2025,Tensaur Sport 2.0 K,901774432,1,901774432-1,Brazil,249,,PASS,,,B,Asc 02-1,R2B,621060393,32,MRS.VY,CFA,"Dirty Collar Lining(1),Dirty Upper(1)",,,,,
11,11/4/2025,TENSAUR SPORT 3.0  CF K,901666418,1,901666418-1,Peru,310,,PASS,,,B,Asc 06-1,45B,625080289,50,MS.NGÂN,CFA,"Wobbling(2),Dirty O'S(2)",,,,,
11,11/4/2025,TENSAUR SPORT 3.0  CF K,901473103,1,901473103-1,Netherlands,"6,960",,PASS,3200,P2,B,Asc 06-1,45B,625080289,125,MS.HUỲNH,CFA,"Dirty Collar Lining(4),Thread Ends(3),Over Cement(3)",,,,,
11,11/4/2025,TENSAUR SPORT 3.0  CF K,901474325,1,901474325-1,Netherlands,"6,960",,PASS,3200,P1,B,Asc 04-2,18B,620030032,32,MR.BÌNH,LOP,"Wobbling(4),Thread Ends(3)",,,,,
11,11/4/2025,TENSAUR SPORT 3.0  CF K,901665349,1,901665349-1,Argentina,"1,091",,PASS,,,B,Asc 06-2,26B,623090198,80,MR.THÁI,CFA,Dirty O'S(2),,,,,
11,11/4/2025,GALAXY 7 M,901509420,1,901509420-1,Netherlands,810,,PASS,,,C,Asc 11-1,11,623120136,80,MR.NHỨT,CFA,Wrinkle(2),,,,,
11,11/4/2025,GALAXY 7 M,901512204,1,901512204-1,Netherlands,820,,PASS,,,C,Asc 09-2,3D,622080106,80,MR.THÁI,CFA,"Wrinkle(2),Over Cement(2),Dirty Upper(1)",,,,,
11,11/4/2025,GALAXY 7 M,901533668,1,901533668-1,Netherlands,591,,PASS,,,C,Asc 08-2,25D,622070156,80,MS.HUỲNH,CFA,"Wrinkle(2),Dirty Upper(1),Over Cement(3)",,,,,
11,11/4/2025,GALAXY 7 M,901534567,1,901534567-1,Netherlands,849,,PASS,,,C,Asc 11-1,11,623120136,80,MS.NGÂN,CFA,"Wobbling(2),Over Primer O'S(2),Over Cement(2)",,,,,
11,11/4/2025,GALAXY 7 M,901536810,1,901536810-1,United Kingdom,502,,PASS,,,C,Asc 05-2,10D,624040283,80,MR.NHỨT,CFA,"Dirty Collar Lining(1),Wrinkle(1)",,,,,
11,11/4/2025,GALAXY 7 M,901537715,1,901537715-1,United Kingdom,"1,422",,PASS,,,C,Asc 09-2,3D,622080106,125,MRS.VY,CFA,"Wrinkle(1),Dirty Collar Lining(1),Over Cement(1)",,,,,
11,11/4/2025,GALAXY 7 M,901278819,1,901278819-1,United Kingdom,386,,PASS,,,C,Asc 08-1,R1D,621110013,50,MR.THÁI,CFA,"Collar Lining Wrinkle(2),Wrinkle(2)",,,,,
11,11/4/2025,GALAXY 7 M,901281469,1,901281469-1,Netherlands,560,,PASS,,,C,Asc 11-2,28D,625080255,80,MS.HUỲNH,CFA,"Collar Lining Wrinkle(2),Dirty Upper(2)",,,,,
11,11/4/2025,GALAXY 7 M,901282152,1,901282152-1,Netherlands,300,,PASS,,,C,Asc 08-2,8D,624080430,50,MR.NHỨT,CFA,"Dirty Collar Lining(1),Dirty M'S(1)",,,,,
11,11/4/2025,GALAXY 7 W,901272471,1,901272471-1,Netherlands,"1,013",,PASS,,,C,Asc 03-2,20D,624080083,80,MS.HUỲNH,CFA,"Collar Lining Wrinkle(2),Over Cement(3),Over Primer O'S(2)",,,,,
11,11/4/2025,GALAXY 7 W,901478519,1,901478519-1,Philippines,407,,PASS,,,C,Asc 08-1,16,621070084,50,MR.THÁI,CFA,Over Primer O'S(2),,,,,
11,11/4/2025,GALAXY 7 W,901283648,1,901283648-1,Netherlands,"4,470",,PASS,3200,P1,C,Asc 06-1,7D,621110412,125,MR.THÁI,CFA,"Wrinkle(2),Dirty Collar Lining(2),Dirty O'S(2)",,,,,
11,11/4/2025,GRAND COURT 2.0,901667534,1,901667534-1,Thailand,142,,PASS,,,C,Asc 03-1,8C,624070252,20,MS.NGÂN,CFA,Over Cement(1),,,,,
11,11/4/2025,TENSAUR SPORT 3.0  CF K,901308550,1,901308550-1,Netherlands,"4,677",,PASS,1477,PC,C,Asc 02-1,11D,624080127,125,MR.THÁI,CFA,"Over Primer O'S(3),Poor Attaching(2),Over Cement(3)",,,,,
11,11/4/2025,TENSAUR SPORT 3.0 K,901665563,1,901665563-1,Argentina,"4,500",,PASS,3200,P1,C,Asc 01-2,1D,622050542,32,MR.BÌNH,LOP,"Wobbling(3),Thread Ends(2),Collar Lining Wrinkle(4)",,,,,
11,11/4/2025,TENSAUR SPORT 3.0 K,901713859,1,901713859-1,Monaco,300,,PASS,,,C,Asc 02-1,11D,624080127,50,MRS.LY,MANAGER,No issue,,CFA(HUỲNH)AQL->TOP MANAGER(MRS.LY),,,
11,11/4/2025,ADVANTAGE 2.0,901482577,1,901482577-1,Italy,325,,PASS,,,D,Asc 08-1,1C,623090139,50,MRS.LY,MANAGER,No issue,,CFA(HUỲNH)AQL->TOP MANAGER(MRS.LY),,,
11,11/4/2025,VS PACE 2.0,901520279,1,901520279-1,Netherlands,743,,PASS,,,D,Asc 09-2,14C,624020152,80,MS.HUỲNH,CFA,"Thread Ends(2),Dirty Collar Lining(2),Dirty Upper(2)",,,,,
11,11/4/2025,VL COURT 3.0 K,901464687,1,901464687-1,USA,600,,PASS,,,D,Asc 04-2,R6D,619080327,80,MRS.VY,CFA,"Dirty Shoe Laces(1),Wrinkle(1)",,,,,
11,11/4/2025,VL COURT 3.0 K,901464791,1,901464791-1,USA,300,,PASS,,,D,Asc 05-1,18D,625030163,50,MS.NGÂN,CFA,"Wrinkle(2),Dirty O'S(2)",,,,,
11,11/4/2025,GRAND COURT 3.0,901787745,1,901787745-1,Utd.Arab Emir.,"48,686",,PASS,3200,P1,D,Asc 04-1,33C,625030360,125,MS.NGÂN,CFA,"Dirty O'S(2),Bonding Gap(2),Over Cement(2)",,,,,
11,11/4/2025,GRAND COURT 3.0,901162637,1,901162637-1,Utd.Arab Emir.,"1,029",,PASS,,,D,Asc 01-1,29C,624110274,80,MR.NHỨT,CFA,"Dirty O'S(2),Dirty Upper(1)",,,,,
11,11/4/2025,GRAND COURT 3.0,901525676,1,901525676-1,Netherlands,971,,PASS,,,D,Asc 03-1,6C,622070194,80,MRS.VY,CFA,"Dirty Upper(2),Material Damaged(1),Wrinkle(2)",,,,,
11,11/4/2025,URBAN COURT,901340069,1,901340069-1,Netherlands,321,,PASS,,,D,Asc 09-1,32C,625030234,50,MR.NHỨT,CFA,"Bonding Gap(2),Wobbling(1)",,,,,
11,11/4/2025,URBAN COURT,901551431,1,901551431-1,United Kingdom,450,,PASS,,,D,Asc 09-1,32C,625030234,50,MS.HUỲNH,CFA,"Bonding Gap(2),Wobbling(1)",,,,,
11,11/4/2025,URBAN COURT,901551435,1,901551435-1,Netherlands,668,,PASS,,,D,Asc 10-1,36C,625050250,80,MS.HUỲNH,CFA,"Wrinkle(1),Dirty Collar Lining(1)",,,,,
11,11/4/2025,VS PACE 2.0,901184731,1,901184731-1,United Kingdom,333,,PASS,,,D,Asc 11-1,4C,624020153,50,MR.THÁI,CFA,Bonding Gap(2),,,,,
11,11/4/2025,VS PACE 2.0,901515578,1,901515578-1,Netherlands,"1,293",,PASS,,,D,Asc 03-2,34C,625020591,125,MRS.VY,CFA,"Over Cement(2),Dirty O'S(1)",,,,,
11,11/4/2025,VS PACE 2.0,901517060,1,901517060-1,Netherlands,360,,PASS,,,D,Asc 09-1,32C,625030234,50,MRS.VY,CFA,"Over  Cement(1),Poor Attaching(1)",,,,,
11,11/4/2025,VS PACE 2.0,901525485,1,901525485-1,Netherlands,"1,389",,PASS,,,D,Asc 11-1,R9C,621030557,125,MS.NGÂN,CFA,"Dirty Upper(3),Bonding Gap(4)",,,,,
11,11/4/2025,VS PACE 2.0,901670020,1,901670020-1,Italy,450,,PASS,,,D,Asc 03-2,34C,625020591,50,MR.NHỨT,CFA,"Over Cement(1),Dirty O'S(1)",,,,,
11,11/4/2025,GALAXY 7 M,901283989,1,901283989-1,Netherlands,"7,048",,FAIL,3200,P1,A,Asc 01-1,31A,624060331,32,MR.BÌNH,LOP,"Dirty M'S(3),Wrinkle(2)",OFFICIAL,,,,
11,11/4/2025,GALAXY 7 M,901503987,1,901503987-1,United Kingdom,300,,FAIL,,,C,Asc 10-2,19D,625080253,50,MR.THÁI,CFA,Bonding Gap(10),OFFICIAL,,,,
11,11/5/2025,VL COURT 3.0 K,901272402,1,901272402-1,Netherlands,362,,PASS,,,A,Asc 06-2,17A,624030271,50,MS.HUỲNH,CFA,Wobbling(2),,,,,
11,11/5/2025,VL COURT 3.0 K,901276565,1,901276565-1,Netherlands,640,,PASS,,,A,Asc 04-2,40A,625060019,80,MRS.VY,CFA,"Over Cement(1),Thread Ends(1),Dirty Collar Lining(1)",,,,,
11,11/5/2025,VL COURT 3.0 K,901276630,1,901276630-1,Netherlands,800,,PASS,,,A,Asc 03-1,R4A,620080362,80,MS.NGÂN,CFA,"Over Cement(2),Wobbling(2)",,,,,
11,11/5/2025,VL COURT 3.0 K,901479679,1,901479679-1,Netherlands,400,,PASS,,,A,Asc 05-2,28A,619060201,50,MS.HUỲNH,CFA,"Dirty O'S(2),Poor Stitching(1)",,,,,
11,11/5/2025,VL COURT 3.0 K,901495015,1,901495015-1,Italy,600,,PASS,,,A,Asc 04-1,18A,623100210,80,MRS.VY,CFA,"Over Cement(1),Wobbling(1)",,,,,
11,11/5/2025,VL COURT 3.0 K,901498534,1,901498534-1,United Kingdom,300,,PASS,,,A,Asc 06-2,17A,624030271,50,MR.THÁI,CFA,"Off Center Heel(1),Over Cement(2),Dirty Shoe Laces(1)",,,,,
11,11/5/2025,TENSAUR SPORT 3.0 CF I,901323578,1,901323578-1,United Kingdom,313,,PASS,,,A,Asc 10-1,14A,622030023,50,MRS.VY,CFA,Over Primer O'S(1),,,,,
11,11/5/2025,TENSAUR SPORT 3.0 CF I,901283574,1,901283574-1,United Kingdom,301,,PASS,,,A,Asc 08-1,41A,625080141,50,MR.THÁI,CFA,Over Cement(2),,,,,
11,11/5/2025,TENSAUR SPORT 3.0 CF I,901285269,1,901285269-1,Netherlands,394,,PASS,,,A,Asc 05-1,23A,624110228,50,MS.HUỲNH,CFA,"Dirty Upper(2),Dirty O'S(1)",,,,,
11,11/5/2025,TENSAUR SPORT 3.0 CF I,901289538,1,901289538-1,Netherlands,757,,PASS,,,A,Asc 11-1,10A,622021050,80,MR.NHỨT,CFA,Over Primer O'S(2),,,,,
11,11/5/2025,TENSAUR SPORT 3.0 CF I,901312166,1,901312166-1,Netherlands,954,,PASS,,,A,Asc 11-1,9A,622080458,80,MR.THÁI,CFA,"Wobbling(2),Dirty Upper(2),Dirty O'S(2)",,,,,
11,11/5/2025,TENSAUR SPORT 3.0 CF I,901513452,1,901513452-1,United Kingdom,520,,PASS,,,A,Asc 08-1,41A,625080141,80,MRS.VY,CFA,"Bonding Gap(1),Poor Attaching(1)",,,,,
11,11/5/2025,TENSAUR SPORT 3.0 CF I,901524826,1,901524826-1,United Kingdom,340,,PASS,,,A,Asc 05-1,23A,624110228,50,MR.THÁI,CFA,Left/Right Component Mismatch(2),,,,,
11,11/5/2025,TENSAUR SPORT 3.0 CF I,901676625,1,901676625-1,Netherlands,373,,PASS,,,A,Asc 11-1,10A,622021050,50,MR.NHỨT,CFA,"Dirty Collar Lining(1),Dirty O'S(1)",,,,,
11,11/5/2025,Tensaur Run 3.0 EL I,901267387,1,901267387-1,Brazil,190,,PASS,,,A,Asc 06-1,25A,624030105,32,MR.THÁI,CFA,Left/Right Component Mismatch(1),,,,,
11,11/5/2025,Tensaur Run 3.0 EL I,901267488,1,901267488-1,Brazil,156,,PASS,,,A,Asc 07-2,12A,622021407,32,MR.THÁI,CFA,Dirty Collar Lining(1),,,,,
11,11/5/2025,TENSAUR COMFORT AC I,901279975,1,901279975-1,Netherlands,"1,129",,PASS,,,A,Asc 06-1,25A,624030105,80,MR.THÁI,CFA,"Thread Ends(3),Over Cement(2)",,,,,
11,11/5/2025,VL COURT 3.0 K,901294213,1,901294213-1,Netherlands,343,,PASS,,,A,Asc 04-1,18A,623100210,50,MR.THÁI,CFA,"Wobbling(2),Over Cement(1)",,,,,
11,11/5/2025,VL COURT 3.0 K,901500121,1,901500121-1,Italy,"1,180",,PASS,,,A,Asc 03-2,8A,624020086,80,MS.HUỲNH,CFA,"Over Cement(2),Dirty Upper(1)",,,,,
11,11/5/2025,Tensaur Sport 2.0 CF K,901376693,1,901376693-1,Utd.Arab Emir.,"1,152",,PASS,,,B,Asc 02-1,R2B,621060393,80,MRS.VY,CFA,"Wobbling(1),Dirty O'S(1),Dirty Upper(1)",,,,,
11,11/5/2025,TENSAUR SPORT 3.0 K,901379486,1,901379486-1,Spain,379,,PASS,,,B,Asc 05-2,40B,625010030,50,MR.THÁI,CFA,"Wobbling(2),Dirty O'S(1)",,,,,
11,11/5/2025,TENSAUR SPORT 3.0 K,901402989,1,901402989-1,Italy,735,,PASS,,,B,Asc 01-2,42B,625030063,80,MS.HUỲNH,CFA,"Bonding Gap(2),Poor Attaching(2)",,,,,
11,11/5/2025,TENSAUR SPORT 3.0 K,4500812395,1,4500812395-1,South Africa,100,,PASS,,,B,Asc 01-2,42B,625030063,20,MRS.VY,CFA,Collar Lining Wrinkle(1),,,,,
11,11/5/2025,Tensaur Sport 2.0 K,901774473,1,901774473-1,Chile,244,,PASS,,,B,Asc 02-1,R2B,621060393,32,MS.HUỲNH,CFA,"Poor O'S Quality(1),Over Primer O'S(1)",,,,,
11,11/5/2025,TENSAUR SPORT 3.0  CF K,901725854,1,901725854-1,Netherlands,491,,PASS,,,B,Asc 01-1,38A,622020703,50,MS.NGÂN,CFA,Collar Lining Wrinkle(2),,,,,
11,11/5/2025,TENSAUR SPORT 3.0  CF K,901728989,1,901728989-1,Netherlands,302,,PASS,,,B,Asc 01-1,38A,622020703,50,MRS.VY,CFA,"Bonding Gap(2),Dirty O'S(1)",,,,,
11,11/5/2025,TENSAUR SPORT 3.0  CF K,901474325,1,901474325-1,Netherlands,"6,960",,PASS,3200,P2,B,Asc 06-2,26B,623090198,125,MRS.VY,CFA,"Wrinkle(2),Dirty Collar Lining(1),Dirty O'S(1)",,,,,
11,11/5/2025,GALAXY 7 M,901174314,1,901174314-1,Netherlands,300,,PASS,,,C,Asc 07-2,29D,624040410,50,MR.THÁI,CFA,"Over Cement(1),Wrinkle(1),Dirty O'S(1)",,,,,
11,11/5/2025,GALAXY 7 M,901175739,1,901175739-1,Netherlands,300,,PASS,,,C,Asc 07-2,29D,624040410,50,MR.THÁI,CFA,"Wrinkle(1),Wobbling(1)",,,,,
11,11/5/2025,GALAXY 7 M,901178444,1,901178444-1,Netherlands,300,,PASS,,,C,Asc 10-1,13D,624100308,50,MS.HUỲNH,CFA,Dirty O'S(2),,,,,
11,11/5/2025,GALAXY 7 M,901277503,1,901277503-1,Netherlands,"1,164",,PASS,,,C,Asc 11-2,28D,625080255,80,MRS.VY,CFA,"Wrinkle(1),Over Cement(1),Over Primer O'S(1)",,,,,
11,11/5/2025,GALAXY 7 M,901505447,1,901505447-1,Netherlands,"10,572",,PASS,3200,P3,C,Asc 09-1,22D,623090063,125,MR.NHỨT,CFA,"Wrinkle(3),Wobbling(2)",,,,,
11,11/5/2025,GALAXY 7 M,901505447,1,901505447-1,Netherlands,"10,572",,PASS,972,PC,C,Asc 08-2,8D,624080430,80,MRS.VY,CFA,"Wrinkle(1),Dirty O'S(1)",,,,,
11,11/5/2025,GALAXY 7 M,901525446,1,901525446-1,Thailand,"1,237",,PASS,,,C,Asc 10-1,13D,624100308,125,MS.HUỲNH,CFA,"Wrinkle(2),Off Center(2),Collar Lining Wrinkle(2)",,,,,
11,11/5/2025,GALAXY 7 M,901525978,1,901525978-1,Philippines,613,,PASS,,,C,Asc 09-2,5D,625100040,80,MS.NGÂN,CFA,"Wrinkle(1),Dirty Upper(1)",,,,,
11,11/5/2025,GALAXY 7 M,901223737,1,901223737-1,Netherlands,300,,PASS,,,C,Asc 09-2,25D,622070156,50,MR.THÁI,CFA,Dirty M'S(1),,,,,
11,11/5/2025,GALAXY 7 M,901497540,1,901497540-1,Italy,800,,PASS,,,C,Asc 11-1,11,623120136,80,MR.THÁI,CFA,"Wrinkle(1),Collar Lining Wrinkle(2),Over Cement(1),Dirty M'S(1)",,,,,
11,11/5/2025,GALAXY 7 M,901503987,1,901503987-1,United Kingdom,300,15D,PASS,,,B3,3,15D,622020913,50,MR.NHỨT,CFA,"Over Cement(1),Dirty M'S(1)",,,,,
11,11/5/2025,GALAXY 7 M,901527971,1,901527971-1,United Kingdom,366,,PASS,,,C,Asc 09-1,22D,623090063,50,MR.THÁI,CFA,Over Cement(2),,,,,
11,11/5/2025,GALAXY 7 M,901666572,1,901666572-1,United Kingdom,300,,PASS,,,C,Asc 08-1,R1D,621110013,50,MS.NGÂN,CFA,Wrinkle(2),,,,,
11,11/5/2025,GALAXY 7 W,901276113,1,901276113-1,Netherlands,"8,980",,PASS,3200,P1,C,Asc 03-2,20D,624080083,125,MS.HUỲNH,CFA,"Collar Lining Wrinkle(2),Over Cement(2),Dirty Upper(2)",,,,,
11,11/5/2025,GALAXY 7 W,901289701,1,901289701-1,Netherlands,523,,PASS,,,C,Asc 06-1,21D,623030007,80,MR.THÁI,CFA,"Wrinkle(2),Wobbling(2)",,,,,
11,11/5/2025,GALAXY 7 W,901465946,1,901465946-1,Netherlands,374,,PASS,,,C,Asc 08-1,16,621070084,50,MS.HUỲNH,CFA,Wobbling(2),,,,,
11,11/5/2025,GALAXY 7 W,901467912,1,901467912-1,United Kingdom,390,,PASS,,,C,Asc 04-2,27D,623090194,50,MS.NGÂN,CFA,"Wrinkle(2),Over Cement(2)",,,,,
11,11/5/2025,GALAXY 7 W,901488558,1,901488558-1,Malaysia,112,,PASS,,,C,Asc 07-1,16,621070084,20,MR.THÁI,CFA,Collar Lining Wrinkle(1),,,,,
11,11/5/2025,GALAXY 7 W,901553277,1,901553277-1,United Kingdom,340,,PASS,,,C,Asc 09-1,22D,623090063,50,MS.NGÂN,CFA,"Over Cement(1),Wrinkle(1)",,,,,
11,11/5/2025,GALAXY 7 W,901566372,1,901566372-1,Indonesia,231,,PASS,,,C,Asc 04-1,33D,624070020,32,MRS.VY,CFA,Dirty O'S(1),,,,,
11,11/5/2025,GALAXY 7 W,901668459,1,901668459-1,Netherlands,"1,602",,PASS,,,C,Asc 03-2,20D,624080083,125,MR.THÁI,CFA,"Wobbling(2),Collar Lining Wrinkle(2),Over Primer O'S(2)",,,,,
11,11/5/2025,GALAXY 7 W,901721326,1,901721326-1,Canada,"1,005",,PASS,,,C,Asc 04-1,33D,624070020,80,MRS.VY,CFA,"Dirty O'S(1),Over Cement(1)",,,,,
11,11/5/2025,GALAXY 7 W,901289903,1,901289903-1,Netherlands,995,,PASS,,,C,Asc 06-1,7D,621110412,80,MS.HUỲNH,CFA,"Collar Lining Wrinkle(2),Wrinkle(1),Dirty Upper(1)",,,,,
11,11/5/2025,GALAXY 7 W,901675464,1,901675464-1,Netherlands,505,,PASS,,,C,Asc 05-1,38D,625020419,80,MS.HUỲNH,CFA,"Dirty O'S(2),Wrinkle(2)",,,,,
11,11/5/2025,GRAND COURT 2.0,901663690,1,901663690-1,Singapore,700,,PASS,,,C,Asc 01-2,7D,621110412,80,MRS.LY,MANAGER,No issue,,CFA(HUỲNH)AQL->TOP MANAGER(MRS.LY),,,
11,11/5/2025,GRAND COURT 2.0,901721551,1,901721551-1,United Kingdom,360,12,PASS,,,B3,2,12,625030164,50,MS.NGÂN,CFA,Bonding Gap(2),,,,,
11,11/5/2025,GRAND COURT 2.0,901789471,1,901789471-1,Indonesia,213,,PASS,,,C,Asc 01-1,1D,622050542,32,MR.THÁI,CFA,Over Cement(2),,,,,
11,11/5/2025,TENSAUR SPORT 3.0 K,901584449,1,901584449-1,Monaco,200,,PASS,,,C,Asc 02-2,17B,621120120,32,MR.NHỨT,CFA,Dirty O'S(1),,,,,
11,11/5/2025,VS PACE 2.0,901492631,1,901492631-1,Italy,"1,360",,PASS,,,C,Asc 03-1,8C,624070252,125,MR.THÁI,CFA,"Dirty Upper(2),Over Cement(2),Dirty O'S(2)",,,,,
11,11/5/2025,VS PACE 2.0,901520595,1,901520595-1,Netherlands,"1,656",,PASS,,,C,Asc 03-1,8C,624070252,125,MRS.LY,MANAGER,No issue,,CFA(HUỲNH)AQL->TOP MANAGER(MRS.LY),,,
11,11/5/2025,ADVANTAGE 2.0,901287062,1,901287062-1,Netherlands,741,,PASS,,,D,Asc 10-2,28C,624100065,80,MR.NHỨT,CFA,Dirty O'S(1),,,,,
11,11/5/2025,ADVANTAGE 2.0,901502601,1,901502601-1,Italy,360,,PASS,,,D,Asc 08-1,1C,623090139,50,MRS.LY,MANAGER,No issue,,CFA(HUỲNH)AQL->TOP MANAGER(MRS.LY),,,
11,11/5/2025,ADVANTAGE 2.0,901528836,1,901528836-1,Netherlands,"1,356",,PASS,,,D,Asc 08-1,4C,624020153,125,MR.THÁI,CFA,Wobbling(3),,,,,
11,11/5/2025,ADVANTAGE 2.0,901530293,1,901530293-1,Netherlands,612,,PASS,,,D,Asc 10-2,28C,624100065,80,MS.NGÂN,CFA,Dirty O'S(2),,,,,
11,11/5/2025,ADVANTAGE 2.0,901558921,1,901558921-1,Italy,430,,PASS,,,D,Asc 10-2,28C,624100065,50,MS.HUỲNH,CFA,Dirty Collar Lining(2),,,,,
11,11/5/2025,VL COURT 3.0 K,901266537,1,901266537-1,Netherlands,449,,PASS,,,D,Asc 06-2,R9C,621030557,50,MS.NGÂN,CFA,"Bonding Gap(1),Over Cement(1)",,,,,
11,11/5/2025,VL COURT 3.0 K,901464903,1,901464903-1,USA,960,,PASS,,,D,Asc 05-1,18D,625030163,80,MS.NGÂN,CFA,"Wobbling(2),Dirty Collar Lining(2)",,,,,
11,11/5/2025,VL COURT 3.0 K,901469258,1,901469258-1,Italy,300,,PASS,,,D,Asc 06-1,2C,623080380,50,MR.THÁI,CFA,"Off Center Heel(1),Over Cement(1),Wobbling(1)",,,,,
11,11/5/2025,VL COURT 3.0 K,901600446,1,901600446-1,Netherlands,720,,PASS,,,D,Asc 05-2,19C,622030777,80,MS.HUỲNH,CFA,"Thread Ends(2),Wrinkle(2),Dirty O'S(2)",,,,,
11,11/5/2025,VL COURT 3.0 K,901673655,1,901673655-1,Netherlands,"3,750",,PASS,3200,P1,D,Asc 07-1,9,621040446,125,MS.HUỲNH,CFA,"Over Cement(3),Wobbling(3)",,,,,
11,11/5/2025,VL COURT 3.0 K,901673655,1,901673655-1,Netherlands,"3,750",,PASS,550,PC,D,Asc 04-2,R5C,620120148,80,MS.HUỲNH,CFA,"Dirty Collar Lining(2),Over Cement(2)",,,,,
11,11/5/2025,GRAND COURT 3.0,901787745,1,901787745-1,Utd.Arab Emir.,"48,686",,PASS,3200,P2,D,Asc 01-2,37C,625080102,125,MR.THÁI,CFA,"Thread Ends(2),Dirty O'S(3),Dirty Upper(2)",,,,,
11,11/5/2025,GRAND COURT 3.0,901178909,1,901178909-1,United Kingdom,370,,PASS,,,D,Asc 03-1,5C,621120400,50,MR.NHỨT,CFA,"Dirty Upper(1),Bonding Gap(1)",,,,,
11,11/5/2025,GRAND COURT 3.0,901480159,1,901480159-1,Mexico,"2,277",,PASS,,,D,Asc 04-1,33C,625030360,125,MS.NGÂN,CFA,Dirty O'S(3),,,,,
11,11/5/2025,GRAND COURT 3.0,901519321,1,901519321-1,United Kingdom,380,15D,PASS,,,B3,3,15D,622020913,50,MS.NGÂN,CFA,"Over Primer O'S(1),Over Cement(1)",,,,,
11,11/5/2025,GRAND COURT 3.0,901530935,1,901530935-1,Netherlands,300,15A,PASS,,,B3,4,15A,624050151,50,MR.NHỨT,CFA,"Over Primer O'S(1),Over Cement(1)",,,,,
11,11/5/2025,GRAND COURT 3.0,901665487,1,901665487-1,Mexico,"1,164",,PASS,,,D,Asc 04-1,33C,625030360,80,MS.HUỲNH,CFA,"Bonding Gap(2),Over Cement(2)",,,,,
11,11/5/2025,VL COURT 3.0 K,901267710,1,901267710-1,Netherlands,"1,056",,PASS,,,D,Asc 07-2,17C,624030608,80,MS.NGÂN,CFA,"Dirty Collar Lining(2),Wrinkle(2)",,,,,
11,11/5/2025,VL COURT 3.0 K,901667382,1,901667382-1,United Kingdom,425,,PASS,,,D,Asc 05-2,19C,622030777,50,MR.THÁI,CFA,Over Cement(2),,,,,
11,11/5/2025,VL COURT 3.0 K,901673992,1,901673992-1,United Kingdom,330,,PASS,,,D,Asc 05-1,18D,625030163,50,MR.THÁI,CFA,"Wobbling(2),Over Cement(1)",,,,,
11,11/5/2025,VL COURT 3.0 K,901674059,1,901674059-1,Netherlands,"3,870",,PASS,3200,P1,D,Asc 06-1,2C,623080380,125,MS.HUỲNH,CFA,"Wrinkle(3),Over Cement(3)",,,,,
11,11/5/2025,VL COURT 3.0 K,901674059,1,901674059-1,Netherlands,"3,870",,PASS,670,PC,D,Asc 06-1,2C,623080380,80,MS.NGÂN,CFA,"Wrinkle(2),Over Cement(2)",,,,,
11,11/5/2025,URBAN COURT,901551421,1,901551421-1,Netherlands,974,,PASS,,,D,Asc 10-1,36C,625050250,80,MRS.VY,CFA,"Bonding Gap(1),Wrinkle(1),Dirty Upper(1)",,,,,
11,11/5/2025,URBAN COURT,901718633,1,901718633-1,Indonesia,160,,PASS,,,D,Asc 10-1,R14D,621030759,32,MS.HUỲNH,CFA,"Dirty O'S(1),Over Primer Upper(1)",,,,,
11,11/5/2025,VS PACE 2.0,901525381,1,901525381-1,Netherlands,"2,047",,PASS,,,D,Asc 11-1,38C,625090293,125,MS.HUỲNH,CFA,"Dirty Upper(2),Dirty Collar Lining(3)",,,,,
11,11/5/2025,GALAXY 7 W,901466018,1,901466018-1,Netherlands,424,,FAIL,,,C,Asc 06-1,21D,623030007,50,MS.HUỲNH,CFA,Bonding Gap(10),OFFICIAL,,,,
11,11/5/2025,GRAND COURT 3.0,901178909,1,901178909-1,United Kingdom,370,,FAIL,,,D,Asc 03-1,5C,621120400,32,MR.BÌNH,LOP,"Dirty O’S(4),Off Center(4),Dirty Collar Lining(1),High/Low Heel(3)",OFFICIAL,,,,not update pivot88
11,11/6/2025,VL COURT 3.0 K,901268027,1,901268027-1,Netherlands,"1,064",,PASS,,,A,Asc 05-2,28A,619060201,80,MR.THÁI,CFA,"High/Low Heel(1),Wobbling(2),Dirty O'S(1)",,,,,
11,11/6/2025,VL COURT 3.0 K,901287858,1,901287858-1,Netherlands,772,,PASS,,,A,Asc 07-1,20A,623110220,80,MR.THÁI,CFA,"Bonding Gap(2),Wobbling(2)",,,,,
11,11/6/2025,VL COURT 3.0 K,901295416,1,901295416-1,Netherlands,"1,997",,PASS,,,A,Asc 05-2,28A,619060201,125,MRS.VY,CFA,"Over Primer O'S(1),Dirty Collar Lining(1),Over Cement(1)",,,,,
11,11/6/2025,VL COURT 3.0 K,901479809,1,901479809-1,Netherlands,"2,335",,PASS,,,A,Asc 07-1,20A,623110220,125,MRS.VY,CFA,"Dirty O'S(1),Over Cement(2),Wobbling(2)",,,,,
11,11/6/2025,VL COURT 3.0 K,901489162,1,901489162-1,USA,"1,624",,PASS,,,A,Asc 03-1,R4A,620080362,125,MR.NHỨT,CFA,Wobbling(3),,,,,
11,11/6/2025,VL COURT 3.0 K,901502080,1,901502080-1,Netherlands,"1,036",,PASS,,,A,Asc 03-1,R4A,620080362,80,MS.HUỲNH,CFA,"Wobbling(1),Dirty O'S(1),Crooked Heel Tab(2)",,,,,
11,11/6/2025,ASPYRE,901255882,1,901255882-1,Italy,455,15A,PASS,,,B3,4,15A,624050151,50,MR.NHỨT,CFA,"Dirty O'S(1),Over Cement(1)",,,,,
11,11/6/2025,GRAND COURT 3.0,901787747,1,901787747-1,Utd.Arab Emir.,"30,351",,PASS,3200,P2,A,Asc 09-2,2A,621110407,125,MRS.VY,CFA,"Dirty Upper(1),Dirty O'S(1),Bonding Gap(2)",,,,,
11,11/6/2025,GRAND COURT 3.0,901787747,1,901787747-1,Utd.Arab Emir.,"30,351",,PASS,3200,P1,A,Asc 08-2,11A,622021048,125,MR.NHỨT,CFA,"Dirty O'S(2),Over Cement(1),Bonding Gap(2)",,,,,
11,11/6/2025,TENSAUR SPORT 3.0 CF I,901583919,1,901583919-1,Netherlands,360,,PASS,,,A,Asc 10-1,14A,622030023,50,MR.NHỨT,CFA,Over Primer Upper(1),,,,,
11,11/6/2025,TENSAUR SPORT 3.0 CF I,901284622,1,901284622-1,Netherlands,832,,PASS,,,A,Asc 05-1,23A,624110228,80,MR.THÁI,CFA,"Wobbling(2),Dirty O'S(2)",,,,,
11,11/6/2025,TENSAUR SPORT 3.0 CF I,901289459,1,901289459-1,Netherlands,723,,PASS,,,A,Asc 10-1,14A,622030023,80,MRS.VY,CFA,"Over Cement(1),Dirty O'S(1)",,,,,
11,11/6/2025,TENSAUR SPORT 3.0 CF I,901294997,1,901294997-1,United Kingdom,309,,PASS,,,A,Asc 11-1,9A,622080458,50,MS.NGÂN,CFA,Dirty Upper(2),,,,,
11,11/6/2025,TENSAUR SPORT 3.0 CF I,901390243,1,901390243-1,Netherlands,639,,PASS,,,A,Asc 10-1,14A,622030023,80,MS.NGÂN,CFA,Over Primer O'S(2),,,,,
11,11/6/2025,Tensaur Run 3.0 EL I,901267952,1,901267952-1,United Kingdom,395,,PASS,,,A,Asc 07-2,12A,622021407,50,MRS.LY,MANAGER,No issue,,CFA(THÁI)AQL->TOP MANAGER(MRS.LY),,,
11,11/6/2025,Tensaur Run 3.0 EL I,901279143,1,901279143-1,Netherlands,"1,444",,PASS,,,A,Asc 07-2,12A,622021407,125,MRS.VY,CFA,"Dirty Upper(1),Dirty Collar Lining(1)",,,,,
11,11/6/2025,GALAXY 7 M,901278638,1,901278638-1,Netherlands,"2,274",,PASS,,,A,Asc 01-1,31A,624060331,125,MRS.VY,CFA,"Wrinkle(1),Dirty M'S(1)",,,,,
11,11/6/2025,GALAXY 7 M,901283989,1,901283989-1,Netherlands,"7,048",15D,PASS,3200,P1,B3,3,15D,622020913,125,MS.HUỲNH,CFA,"Dirty O'S(2),Over Cement(3)",,,,,
11,11/6/2025,GALAXY 7 M,901283989,1,901283989-1,Netherlands,"7,048",10A,PASS,3200,P1,B3,6,10A,622021050,32,MR.BÌNH,LOP,Dirty M'S(1),,,,,
11,11/6/2025,GALAXY 7 M,901283989,1,901283989-1,Netherlands,"7,048",15A,PASS,3200,P2,B3,4,15A,624050151,125,MS.HUỲNH,CFA,"Wrinkle(2),Over Cement(2),Dirty Upper(2)",,,,,
11,11/6/2025,GALAXY 7 M,901283989,1,901283989-1,Netherlands,"7,048",12,PASS,648,PC,B3,2,12,625030164,80,MS.HUỲNH,CFA,"Dirty Upper(1),Dirty M'S(2),Over Cement(1)",,,,,
11,11/6/2025,VL COURT 3.0 K,901522466,1,901522466-1,Netherlands,693,,PASS,,,A,Asc 04-2,40A,625060019,80,MRS.VY,CFA,"Wobbling(1),Over Cement(1)",,,,,
11,11/6/2025,VL COURT 3.0 K,901502398,1,901502398-1,Netherlands,"2,000",,PASS,,,A,Asc 03-2,8A,624020086,125,MS.NGÂN,CFA,"Wobbling(2),Dirty Upper(2),Over Cement(2)",,,,,
11,11/6/2025,VL COURT 3.0 K,901519013,1,901519013-1,Netherlands,"1,642",,PASS,,,A,Asc 02-2,7A,625020551,125,MRS.VY,CFA,Wobbling(2),,,,,
11,11/6/2025,ADVANTAGE K,901773783,1,901773783-1,United Kingdom,600,,PASS,,,B,Asc 04-1,9B,621030996,80,MRS.LY,MANAGER,No issue,,CFA(NGÂN)AQL->TOP MANAGER(MRS.LY),,,
11,11/6/2025,TENSAUR SPORT 3.0 K,901286483,1,901286483-1,Netherlands,334,,PASS,,,B,Asc 01-1,38A,622020703,50,MR.THÁI,CFA,Thread Ends(2),,,,,
11,11/6/2025,TENSAUR SPORT 3.0 K,901665888,1,901665888-1,Paraguay,236,12,PASS,,,B3,0,12,625030164,32,MR.NHỨT,CFA,Bonding Gap(1),,,,,
11,11/6/2025,TENSAUR SPORT 3.0 K,901666326,1,901666326-1,Peru,162,,PASS,,,B,Asc 01-1,27A,621030280,32,MS.HUỲNH,CFA,Thread Ends(1),,,,,
11,11/6/2025,TENSAUR SPORT 3.0 K,901666494,1,901666494-1,Peru,470,,PASS,,,B,Asc 02-1,R2B,621060393,50,MR.THÁI,CFA,"Wobbling(1),Dirty O'S(1),Dirty Upper(1)",,,,,
11,11/6/2025,Tensaur Sport 2.0 K,901774510,1,901774510-1,Mexico,891,,PASS,,,B,Asc 02-1,R2B,621060393,80,MR.NHỨT,CFA,"Over Cement(1),Dirty Upper(1)",,,,,
11,11/6/2025,TENSAUR SPORT 3.0  CF K,901473103,1,901473103-1,Netherlands,"6,960",,PASS,560,PC,B,Asc 03-1,21B,622020056,80,MS.HUỲNH,CFA,"Thread Ends(3),Poor Shape(2),Dirty O'S(2)",,,,,
11,11/6/2025,TENSAUR SPORT 3.0  CF K,901474325,1,901474325-1,Netherlands,"6,960",,PASS,560,PC,B,Asc 01-2,27A,621030280,80,MR.NHỨT,CFA,"Dirty Collar Lining(1),Dirty Upper(1)",,,,,
11,11/6/2025,TENSAUR SPORT 3.0  CF K,901474424,1,901474424-1,Netherlands,"6,960",,PASS,3200,P2,B,Asc 03-2,84L,622030320,125,MR.THÁI,CFA,"Bonding Gap(2),Wobbling(3)",,,,,
11,11/6/2025,TENSAUR SPORT 3.0  CF K,901474424,1,901474424-1,Netherlands,"6,960",,PASS,3200,P1,B,Asc 04-1,9B,621030996,125,MR.NHỨT,CFA,"Wrinkle(2),Dirty Collar Lining(1),Dirty Upper(1)",,,,,
11,11/6/2025,TENSAUR SPORT 3.0  CF K,901474581,1,901474581-1,Netherlands,"6,960",,PASS,3200,P1,B,Asc 06-1,33B,624050450,125,MS.NGÂN,CFA,"Bonding Gap(2),Dirty O'S(2),Thread Ends(2)",,,,,
11,11/6/2025,TENSAUR SPORT 3.0  CF K,901675255,1,901675255-1,Malaysia,800,,PASS,,,B,Asc 02-1,R2B,621060393,80,MS.HUỲNH,CFA,"Wobbling(2),Over Primer O'S(2),Over Cement(2)",,,,,
11,11/6/2025,GALAXY 7 M,901301071,1,901301071-1,Netherlands,971,,PASS,,,C,Asc 07-1,24D,623090032,80,MS.HUỲNH,CFA,"High/Low Heel(2),Dirty Upper(2)",,,,,
11,11/6/2025,GALAXY 7 M,901534234,1,901534234-1,Netherlands,"4,210",,PASS,3200,P1,C,Asc 11-2,28D,625080255,125,MS.NGÂN,CFA,"Wrinkle(2),Wobbling(2),Over Cement(2)",,,,,
11,11/6/2025,GALAXY 7 M,901534234,1,901534234-1,Netherlands,"4,210",,PASS,1010,PC,C,Asc 11-2,28D,625080255,80,MS.NGÂN,CFA,"Dirty Collar Lining(2),Over Cement(2),Wrinkle(2)",,,,,
11,11/6/2025,GALAXY 7 M,901279767,1,901279767-1,Netherlands,"7,048",,PASS,3200,P1,C,Asc 08-2,8D,624080430,125,MS.NGÂN,CFA,"Collar Lining Wrinkle (2),Poor Attaching(2),Over Cement(2)",,,,,
11,11/6/2025,GALAXY 7 M,901279767,1,901279767-1,Netherlands,"7,048",,PASS,3200,P2,C,Asc 07-2,29D,624040410,125,MR.NHỨT,CFA,"Dirty M'S(1),Bonding Gap(1),Wrinkle(2)",,,,,
11,11/6/2025,GALAXY 7 M,901279767,1,901279767-1,Netherlands,"7,048",,PASS,648,PC,C,Asc 10-1,13D,624100308,80,MR.NHỨT,CFA,"Bonding Gap(1),Dirty O'S(1)",,,,,
11,11/6/2025,GALAXY 7 M,901284880,1,901284880-1,Netherlands,307,,PASS,,,C,Asc 10-1,13D,624100308,50,MR.THÁI,CFA,Collar Lining Wrinkle(2),,,,,
11,11/6/2025,GALAXY 7 M,901300732,1,901300732-1,Netherlands,537,,PASS,,,C,Asc 11-1,11,623120136,80,MR.THÁI,CFA,"Over Cement(2),Dirty M'S(1)",,,,,
11,11/6/2025,GALAXY 7 M,901306439,1,901306439-1,Netherlands,837,,PASS,,,C,Asc 11-2,28D,625080255,80,MR.THÁI,CFA,"Dirty Upper(2),Dirty O'S(1),Over Cement(1)",,,,,
11,11/6/2025,GALAXY 7 M,901371742,1,901371742-1,Italy,880,,PASS,,,C,Asc 10-1,13D,624100308,80,MR.THÁI,CFA,"Over Cement(2),Dirty Collar Lining(3)",,,,,
11,11/6/2025,GALAXY 7 M,901373174,1,901373174-1,Italy,400,,PASS,,,C,Asc 10-1,13D,624100308,50,MS.HUỲNH,CFA,"Collar Lining Wrinkle(2),Over Primer O'S(2),Over Cement(1)",,,,,
11,11/6/2025,GALAXY 7 M,901397398,1,901397398-1,Netherlands,800,,PASS,,,C,Asc 08-1,16,621070084,80,MS.NGÂN,CFA,"Dirty Collar Lining(2),Collar Lining Wrinkle(2)",,,,,
11,11/6/2025,GALAXY 7 M,901528021,1,901528021-1,Netherlands,496,,PASS,,,C,Asc 07-1,24D,623090032,50,MS.NGÂN,CFA,"Wrinkle(1),Collar Lining Wrinkle(2),Over Cement(1)",,,,,
11,11/6/2025,GALAXY 7 M,901529310,1,901529310-1,Netherlands,"1,619",,PASS,,,C,Asc 07-1,24D,623090032,125,MR.NHỨT,CFA,"Over Cement(2),Wrinkle(1)",,,,,
11,11/6/2025,GALAXY 7 M,901529479,1,901529479-1,Netherlands,406,,PASS,,,C,Asc 04-1,33D,624070020,50,MR.THÁI,CFA,Over Cement(3),,,,,
11,11/6/2025,GALAXY 7 W,901269979,1,901269979-1,Netherlands,835,,PASS,,,C,Asc 06-2,17D,624060040,80,MR.THÁI,CFA,"Wrinkle(2),Dirty O'S(2)",,,,,
11,11/6/2025,GALAXY 7 W,901276113,1,901276113-1,Netherlands,"8,980",,PASS,3200,P2,C,Asc 03-2,1D,622050542,125,MS.NGÂN,CFA,"Bonding Gap(2),Dirty Upper(2),Over Cement(2)",,,,,
11,11/6/2025,GALAXY 7 W,901276113,1,901276113-1,Netherlands,"8,980",,PASS,2580,PC,C,Asc 04-2,27D,623090194,125,MR.THÁI,CFA,"Over Cement(2),Dirty Upper(2),Dirty O'S(2)",,,,,
11,11/6/2025,GALAXY 7 W,901466018,1,901466018-1,Netherlands,424,15D,PASS,,,B3,3,15D,622020913,50,MR.THÁI,CFA,"Dirty M'S(1),Wobbling(1),Over Primer O'S(1)",,,,,
11,11/6/2025,GALAXY 7 W,901283648,1,901283648-1,Netherlands,"4,470",,PASS,1270,PC,C,Asc 06-1,21D,623030007,125,MS.HUỲNH,CFA,"Wrinkle(2),Dirty O'S(2)",,,,,
11,11/6/2025,GALAXY 7 W,901292008,1,901292008-1,Netherlands,326,,PASS,,,C,Asc 03-2,1D,622050542,50,MS.HUỲNH,CFA,"Collar Lining Wrinkle(2),Dirty O'S(1)",,,,,
11,11/6/2025,GRAND COURT 2.0,901722961,1,901722961-1,United Kingdom,600,,PASS,,,C,Asc 01-2,31D,624040282,80,MS.NGÂN,CFA,"Over Cement(2),Dirty O'S(2)",,,,,
11,11/6/2025,GRAND COURT 2.0,901724269,1,901724269-1,Netherlands,"1,000",,PASS,,,C,Asc 01-1,1D,622050542,80,MR.NHỨT,CFA,"Dirty Upper(1),Over Cement(1),Dirty O'S(1)",,,,,
11,11/6/2025,TENSAUR SPORT 3.0 K,901714868,1,901714868-1,Monaco,300,,PASS,,,C,Asc 02-1,11D,624080127,50,MRS.VY,CFA,Over Cement(1),,,,,
11,11/6/2025,TENSAUR SPORT 3.0 K,901721355,1,901721355-1,Netherlands,779,,PASS,,,C,Asc 02-1,11D,624080127,80,MS.NGÂN,CFA,"Over Primer O'S(2),Thread Ends(2)",,,,,
11,11/6/2025,TENSAUR SPORT 3.0 K,901725833,1,901725833-1,Italy,385,,PASS,,,C,Asc 02-1,11D,624080127,50,MS.NGÂN,CFA,"Crooked Collar Lining(1),Thread Ends(1),Dirty O'S(1)",,,,,
11,11/6/2025,VS PACE 2.0,901536739,1,901536739-1,Netherlands,"1,349",,PASS,,,D,Asc 01-2,37C,625080102,125,MR.THÁI,CFA,"Wrinkle(2),Over Cement(2),Dirty Collar Lining(2)",,,,,
11,11/6/2025,VL COURT 3.0 EL C,901334007,1,901334007-1,USA,558,,PASS,,,D,Asc 05-1,18D,625030163,80,MR.THÁI,CFA,"Over Cement(2),Wobbling(2)",,,,,
11,11/6/2025,VL COURT 3.0 K,901267898,1,901267898-1,Netherlands,"1,600",,PASS,,,D,Asc 05-2,19C,622030777,125,MS.HUỲNH,CFA,"Thread Ends(2),Over Cement(2),Bonding Gap(2)",,,,,
11,11/6/2025,VL COURT 3.0 K,901671324,1,901671324-1,Netherlands,"3,080",,PASS,,,D,Asc 07-1,9,621040446,125,MR.THÁI,CFA,"High/Low Heel(2),Wobbling(2),Over Cement(2),Dirty Collar Lining(2)",,,,,
11,11/6/2025,VL COURT 3.0 K,901673676,1,901673676-1,Netherlands,"2,680",,PASS,,,D,Asc 06-2,10C,624050200,125,MR.THÁI,CFA,"Thread Ends(2),Dirty Collar Lining(2),Over Cement(2)",,,,,
11,11/6/2025,VL COURT 3.0 K,901673720,1,901673720-1,Netherlands,"2,870",,PASS,,,D,Asc 06-1,2C,623080380,125,MR.NHỨT,CFA,"Over Cement(2),Dirty Collar Lining(2)",,,,,
11,11/6/2025,VL COURT 3.0 K,901673905,1,901673905-1,Netherlands,548,,PASS,,,D,Asc 05-1,18D,625030163,80,MS.NGÂN,CFA,"Over Cement(2),Dirty Collar Lining(2)",,,,,
11,11/6/2025,GRAND COURT 3.0,901281531,1,901281531-1,Netherlands,322,4C,PASS,,,B3,7,4C,624020153,50,MR.NHỨT,CFA,"Over Cement(2),Dirty Collar Lining(1)",,,,,
11,11/6/2025,GRAND COURT 3.0,901281531,1,901281531-1,Netherlands,322,R9C,PASS,,,B3,7,R9C,621030557,32,MR.BÌNH,LOP,Sole Laying(1),,,,,
11,11/6/2025,GRAND COURT 3.0,901285916,1,901285916-1,United Kingdom,475,,PASS,,,D,Asc 03-1,6C,622070194,50,MR.THÁI,CFA,"Over Cement(2),Bonding Gap(1)",,,,,
11,11/6/2025,VS PACE 2.0,901516748,1,901516748-1,Netherlands,"3,724",,PASS,3200,P1,D,Asc 03-2,34C,625020591,125,MS.NGÂN,CFA,"Bonding Gap(2),Dirty O'S(2)",,,,,
11,11/6/2025,VS PACE 2.0,901516748,1,901516748-1,Netherlands,"3,724",,PASS,524,PC,D,Asc 03-2,34C,625020591,80,MR.THÁI,CFA,"Over Cement(2),Over Primer O'S(2)",,,,,
11,11/6/2025,VS PACE 2.0,901519668,1,901519668-1,Netherlands,924,,PASS,,,D,Asc 08-1,1C,623090139,80,MRS.VY,CFA,"Over Cement(1),Dirty O'S(1)",,,,,
11,11/6/2025,ADVANTAGE K,901773995,1,901773995-1,Netherlands,"1,000",,FAIL,,,B,Asc 04-1,9B,621030996,80,MS.NGÂN,CFA,"Bonding Gap(3),Dirty O’S(9),Dirty Collar Lining(4),Dirty Upper(2)",OFFICIAL,,,,
11,11/7/2025,GRAND COURT 3.0,901787747,1,901787747-1,Utd.Arab Emir.,"30,351",,PASS,3200,P3,A,Asc 11-2,16A,624100316,125,MR.NHỨT,CFA,"Over Cement(1),Dirty Upper(1),Dirty O'S(1),Bonding Gap(2)",,,,,
11,11/7/2025,TENSAUR SPORT 3.0 CF I,901244848,1,901244848-1,Brazil,359,,PASS,,,A,Asc 05-1,23A,624110228,50,MR.THÁI,CFA,Over Cement(2),,,,,
11,11/7/2025,TENSAUR SPORT 3.0 CF I,901246294,1,901246294-1,Brazil,359,,PASS,,,A,Asc 11-1,9A,622080458,50,MR.THÁI,CFA,Thread Ends(2),,,,,
11,11/7/2025,TENSAUR SPORT 3.0 CF I,901378664,1,901378664-1,United Kingdom,560,,PASS,,,A,Asc 05-1,23A,624110228,80,MS.HUỲNH,CFA,Dirty O'S(2),,,,,
11,11/7/2025,TENSAUR SPORT 3.0 CF I,901480295,1,901480295-1,Chile,205,,PASS,,,A,Asc 11-1,9A,622080458,32,MR.THÁI,CFA,"Left/Right Component Mismatch(1),Dirty O'S(1)",,,,,
11,11/7/2025,TENSAUR SPORT 3.0 CF I,901482261,1,901482261-1,Brazil,392,,PASS,,,A,Asc 10-1,14A,622030023,50,MR.THÁI,CFA,"Wobbling(1),Over Cement(1)",,,,,
11,11/7/2025,Tensaur Run 3.0 EL I,901289215,1,901289215-1,United Kingdom,"1,700",,PASS,,,A,Asc 06-1,25A,624030105,125,MR.THÁI,CFA,"Left/Right Component Mismatch(2),Run Off Stitches(2),Wobbling(2)",,,,,
11,11/7/2025,VL COURT 3.0 K,901479772,1,901479772-1,Netherlands,500,,PASS,,,A,Asc 04-1,18A,623100210,50,MR.THÁI,CFA,"Over Cement(1),Wobbling(1)",,,,,
11,11/7/2025,LIGHTSHIFT 2.0,901665934,1,901665934-1,Colombia,248,,PASS,,,A,Asc 01-1,31A,624060331,32,MRS.VY,CFA,Dirty Collar Lining(1),,,,,
11,11/7/2025,LIGHTSHIFT 2.0,901666334,1,901666334-1,Argentina,330,,PASS,,,A,Asc 02-1,31A,624060331,50,MRS.VY,CFA,Wrinkle(1),,,,,
11,11/7/2025,LIGHTSHIFT 2.0,901667689,1,901667689-1,Brazil,328,,PASS,,,A,Asc 01-1,31A,624060331,50,MR.THÁI,CFA,"Over Cement(1),Dirty O'S(1)",,,,,
11,11/7/2025,VL COURT 3.0 K,901601928,1,901601928-1,United Kingdom,520,,PASS,,,A,Asc 03-2,8A,624020086,80,MS.HUỲNH,CFA,"Over Cement(2),Wobbling(1)",,,,,
11,11/7/2025,ADVANTAGE K,901721456,1,901721456-1,Italy,"4,082",,PASS,882,PC,B,Asc 05-1,6B,621060243,80,MRS.VY,CFA,"Dirty Collar Lining(1),Wrinkle(1),Bonding Gap(1)",,,,,
11,11/7/2025,Tensaur Sport 2.0 CF K,901774399,1,901774399-1,Israel,"2,400",,PASS,,,B,Asc 02-2,25B,621100361,125,MR.THÁI,CFA,"Bonding Gap(2),Wobbling(2),Dirty O'S(2)",,,,,
11,11/7/2025,TENSAUR SPORT 3.0 K,901163816,1,901163816-1,Utd.Arab Emir.,"1,176",,PASS,,,B,Asc 05-2,40B,625010030,80,MR.THÁI,CFA,"Left/Right Component Mismatch(1),Wobbling(2)",,,,,
11,11/7/2025,TENSAUR SPORT 3.0 K,901666686,1,901666686-1,Argentina,"1,253",,PASS,,,B,Asc 05-2,40B,625010030,125,MS.HUỲNH,CFA,"Collar Lining Wrinkle(2),Dirty O'S(1),Thread Ends(3)",,,,,
11,11/7/2025,Tensaur Sport 2.0 K,901774282,1,901774282-1,Utd.Arab Emir.,650,,PASS,,,B,Asc 02-1,R2B,621060393,80,MR.THÁI,CFA,"Wobbling(2),Over Primer O'S(2)",,,,,
11,11/7/2025,TENSAUR SPORT 3.0 K,901665507,1,901665507-1,Peru,934,,PASS,,,B,Asc 04-1,R3B,619020468,80,MS.HUỲNH,CFA,"Dirty Upper(1),Dirty O'S(2),Bonding Gap(1)",,,,,
11,11/7/2025,TENSAUR SPORT 3.0 K,901666639,1,901666639-1,Peru,190,,PASS,,,B,Asc 01-2,42B,625030063,32,MS.HUỲNH,CFA,Thread Ends(1),,,,,
11,11/7/2025,TENSAUR SPORT 3.0 K,901710449,1,901710449-1,Monaco,300,,PASS,,,B,Asc 04-2,43B,625030363,50,MR.NHỨT,CFA,"Wrinkle(1),Dirty O'S(1)",,,,,
11,11/7/2025,TENSAUR SPORT 3.0 K,901713604,1,901713604-1,Monaco,300,,PASS,,,B,Asc 01-1,27A,621030280,50,MS.HUỲNH,CFA,"Over Primer O'S(1),Wobbling(2)",,,,,
11,11/7/2025,TENSAUR SPORT 3.0  CF K,4500682335,1,4500682335-1,South Africa,200,,PASS,,,B,Asc 04-1,R3B,619020468,32,MR.THÁI,CFA,Dirty Upper(2),,,,,
11,11/7/2025,TENSAUR SPORT 3.0  CF K,901474424,1,901474424-1,Netherlands,"6,960",,PASS,560,PC,B,Asc 03-2,18B,620030032,80,MS.NGÂN,CFA,"Dirty Collar Lining(2),Dirty O'S(2)",,,,,
11,11/7/2025,TENSAUR SPORT 3.0  CF K,901475510,1,901475510-1,Netherlands,"6,960",,PASS,3200,P1,B,Asc 03-2,84L,622030320,125,MR.THÁI,CFA,"Over Primer O'S(3),Thread Ends(3),Dirty Collar Lining(3)",,,,,
11,11/7/2025,GALAXY 7 M,901532266,1,901532266-1,Netherlands,"5,021",,PASS,1821,PC,C,Asc 04-2,27D,623090194,125,MR.NHỨT,CFA,"Dirty O'S(1),Wrinkle(2)",,,,,
11,11/7/2025,GALAXY 7 M,901532266,1,901532266-1,Netherlands,"5,021",,PASS,3200,P1,C,Asc 10-2,19D,625080253,125,MS.HUỲNH,CFA,"Wrinkle(2),Wobbling(2),Poor Attaching(2),Bonding Gap(2)",,,,,
11,11/7/2025,GALAXY 7 M,901500479,1,901500479-1,Netherlands,"1,507",,PASS,,,C,Asc 04-2,27D,623090194,125,MR.THÁI,CFA,"Wrinkle(2),Wobbling(2),Dirty Collar Lining(2),Dirty O'S(2)",,,,,
11,11/7/2025,GRAND COURT 2.0,901719963,1,901719963-1,United Kingdom,722,,PASS,,,C,Asc 03-1,8C,624070252,80,MR.THÁI,CFA,"Dirty Upper(2),Bonding Gap(2)",,,,,
11,11/7/2025,TENSAUR SPORT 3.0 K,901724619,1,901724619-1,Italy,"4,750",,PASS,3200,P1,C,Asc 02-1,11D,624080127,125,MRS.VY,CFA,"Over Cement(1),Poor Shape(2),Bonding Gap(1)",,,,,
11,11/7/2025,VS PACE 2.0,901669900,1,901669900-1,Italy,400,,PASS,,,C,Asc 03-1,8C,624070252,50,MS.HUỲNH,CFA,"Dirty Upper(1),Dirty O'S(1),Thread Ends(1)",,,,,
11,11/7/2025,VS PACE 2.0,901675295,1,901675295-1,Netherlands,310,,PASS,,,C,Asc 03-1,8C,624070252,50,MRS.VY,CFA,Over Cement(1),,,,,
11,11/7/2025,VS PACE 2.0,901728716,1,901728716-1,Netherlands,310,,PASS,,,C,Asc 03-1,8C,624070252,50,MS.HUỲNH,CFA,Over Cement(2),,,,,
11,11/7/2025,VS PACE 2.0,901425852,1,901425852-1,Ukraine,101,,PASS,,,D,Asc 09-1,32C,625030234,20,MS.HUỲNH,CFA,Thread Ends(1),,,,,
11,11/7/2025,VS PACE 2.0,901712066,1,901712066-1,Monaco,200,,PASS,,,D,Asc 11-1,38C,625090293,32,MS.HUỲNH,CFA,"Dirty Upper(1),Uneven Collar Top Line(1)",,,,,
11,11/7/2025,VS PACE 2.0,901713508,1,901713508-1,Monaco,436,,PASS,,,D,Asc 09-1,32C,625030234,50,MR.THÁI,CFA,"Dirty Upper(2),Crooked Eyestay(1)",,,,,
11,11/7/2025,VS PACE 2.0,901776632,1,901776632-1,Italy,330,,PASS,,,D,Asc 11-1,38C,625090293,50,MRS.VY,CFA,"Dirty Collar Lining(1),Poor Attaching(1)",,,,,
11,11/7/2025,ADVANTAGE,901521639,1,901521639-1,Thailand,468,,PASS,,,D,Asc 10-2,28C,624100065,50,MS.HUỲNH,CFA,Dirty O'S(2),,,,,
11,11/7/2025,ADVANTAGE,901526926,1,901526926-1,Thailand,184,,PASS,,,D,Asc 10-1,36C,625050250,32,MS.HUỲNH,CFA,Dirty O'S(1),,,,,
11,11/7/2025,ADVANTAGE,901584490,1,901584490-1,Thailand,100,,PASS,,,D,Asc 06-2,10C,624050200,20,MS.NGÂN,CFA,Dirty Upper(1),,,,,
11,11/7/2025,ADVANTAGE,901666303,1,901666303-1,Utd.Arab Emir.,383,,PASS,,,D,Asc 10-1,36C,625050250,50,MRS.VY,CFA,"Collar Lining Wrinkle(1),Dirty Upper(1)",,,,,
11,11/7/2025,ADVANTAGE,901721748,1,901721748-1,Philippines,223,,PASS,,,D,Asc 10-1,36C,625050250,32,MR.THÁI,CFA,Bonding Gap(1),,,,,
11,11/7/2025,VL COURT 3.0 K,901665180,1,901665180-1,Utd.Arab Emir.,160,,PASS,,,D,Asc 04-2,R6D,619080327,32,MS.HUỲNH,CFA,Thread Ends(2),,,,,
11,11/7/2025,VL COURT 3.0 K,901346071,1,901346071-1,Netherlands,"4,597",,PASS,3200,P1,D,Asc 06-1,2C,623080380,125,MS.HUỲNH,CFA,"Bonding Gap(2),Thread Ends(2),Over Cement(2),Poor Attaching(2)",,,,,
11,11/7/2025,VL COURT 3.0 K,901346071,1,901346071-1,Netherlands,"4,597",,PASS,1397,PC,D,Asc 04-2,R6D,619080327,125,MR.NHỨT,CFA,"Collar Lining Wrinkle(1),Different Color Collar Lining(2)",,,,,
11,11/7/2025,GRAND COURT 3.0,901787745,1,901787745-1,Utd.Arab Emir.,"48,686",,PASS,3200,P4,D,Asc 01-2,5C,621120400,125,MS.HUỲNH,CFA,"Dirty Upper(2),Bonding Gap(2),Over Cement(2)",,,,,
11,11/7/2025,GRAND COURT 3.0,901787745,1,901787745-1,Utd.Arab Emir.,"48,686",,PASS,3200,P3,D,Asc 02-2,35C,625050156,125,MR.THÁI,CFA,"Bonding Gap(3),Over Cement(3),Dirty Upper(3)",,,,,
11,11/7/2025,URBAN COURT,901663887,1,901663887-1,Netherlands,305,,PASS,,,D,Asc 10-2,28C,624100065,50,MR.NHỨT,CFA,Dirty Upper(1),,,,,
11,11/7/2025,URBAN COURT,901710259,1,901710259-1,Philippines,141,,PASS,,,D,Asc 10-2,28C,624100065,20,MR.NHỨT,CFA,Wrinkle(1),,,,,
11,11/7/2025,VS PACE 2.0,901490796,1,901490796-1,Italy,600,,PASS,,,D,Asc 09-2,14C,624020152,80,MS.HUỲNH,CFA,"Bonding Gap(2),Over Cement(2),Off Center Heel(1)",,,,,
11,11/7/2025,VS PACE 2.0,901510446,1,901510446-1,Netherlands,350,,PASS,,,D,Asc 11-1,38C,625090293,50,MR.THÁI,CFA,Bonding Gap(1),,,,,
11,11/7/2025,VS PACE 2.0,901720066,1,901720066-1,Netherlands,520,,PASS,,,D,Asc 03-2,R5C,620120148,80,MRS.VY,CFA,Dirty Upper(1),,,,,
11,11/7/2025,VS PACE 2.0,901776448,1,901776448-1,Netherlands,743,,PASS,,,D,Asc 09-2,14C,624020152,80,MS.NGÂN,CFA,"Peel Off Logo InSole(1),Dirty Upper(2)",,,,,
11,11/7/2025,VL COURT 3.0 K,901527110,1,901527110-1,USA,300,,FAIL,,,A,Asc 02-2,7A,625020551,50,MS.HUỲNH,CFA,Bonding Gap(11),OFFICIAL,,,,
11,11/7/2025,URBAN COURT,901481460,1,901481460-1,Italy,645,,FAIL,,,D,Asc 10-1,36C,625050250,80,MRS.VY,CFA,"Bonding Gap(8),Wrinkle(3),Over Primer Upper(2),Dirty O'S(2),Dirty Collar Lining(2),Collar Lining Damaged(1)",OFFICIAL,,,,
11,11/8/2025,Tensaur Sport 2.0 CF I,901706353,1,901706353-1,Netherlands,701,,PASS,,,A,Asc 08-1,41A,625080141,80,MRS.VY,CFA,"Dirty O'S(1),Bonding Gap(1)",,,,,
11,11/8/2025,Tensaur Sport 2.0 CF I,901706466,1,901706466-1,Italy,"2,381",,PASS,,,A,Asc 08-1,41A,625080141,125,MR.THÁI,CFA,"Bonding Gap(2),Dirty O'S(2),Wobbling(2)",,,,,
11,11/8/2025,Tensaur Sport 2.0 CF I,901706570,1,901706570-1,United Kingdom,421,,PASS,,,A,Asc 08-1,41A,625080141,50,MR.MOON,MANAGER,No issue,,CFA(VY)AQL->TOP MANAGER(MR.MOON),,,
11,11/8/2025,VL COURT 3.0 K,901512499,1,901512499-1,Netherlands,"1,000",,PASS,,,A,Asc 02-2,7A,625020551,80,MS.HUỲNH,CFA,"Needle Hole(1),Dirty Upper(2),Wobbling(1)",,,,,
11,11/8/2025,VL COURT 3.0 K,901529050,1,901529050-1,Spain,302,,PASS,,,A,Asc 04-2,40A,625060019,50,MR.THÁI,CFA,"High/Low Heel(1),Over Cement(1)",,,,,
11,11/8/2025,LITE RACER ADAPT 7.0 I,901463325,1,901463325-1,USA,300,,PASS,,,A,Asc 07-1,11A,622021048,50,MS.HUỲNH,CFA,Thread Ends(2),,,,,
11,11/8/2025,LITE RACER ADAPT 7.0 I,901526989,1,901526989-1,USA,402,,PASS,,,A,Asc 07-1,20A,623110220,50,MR.THÁI,CFA,Dirty M'S(2),,,,,
11,11/8/2025,LITE RACER ADAPT 7.0 I,901599777,1,901599777-1,USA,402,,PASS,,,A,Asc 07-1,20A,623110220,50,MS.HUỲNH,CFA,"Sole Laying(1),Over Cement(2)",,,,,
11,11/8/2025,TENSAUR SPORT 3.0 CF I,901467008,1,901467008-1,Peru,226,,PASS,,,A,Asc 05-1,23A,624110228,32,MR.THÁI,CFA,Wobbling(2),,,,,
11,11/8/2025,TENSAUR SPORT 3.0 CF I,901665994,1,901665994-1,Chile,473,,PASS,,,A,Asc 10-1,14A,622030023,50,MR.THÁI,CFA,Wobbling(2),,,,,
11,11/8/2025,TENSAUR SPORT 3.0 CF I,901727420,1,901727420-1,Italy,345,,PASS,,,A,Asc 05-1,23A,624110228,50,MR.THÁI,CFA,"Dirty Upper(2),Bonding Gap(1)",,,,,
11,11/8/2025,TENSAUR SPORT 3.0 CF I,901524940,1,901524940-1,United Kingdom,330,,PASS,,,A,Asc 11-1,9A,622080458,50,MS.NGÂN,CFA,"Dirty Upper(2),Left/Right Component Mismatch(1)",,,,,
11,11/8/2025,Tensaur Run 3.0 EL I,901597078,1,901597078-1,Italy,630,,PASS,,,A,Asc 06-1,25A,624030105,80,MR.THÁI,CFA,"Dirty Collar Lining(2),Over Cement(2)",,,,,
11,11/8/2025,Tensaur Run 3.0 EL I,901664471,1,901664471-1,Brazil,560,,PASS,,,A,Asc 07-2,R4,620110408,80,MR.THÁI,CFA,Collar Lining Wrinkle(3),,,,,
11,11/8/2025,VL COURT 3.0 K,901500671,1,901500671-1,Netherlands,500,,PASS,,,A,Asc 04-2,40A,625060019,50,MR.NHỨT,CFA,"Over Cement(1),Wobbling(1)",,,,,
11,11/8/2025,LIGHTSHIFT 2.0,901665388,1,901665388-1,Peru,148,,PASS,,,A,Asc 02-1,31A,624060331,20,MR.THÁI,CFA,Dirty M'S(1),,,,,
11,11/8/2025,LIGHTSHIFT 2.0,901730298,1,901730298-1,USA,372,,PASS,,,A,Asc 01-1,31A,624060331,50,MS.NGÂN,CFA,"Wrinkle(1),Over Cement(2)",,,,,
11,11/8/2025,LIGHTSHIFT 2.0,901730359,1,901730359-1,USA,614,,PASS,,,A,Asc 02-1,31A,624060331,80,MS.HUỲNH,CFA,"Over Cement(2),Dirty O'S(2)",,,,,
11,11/8/2025,VL COURT 3.0 K,901289815,1,901289815-1,Netherlands,309,,PASS,,,A,Asc 03-2,19A,621110258,50,MR.THÁI,CFA,"Over Cement(1),Dirty Upper(1)",,,,,
11,11/8/2025,VL COURT 3.0 K,901483794,1,901483794-1,USA,"1,500",,PASS,,,A,Asc 02-2,7A,625020551,125,MR.THÁI,CFA,"Off Center(2),Wobbling(2),Dirty O'S(2)",,,,,
11,11/8/2025,VL COURT 3.0 K,901488062,1,901488062-1,USA,306,,PASS,,,A,Asc 07-1,20A,623110220,50,MR.THÁI,CFA,Wobbling(2),,,,,
11,11/8/2025,VL COURT 3.0 K,901513951,1,901513951-1,Netherlands,"1,500",,PASS,,,A,Asc 06-2,17A,624030271,125,MR.NHỨT,CFA,"Wobbling(2),Over Cement(1)",,,,,
11,11/8/2025,TENSAUR SPORT 3.0 K,901664596,1,901664596-1,Brazil,"1,121",,PASS,,,B,Asc 06-2,26B,623090198,80,MS.HUỲNH,CFA,"Dirty O'S(2),Bonding Gap(2)",,,,,
11,11/8/2025,TENSAUR SPORT 3.0 K,901665907,1,901665907-1,Colombia,300,,PASS,,,B,Asc 02-2,25B,621100361,50,MS.NGÂN,CFA,"Collar Lining Wrinkle(1),Dirty O'S(1)",,,,,
11,11/8/2025,TENSAUR SPORT 3.0 K,901667763,1,901667763-1,Peru,352,,PASS,,,B,Asc 04-1,9B,621030996,50,MS.NGÂN,CFA,Collar Lining Wrinkle(2),,,,,
11,11/8/2025,TENSAUR SPORT 3.0 K,901264753,1,901264753-1,Brazil,354,,PASS,,,B,Asc 01-2,42B,625030063,50,MR.THÁI,CFA,"Wobbling(2),Over Primer O'S(1)",,,,,
11,11/8/2025,TENSAUR SPORT 3.0 K,901297678,1,901297678-1,Netherlands,754,,PASS,,,B,Asc 04-2,43B,625030363,80,MR.NHỨT,CFA,"Wrinkle(1),Bonding Gap(1)",,,,,
11,11/8/2025,TENSAUR SPORT 3.0 K,901665535,1,901665535-1,Argentina,"3,812",,PASS,3200,P1,B,Asc 01-1,38A,622020703,125,MR.NHỨT,CFA,"Dirty Upper(1),Poor Attaching(2)",,,,,
11,11/8/2025,TENSAUR SPORT 3.0 K,901724538,1,901724538-1,Italy,385,,PASS,,,B,Asc 01-1,27A,621030280,50,MR.NHỨT,CFA,"Over Primer O'S(1),Poor Attaching(1)",,,,,
11,11/8/2025,TENSAUR SPORT 3.0  CF K,901164072,1,901164072-1,Utd.Arab Emir.,"1,584",,PASS,,,B,Asc 02-1,R2B,621060393,125,MR.THÁI,CFA,"Thread Ends(3),Collar Lining Wrinkle(2),Wobbling(2)",,,,,
11,11/8/2025,GALAXY 7 M,901486187,1,901486187-1,Utd.Arab Emir.,145,,PASS,,,C,Asc 10-1,13D,624100308,20,MS.NGÂN,CFA,Bonding Gap(1),,,,,
11,11/8/2025,GALAXY 7 M,901530842,1,901530842-1,Italy,"2,020",,PASS,,,C,Asc 10-2,19D,625080253,125,MR.THÁI,CFA,"Dirty M'S(2),Dirty Upper(2)",,,,,
11,11/8/2025,GALAXY 7 M,901425737,1,901425737-1,Utd.Arab Emir.,100,,PASS,,,C,Asc 05-1,38D,625020419,20,MR.THÁI,CFA,Wobbling(1),,,,,
11,11/8/2025,GALAXY 7 M,901514871,1,901514871-1,Philippines,335,,PASS,,,C,Asc 11-1,28D,625080255,50,MR.MOON,MANAGER,No issue,,CFA(VY)AQL->TOP MANAGER(MR.MOON),,,
11,11/8/2025,GALAXY 7 M,901523366,1,901523366-1,Malaysia,100,,PASS,,,C,Asc 11-2,28D,625080255,20,MR.NHỨT,CFA,Dirty Upper(1),,,,,
11,11/8/2025,GALAXY 7 M,901662583,1,901662583-1,Italy,815,,PASS,,,C,Asc 08-1,16,621070084,80,MS.NGÂN,CFA,"Wrinkle(2),Dirty M'S(2)",,,,,
11,11/8/2025,GALAXY 7 M,901665750,1,901665750-1,Peru,300,,PASS,,,C,Asc 08-2,8D,624080430,50,MRS.LY,MANAGER,No issue,,CFA(NHỨT)AQL->TOP MANAGER(MRS.LY),,,
11,11/8/2025,GALAXY 7 M,901714730,1,901714730-1,Utd.Arab Emir.,215,,PASS,,,C,Asc 07-2,29D,624040410,32,MRS.LY,MANAGER,No issue,,CFA(NHỨT)AQL->TOP MANAGER(MRS.LY),,,
11,11/8/2025,GALAXY 7 M,901722561,1,901722561-1,United Kingdom,145,,PASS,,,C,Asc 11-1,25D,622070156,20,MR.THÁI,CFA,Dirty Upper(1),,,,,
11,11/8/2025,GALAXY 7 M,901732509,1,901732509-1,Italy,340,,PASS,,,C,Asc 08-2,8D,624080430,50,MR.THÁI,CFA,"Dirty O'S(2),Collar Lining Wrinkle(2),Dirty Upper(1)",,,,,
11,11/8/2025,GALAXY 7 W,901553261,1,901553261-1,Netherlands,300,,PASS,,,C,Asc 06-1,21D,623030007,50,MS.HUỲNH,CFA,"Wrinkle(1),Dirty O'S(1)",,,,,
11,11/8/2025,GRAND COURT 2.0,901719879,1,901719879-1,Netherlands,"1,200",,PASS,,,C,Asc 01-2,31D,624040282,80,MRS.VY,CFA,"Needle Hole(1),Bonding Gap(2)",,,,,
11,11/8/2025,TENSAUR SPORT 3.0 K,901665563,1,901665563-1,Argentina,"4,500",,PASS,3200,P1,C,Asc 02-2,33D,624070020,125,MRS.VY,CFA,"Over Cement(1),Poor Shape(3),Dirty Upper(1)",,,,,
11,11/8/2025,VS PACE 2.0,901519930,1,901519930-1,Netherlands,350,,PASS,,,C,Asc 03-1,8C,624070252,50,MR.THÁI,CFA,"Poor Attaching(1),Over Primer O'S(2)",,,,,
11,11/8/2025,VS PACE 2.0,901722722,1,901722722-1,Italy,300,,PASS,,,C,Asc 03-1,8C,624070252,50,MR.THÁI,CFA,Over Cement(2),,,,,
11,11/8/2025,ADVANTAGE 2.0,901709089,1,901709089-1,Netherlands,309,,PASS,,,D,Asc 08-1,1C,623090139,50,MR.MOON,MANAGER,No issue,,CFA(VY)AQL->TOP MANAGER(MR.MOON),,,
11,11/8/2025,VS PACE 2.0,901178455,1,901178455-1,Utd.Arab Emir.,200,,PASS,,,D,Asc 11-1,38C,625090293,32,MS.HUỲNH,CFA,Wrinkle(1),,,,,
11,11/8/2025,ADVANTAGE,901718632,1,901718632-1,United Kingdom,480,,PASS,,,D,Asc 06-2,10C,624050200,50,MS.HUỲNH,CFA,Dirty O'S(2),,,,,
11,11/8/2025,VL COURT 3.0 K,901599432,1,901599432-1,Netherlands,"1,000",,PASS,,,D,Asc 06-1,2C,623080380,80,MS.HUỲNH,CFA,"Wrinkle(2),Bonding Gap(2),Dirty O'S(2)",,,,,
11,11/8/2025,GRAND COURT 3.0,901283117,1,901283117-1,Netherlands,391,R9C,PASS,,,B3,7,R9C,621030557,50,MR.NHỨT,CFA,Dirty O'S(1),,,,,
11,11/8/2025,GRAND COURT 3.0,901523041,1,901523041-1,Netherlands,722,12,PASS,,,B3,2,12,625030164,80,MS.NGÂN+MR.BÌNH,CFA + LOP,Dirty Upper(1),,,,,
11,11/8/2025,GRAND COURT 3.0,901787745,1,901787745-1,Utd.Arab Emir.,"48,686",,PASS,3200,P5,D,Asc 01-1,39C,625090192,125,MS.HUỲNH,CFA,"Dirty Upper(2),Over Cement(2),Bonding Gap(2)",,,,,
11,11/8/2025,GRAND COURT 3.0,901787745,1,901787745-1,Utd.Arab Emir.,"48,686",,PASS,3200,P6,D,Asc 01-1,39C,625090192,125,MS.NGÂN,CFA,"Bonding Gap(2),Dirty O'S(2)",,,,,
11,11/8/2025,URBAN COURT,901380387,1,901380387-1,Utd.Arab Emir.,194,,PASS,,,D,Asc 10-2,28C,624100065,32,MR.THÁI,CFA,Thread Ends(1),,,,,
11,11/8/2025,URBAN COURT,901481460,1,901481460-1,Italy,645,12,PASS,,,B3,2,12,625030164,80,MR.MOON,MANAGER,"Wrinkle(1),Dirty O'S(1),Dirty Collar Lining(1)",,CFA(VY)AQL->TOP MANAGER(MR.MOON),,,
11,11/8/2025,URBAN COURT,901665221,1,901665221-1,Chile,300,,PASS,,,D,Asc 07-2,17C,624030608,50,MS.NGÂN,CFA,Poor Attaching(2),,,,,
11,11/8/2025,URBAN COURT,901711949,1,901711949-1,Monaco,200,,PASS,,,D,Asc 10-2,28C,624100065,32,MS.NGÂN,CFA,Dirty O'S(1),,,,,
11,11/8/2025,URBAN COURT,901708091,1,901708091-1,Italy,500,,FAIL,,,D,Asc 10-2,28C,624100065,50,MR.THÁI,CFA,Holes Not Punched Properly(10) ,OFFICIAL,,,,
11,11/10/2025,VL COURT 3.0 K,901269676,1,901269676-1,Netherlands,408,,PASS,,,A,Asc 05-2,28A,619060201,50,MS.NGÂN,CFA,Wobbling(1),,,,,
11,11/10/2025,VL COURT 3.0 K,901312399,1,901312399-1,Spain,604,,PASS,,,A,Asc 07-1,20A,623110220,80,MRS.VY,CFA,Wobbling(2),,,,,
11,11/10/2025,VL COURT 3.0 K,901487950,1,901487950-1,USA,300,,PASS,,,A,Asc 05-2,28A,619060201,50,MS.NGÂN,CFA,Wobbling(1),,,,,
11,11/10/2025,TENSAUR SPORT 3.0 CF I,901265637,1,901265637-1,United Kingdom,330,,PASS,,,A,Asc 10-1,14A,622030023,50,MS.HUỲNH,CFA,"Wobbling(2),Over Primer O'S(2)",,,,,
11,11/10/2025,TENSAUR SPORT 3.0 CF I,901324173,1,901324173-1,Netherlands,418,,PASS,,,A,Asc 10-1,14A,622030023,50,MR.THÁI,CFA,Thread Ends(2),,,,,
11,11/10/2025,TENSAUR SPORT 3.0 CF I,901666523,1,901666523-1,Peru,356,,PASS,,,A,Asc 05-1,23A,624110228,50,MRS.LY,MANAGER,No issue,,CFA(HUỲNH)AQL->TOP MANAGER(MRS.LY),,,
11,11/10/2025,TENSAUR SPORT 3.0 CF I,901667911,1,901667911-1,Argentina,"1,052",,PASS,,,A,Asc 11-1,9A,622080458,80,MS.NGÂN,CFA,"Dirty O'S(2),Poor Attaching(2)",,,,,
11,11/10/2025,TENSAUR SPORT 3.0 CF I,901283487,1,901283487-1,United Kingdom,355,,PASS,,,A,Asc 06-2,17A,624030271,50,MS.HUỲNH,CFA,"Dirty Collar Lining(1),Dirty Upper(2)",,,,,
11,11/10/2025,TENSAUR SPORT 3.0 CF I,901665964,1,901665964-1,Chile,414,,PASS,,,A,Asc 05-1,23A,624110228,50,MS.NGÂN,CFA,"Uneven Collar Top Line(2),Dirty Collar Lining(1)",,,,,
11,11/10/2025,TENSAUR SPORT 3.0 CF I,901666449,1,901666449-1,Peru,842,,PASS,,,A,Asc 06-2,17A,624030271,80,MS.NGÂN,CFA,Dirty Collar Lining(2),,,,,
11,11/10/2025,Tensaur Run 3.0 EL I,901666262,1,901666262-1,Brazil,582,,PASS,,,A,Asc 07-2,R4,620110408,80,MS.NGÂN,CFA,"Collar Lining Wrinkle(2),Dirty Upper(3)",,,,,
11,11/10/2025,Tensaur Run 3.0 EL I,901666288,1,901666288-1,Brazil,295,,PASS,,,A,Asc 07-2,R4,620110408,50,MR.THÁI,CFA,"Over Cement(1),High/Low Heel(2)",,,,,
11,11/10/2025,Tensaur Run 3.0 EL I,901775969,1,901775969-1,Netherlands,"1,088",,PASS,,,A,Asc 07-2,12A,622021407,80,MR.THÁI,CFA,"Over Cement(1),Dirty M'S(1),Left/Right Component Mismatch(2)",,,,,
11,11/10/2025,TENSAUR SPORT 3.0 K,901162519,1,901162519-1,Utd.Arab Emir.,"1,176",,PASS,,,A,Asc 04-2,40A,625060019,80,MR.NHỨT,CFA,"Poor Shape(2),Dirty Upper(1)",,,,,
11,11/10/2025,VL COURT 3.0 K,901711898,1,901711898-1,New Zealand,140,,PASS,,,A,Asc 03-1,R4A,620080362,20,MS.NGÂN,CFA,Wobbling(1),,,,,
11,11/10/2025,LIGHTSHIFT 2.0,901665210,1,901665210-1,Peru,260,,PASS,,,A,Asc 01-1,31A,624060331,32,MS.HUỲNH,CFA,"Dirty M'S(1),Dirty Collar Lining(1)",,,,,
11,11/10/2025,LIGHTSHIFT 2.0,901724442,1,901724442-1,Brazil,522,,PASS,,,A,Asc 01-1,31A,624060331,80,MS.NGÂN,CFA,Dirty M'S(2),,,,,
11,11/10/2025,LIGHTSHIFT 2.0,4500809834,3,4500809834-3,South Africa,40,,PASS,,,A,Asc 02-1,31A,624060331,8,MR.THÁI,CFA,No issue,,,,,
11,11/10/2025,VL COURT 3.0 K,901483883,1,901483883-1,USA,"1,500",,PASS,,,A,Asc 03-1,R4A,620080362,125,MR.NHỨT,CFA,"Dirty O'S(1),Wobbling(2)",,,,,
11,11/10/2025,TENSAUR SPORT 3.0 K,901713943,1,901713943-1,Monaco,150,,PASS,,,B,Asc 06-2,26B,623090198,20,MRS.LY,MANAGER,No issue,,CFA(THÁI)AQL->TOP MANAGER(MRS.LY),,,
11,11/10/2025,TENSAUR SPORT 3.0 K,901708971,1,901708971-1,Monaco,601,,PASS,,,B,Asc 02-1,R2B,621060393,80,MR.THÁI,CFA,Over Primer O'S(3),,,,,
11,11/10/2025,TENSAUR SPORT 3.0 K,901714775,1,901714775-1,Monaco,150,,PASS,,,B,Asc 02-2,25B,621100361,20,MS.NGÂN,CFA,Over Cement(1),,,,,
11,11/10/2025,TENSAUR SPORT 3.0 K,901725687,1,901725687-1,Italy,635,,PASS,,,B,Asc 01-1,38A,622020703,80,MS.HUỲNH,CFA,"Over Primer O'S(2),Wobbling(2),Dirty Collar Lining(2)",,,,,
11,11/10/2025,GALAXY 7 M,901496037,1,901496037-1,Saudi Arabia,296,,PASS,,,C,Asc 09-1,22D,623090063,50,MS.HUỲNH,CFA,Over Cement(2),,,,,
11,11/10/2025,GALAXY 7 M,901506804,1,901506804-1,Netherlands,610,,PASS,,,C,Asc 06-2,17D,624060040,80,MS.HUỲNH,CFA,"Dirty M'S(2),Wrinkle(2)",,,,,
11,11/10/2025,GALAXY 7 M,901665654,1,901665654-1,Peru,"1,092",,PASS,,,C,Asc 11-2,28D,625080255,80,MR.NHỨT,CFA,"Over Cement(1),Over Primer O'S(1)",,,,,
11,11/10/2025,GALAXY 7 M,901665678,1,901665678-1,Mexico,347,,PASS,,,C,Asc 07-2,29D,624040410,50,MR.THÁI,CFA,"Dirty O'S(2),Over Cement(1)",,,,,
11,11/10/2025,GALAXY 7 M,901665719,1,901665719-1,Peru,264,,PASS,,,C,Asc 05-1,38D,625020419,32,MS.HUỲNH,CFA,"Dirty O'S(1),Wrinkle(1)",,,,,
11,11/10/2025,GALAXY 7 M,901707048,1,901707048-1,Netherlands,616,,PASS,,,C,Asc 07-2,29D,624040410,80,MS.HUỲNH,CFA,"Over Primer O'S(2),Over Cement(2),Dirty Collar Lining(1)",,,,,
11,11/10/2025,GALAXY 7 M,901734497,1,901734497-1,Netherlands,519,,PASS,,,C,Asc 10-1,13D,624100308,80,MS.NGÂN,CFA,"Collar Lining Wrinkle(1),Over Cement(1)",,,,,
11,11/10/2025,GALAXY 7 W,901298691,1,901298691-1,Italy,645,,PASS,,,C,Asc 04-1,33D,624070020,80,MR.NHỨT,CFA,"Dirty O'S(1),Over Cement(1)",,,,,
11,11/10/2025,GALAXY 7 W,901482555,1,901482555-1,Italy,395,,PASS,,,C,Asc 04-1,33D,624070020,50,MS.NGÂN,CFA,"Over Cement(1),Poor Attaching(1)",,,,,
11,11/10/2025,GALAXY 7 W,901714426,1,901714426-1,Netherlands,606,,PASS,,,C,Asc 06-1,21D,623030007,80,MR.THÁI,CFA,"Over Cement(2),Dirty O'S(2)",,,,,
11,11/10/2025,GALAXY 7 W,901721132,1,901721132-1,Netherlands,311,,PASS,,,C,Asc 07-1,24D,623090032,50,MS.NGÂN,CFA,"Over Cement(1),Poor Attaching(1)",,,,,
11,11/10/2025,GALAXY 7 W,901664020,1,901664020-1,Mexico,561,,PASS,,,C,Asc 04-1,33D,624070020,80,MS.HUỲNH,CFA,"Dirty M'S(3),Dirty O'S(2)",,,,,
11,11/10/2025,GRAND COURT 2.0,901722802,1,901722802-1,United Kingdom,479,,PASS,,,C,Asc 01-1,2D,625080009,50,MS.NGÂN,CFA,"Bonding Gap(2),Collar Lining Wrinkle(1)",,,,,
11,11/10/2025,GRAND COURT 2.0,901723041,1,901723041-1,Italy,"3,400",,PASS,3200,P1,C,Asc 01-2,31D,624040282,125,MRS.VY,CFA,"Dirty Upper(1),Dirty O'S(1),Bonding Gap(2)",,,,,
11,11/10/2025,GRAND COURT 2.0,901723041,1,901723041-1,Italy,"3,400",,PASS,200,PC,C,Asc 01-2,31D,624040282,32,MRS.VY,CFA,Over Cement(1),,,,,
11,11/10/2025,TENSAUR SPORT 3.0 K,901617130,1,901617130-1,Monaco,200,,PASS,,,C,Asc 02-2,17B,621120120,32,MS.NGÂN,CFA,Thread Ends(1),,,,,
11,11/10/2025,VS PACE 2.0,901178336,1,901178336-1,Utd.Arab Emir.,300,,PASS,,,C,Asc 03-1,8C,624070252,50,MS.HUỲNH,CFA,Over Cement(2),,,,,
11,11/10/2025,VS PACE 2.0,901425858,1,901425858-1,Ukraine,104,,PASS,,,C,Asc 03-1,8C,624070252,20,MS.NGÂN,CFA,No issue,,,,,
11,11/10/2025,VS PACE 2.0,901724280,1,901724280-1,Italy,410,,PASS,,,C,Asc 03-1,8C,624070252,50,MRS.LY,MANAGER,No issue,,CFA(HUỲNH)AQL->TOP MANAGER(MRS.LY),,,
11,11/10/2025,ADVANTAGE 2.0,901715755,1,901715755-1,Netherlands,418,,PASS,,,D,Asc 08-1,1C,623090139,50,MR.THÁI,CFA,Dirty O'S(2),,,,,
11,11/10/2025,VS PACE 2.0,901520421,1,901520421-1,United Kingdom,"1,770",,PASS,,,D,Asc 09-2,14C,624020152,125,MS.HUỲNH,CFA,"Dirty Upper(2),Wrinkle(2),Thread Ends(2)",,,,,
11,11/10/2025,VS PACE 2.0,901776415,1,901776415-1,United Kingdom,730,,PASS,,,D,Asc 11-1,38C,625090293,80,MS.HUỲNH,CFA,"Over Cement(2),Dirty Upper(2)",,,,,
11,11/10/2025,ADVANTAGE,901674844,1,901674844-1,Singapore,231,,PASS,,,D,Asc 10-1,36C,625050250,32,MS.NGÂN,CFA,Poor Shape(1),,,,,
11,11/10/2025,ADVANTAGE,901675196,1,901675196-1,Indonesia,300,,PASS,,,D,Asc 10-1,36C,625050250,50,MR.THÁI,CFA,Poor Shape(2),,,,,
11,11/10/2025,ADVANTAGE,901717013,1,901717013-1,Colombia,294,,PASS,,,D,Asc 10-1,36C,625050250,50,MS.HUỲNH,CFA,Collar Lining Wrinkle(2),,,,,
11,11/10/2025,ADVANTAGE,901721343,1,901721343-1,Netherlands,799,,PASS,,,D,Asc 06-2,10C,624050200,80,MR.THÁI,CFA,Crooked Toe Cap(3),,,,,
11,11/10/2025,ADVANTAGE,901723670,1,901723670-1,USA,356,,PASS,,,D,Asc 10-1,36C,625050250,50,MR.THÁI,CFA,"Poor Shape(1),Stitching Density(more)(1)",,,,,
11,11/10/2025,VL COURT 3.0 K,901599481,1,901599481-1,Netherlands,"2,520",,PASS,,,D,Asc 07-1,9,621040446,125,MS.NGÂN,CFA,"Dirty Upper(2),Wrinkle(2),High/Low Heel(2)",,,,,
11,11/10/2025,GRAND COURT 3.0,901787745,1,901787745-1,Utd.Arab Emir.,"48,686",,PASS,3200,P7,D,Asc 01-2,5C,621120400,125,MR.THÁI,CFA,"Over Cement(2),Dirty Upper(4),Bonding Gap(2),Dirty O'S(2)",,,,,
11,11/10/2025,GRAND COURT 3.0,901601749,1,901601749-1,Netherlands,"2,316",15D,PASS,,,B3,3,15D,622020913,125,MS.HUỲNH,CFA,"Dirty Upper(2),Thread Ends(2),Dirty O'S(2)",,,,,
11,11/10/2025,GRAND COURT 3.0,901601749,1,901601749-1,Netherlands,"2,316",12,PASS,,,B3,2,12,625030164,32,MR.BÌNH,LOP,No issue,,,,,
11,11/10/2025,GRAND COURT 3.0,901671906,1,901671906-1,Netherlands,"2,316",,PASS,,,D,Asc 04-1,33C,625030360,125,MS.NGÂN,CFA,"Dirty O'S(3),Dirty Upper(2),Bonding Gap(3)",,,,,
11,11/10/2025,URBAN COURT,901663787,1,901663787-1,Netherlands,784,,PASS,,,D,Asc 09-2,14C,624020152,80,MR.NHỨT,CFA,"Dirty O'S(1),Dirty Upper(1)",,,,,
11,11/10/2025,URBAN COURT,901704202,1,901704202-1,United Kingdom,459,R6C,PASS,,,B3,3,R6C,621020445,50,MR.THÁI,CFA,Dirty O'S(2),,,,,
11,11/10/2025,URBAN COURT,901708091,1,901708091-1,Italy,500,15D,PASS,,,B3,3,15D,622020913,50,MR.THÁI,CFA,Dirty O'S(2),,,,,
11,11/10/2025,URBAN COURT,901710550,1,901710550-1,Monaco,150,,PASS,,,D,Asc 09-2,14C,624020152,20,MR.NHỨT,CFA,Dirty O'S(1),,,,,
11,11/10/2025,URBAN COURT,901711665,1,901711665-1,Monaco,150,,PASS,,,D,Asc 09-2,14C,624020152,20,MS.NGÂN,CFA,No issue,,,,,
11,11/10/2025,URBAN COURT,901711753,1,901711753-1,Monaco,150,,PASS,,,D,Asc 07-2,17C,624030608,20,MS.NGÂN,CFA,Dirty O'S(1),,,,,
11,11/10/2025,URBAN COURT,901711837,1,901711837-1,Monaco,150,,PASS,,,D,Asc 07-2,17C,624030608,20,MS.NGÂN,CFA,No issue,,,,,
11,11/10/2025,URBAN COURT,901718444,1,901718444-1,Indonesia,171,,PASS,,,D,Asc 07-2,17C,624030608,32,MS.NGÂN,CFA,Wrinkle(1),,,,,
11,11/10/2025,VS PACE 2.0,901497200,1,901497200-1,Netherlands,339,,PASS,,,D,Asc 03-2,34C,625020591,50,MR.MOON,MANAGER,No issue,,CFA(VY)AQL->TOP MANAGER(MR.MOON),,,
11,11/10/2025,VS PACE 2.0,901519755,1,901519755-1,Netherlands,300,,PASS,,,D,Asc 06-1,2C,623080380,50,MS.NGÂN,CFA,"Dirty Upper(1),Dirty O'S(1)",,,,,
11,11/10/2025,VS PACE 2.0,901541744,1,901541744-1,United Kingdom,580,,PASS,,,D,Asc 03-2,34C,625020591,80,MS.NGÂN,CFA,Dirty Upper(1),,,,,
11,11/10/2025,GALAXY 7 M,901723507,1,901723507-1,Colombia,705,,FAIL,,,C,Asc 11-1,25D,622070156,80,MS.NGÂN,CFA,Bonding Gap(10),OFFICIAL,,,,
11,11/10/2025,GALAXY 7 W,901721018,1,901721018-1,Netherlands,476,,FAIL,,,C,Asc 06-1,21D,623030007,50,MR.THÁI,CFA,Bonding Gap(10),OFFICIAL,,,,
11,11/10/2025,GRAND COURT 3.0,901787747,1,901787747-1,Utd.Arab Emir.,"30,351",,FAIL,4640,P1+P2,A,Asc 08-2,11A,622021048,50,MR.BÌNH,LOP,"Off Center(5),Wobbling(5)",OFFICIAL,,,,not update pivot88
11,11/11/2025,GRAND COURT 3.0,901787747,1,901787747-1,Utd.Arab Emir.,"30,351",,PASS,3200,P4,A,Asc 08-2,11A,622021048,125,MS.NGÂN,CFA,"Thread Ends(4),Over Cement(2),Dirty O'S(2)",,,,,
11,11/11/2025,TENSAUR SPORT 3.0 CF I,901267279,1,901267279-1,Brazil,"1,947",,PASS,,,A,Asc 11-1,9A,622080458,125,MR.THÁI,CFA,"Bonding Gap(3),Dirty Upper(3)",,,,,
11,11/11/2025,TENSAUR SPORT 3.0 CF I,901727699,1,901727699-1,Netherlands,322,,PASS,,,A,Asc 06-2,17A,624030271,50,MR.THÁI,CFA,Dirty Collar Lining(2),,,,,
11,11/11/2025,Tensaur Run 3.0 EL I,901598161,1,901598161-1,Italy,325,,PASS,,,A,Asc 06-1,25A,624030105,50,MRS.VY,CFA,Poor Attaching(1) ,,,,,
11,11/11/2025,Tensaur Run 3.0 EL I,901598441,1,901598441-1,Italy,325,,PASS,,,A,Asc 06-1,25A,624030105,50,MS.NGÂN,CFA,"Bonding Gap(1),Over Cement(2)",,,,,
11,11/11/2025,TENSAUR COMFORT AC I,901181212,1,901181212-1,Netherlands,320,,PASS,,,A,Asc 06-1,25A,624030105,50,MR.THÁI,CFA,"Bonding Gap(1),Over Cement(2)",,,,,
11,11/11/2025,VL COURT 3.0 K,901179726,1,901179726-1,Utd.Arab Emir.,200,,PASS,,,A,Asc 02-2,7A,625020551,32,MS.NGÂN,CFA,Off Center Heel(1),,,,,
11,11/11/2025,VL COURT 3.0 K,901314664,1,901314664-1,Spain,359,,PASS,,,A,Asc 02-2,7A,625020551,50,MR.MOON,MANAGER,No issue,,CFA(NGÂN)AQL->TOP MANAGER(MR.MOON),,,
11,11/11/2025,VL COURT 3.0 K,901527110,1,901527110-1,USA,300,28A,PASS,,,B3,4,28A,619060201,50,MRS.VY,CFA,"Wobbling(2),Dirty Shoe Laces(1)",,,,,
11,11/11/2025,VL COURT 3.0 K,901673108,1,901673108-1,Italy,520,,PASS,,,A,Asc 05-2,28A,619060201,80,MS.NGÂN,CFA,"Off Center Heel(2),Wobbling(2)",,,,,
11,11/11/2025,VL COURT 3.0 K,901718300,1,901718300-1,Italy,820,,PASS,,,A,Asc 03-1,R4A,620080362,80,MS.HUỲNH,CFA,"Dirty O'S(1),Over Cement(1),Dirty Upper(1)",,,,,
11,11/11/2025,LIGHTSHIFT 2.0,901511087,1,901511087-1,Singapore,120,,PASS,,,A,Asc 02-1,31A,624060331,20,MS.NGÂN,CFA,Over Cement(1) ,,,,,
11,11/11/2025,LIGHTSHIFT 2.0,901522998,1,901522998-1,Thailand,120,,PASS,,,A,Asc 02-1,31A,624060331,20,MS.HUỲNH,CFA,Over Cement(1),,,,,
11,11/11/2025,LIGHTSHIFT 2.0,901665440,1,901665440-1,Peru,300,,PASS,,,A,Asc 02-1,31A,624060331,50,MS.NGÂN,CFA,"Over Cement(2),Dirty M'S(1)",,,,,
11,11/11/2025,LIGHTSHIFT 2.0,901666615,1,901666615-1,Colombia,419,,PASS,,,A,Asc 02-1,31A,624060331,50,MR.THÁI,CFA,"Dirty M'S(2),Over Cement(2)",,,,,
11,11/11/2025,ADVANTAGE K,901773888,1,901773888-1,Italy,"3,400",,PASS,3200,P1,B,Asc 05-1,6B,621060243,125,MRS.VY,CFA,"Dirty Collar Lining(1),Off Center(1),Bonding Gap(1),Dirty O'S(1)",,,,,
11,11/11/2025,ADVANTAGE K,901773995,1,901773995-1,Netherlands,"1,000",12,PASS,,,B3,2,12,625030164,80,MR.THÁI,CFA,"Uneven Collar Top Line(2),Off Center(2)",,,,,
11,11/11/2025,ADVANTAGE BASE 2.0 CF C,901526952,1,901526952-1,Italy,610,,PASS,,,B,Asc 05-1,6B,621060243,80,MR.THÁI,CFA,Dirty Upper(3),,,,,
11,11/11/2025,ADVANTAGE BASE 2.0 CF C,4501118833,1,4501118833-1,South Africa,"1,450",,PASS,,,B,Asc 05-1,6B,621060243,125,MS.HUỲNH,CFA,"Off Center(2),Dirty Upper(3)",,,,,
11,11/11/2025,TENSAUR SPORT 3.0 K,901665866,1,901665866-1,Uruguay,125,,PASS,,,B,Asc 06-2,26B,623090198,20,MS.NGÂN,CFA,Thread Ends(1) ,,,,,
11,11/11/2025,TENSAUR SPORT 3.0 K,901710241,1,901710241-1,Monaco,816,,PASS,,,B,Asc 01-2,42B,625030063,80,MR.THÁI,CFA,"Dirty O'S(2),Collar Lining Wrinkle(1),Poor Shape(1)",,,,,
11,11/11/2025,TENSAUR SPORT 3.0 K,901714673,1,901714673-1,Monaco,150,,PASS,,,B,Asc 06-2,26B,623090198,20,MR.NHỨT,CFA,No issue,,,,,
11,11/11/2025,TENSAUR SPORT 3.0 K,901725910,1,901725910-1,Italy,510,,PASS,,,B,Asc 01-2,42B,625030063,80,MR.THÁI,CFA,"Collar Lining Wrinkle(1),Wobbling(1),Left/Right Component Mismatch(1)",,,,,
11,11/11/2025,TENSAUR SPORT 3.0 K,901734209,1,901734209-1,Netherlands,300,,PASS,,,B,Asc 04-1,9B,621030996,50,MR.NHỨT,CFA,Over Primer O'S(2),,,,,
11,11/11/2025,TENSAUR SPORT 3.0 K,901271396,1,901271396-1,Brazil,417,,PASS,,,B,Asc 02-2,R3B,619020468,50,MS.NGÂN,CFA,"Bonding Gap(1),Wobbling(1),Fraying Shoe Laces(1)",,,,,
11,11/11/2025,TENSAUR SPORT 3.0 K,901284219,1,901284219-1,United Kingdom,385,,PASS,,,B,Asc 01-2,42B,625030063,50,MR.THÁI,CFA,Thread Ends(2) ,,,,,
11,11/11/2025,TENSAUR SPORT 3.0 K,901584288,1,901584288-1,Monaco,200,,PASS,,,B,Asc 01-1,38A,622020703,32,MRS.VY,CFA,"Uneven Collar Top Line(1),Over Primer O'S(1)",,,,,
11,11/11/2025,TENSAUR SPORT 3.0 K,901665426,1,901665426-1,Colombia,304,,PASS,,,B,Asc 02-1,R2B,621060393,50,MS.HUỲNH,CFA,Over Primer O'S(2),,,,,
11,11/11/2025,TENSAUR SPORT 3.0 K,901665535,1,901665535-1,Argentina,"3,812",,PASS,612,PC,B,Asc 04-2,43B,625030363,80,MR.NHỨT,CFA,"Dirty Upper(1),Wobbling(1)",,,,,
11,11/11/2025,TENSAUR SPORT 3.0 K,901714045,1,901714045-1,Monaco,150,,PASS,,,B,Asc 02-2,25B,621100361,20,MR.THÁI,CFA,Wrinkle(1),,,,,
11,11/11/2025,TENSAUR SPORT 3.0  CF K,901474581,1,901474581-1,Netherlands,"6,960",,PASS,3200,P2,B,Asc 03-2,84L,622030320,125,MR.THÁI,CFA,"Dirty Collar Lining(2),Wobbling(2),Dirty O'S(2)",,,,,
11,11/11/2025,TENSAUR SPORT 3.0  CF K,901475510,1,901475510-1,Netherlands,"6,960",,PASS,3200,P2,B,Asc 03-2,84L,622030320,125,MR.NHỨT,CFA,"Poor Attaching(1),Dirty O'S(1),Bonding Gap(2)",,,,,
11,11/11/2025,TENSAUR SPORT 3.0  CF K,901475510,1,901475510-1,Netherlands,"6,960",,PASS,560,PC,B,Asc 03-1,46B,625100092,80,MS.NGÂN,CFA,"Thread Ends(2),Poor Shape(2)",,,,,
11,11/11/2025,TENSAUR SPORT 3.0  CF K,901477143,1,901477143-1,Netherlands,"6,960",,PASS,3200,P1,B,Asc 04-1,9B,621030996,125,MS.NGÂN,CFA,"Poor Shape(2),Dirty O'S(2),Poor Attaching(2)",,,,,
11,11/11/2025,TENSAUR SPORT 3.0  CF K,901710362,1,901710362-1,Monaco,150,,PASS,,,B,Asc 01-1,38A,622020703,20,MS.NGÂN,CFA,Poor Attaching(1),,,,,
11,11/11/2025,TENSAUR SPORT 3.0  CF K,901727370,1,901727370-1,United Kingdom,387,,PASS,,,B,Asc 01-1,38A,622020703,50,MR.THÁI,CFA,Dirty Collar Lining(3),,,,,
11,11/11/2025,GALAXY 7 M,901479272,1,901479272-1,Australia,"1,000",,PASS,,,C,Asc 08-1,25D,622070156,80,MR.THÁI,CFA,"Collar Lining Wrinkle(1),Wrinkle(2),Over Cement(2)",,,,,
11,11/11/2025,GALAXY 7 M,901535202,1,901535202-1,Italy,"1,765",,PASS,,,C,Asc 10-1,13D,624100308,125,MR.NHỨT,CFA,"Over Cement(1),Poor Attaching(1)",,,,,
11,11/11/2025,GALAXY 7 M,901675547,1,901675547-1,Spain,300,,PASS,,,C,Asc 05-1,7D,621110412,50,MR.NHỨT,CFA,"Over Cement(1),Wrinkle(1)",,,,,
11,11/11/2025,GALAXY 7 M,901466155,1,901466155-1,Netherlands,"2,025",,PASS,,,C,Asc 10-2,1D,622050542,125,MR.NHỨT,CFA,"Collar Lining Wrinkle(1),Over Cement(2)",,,,,
11,11/11/2025,GALAXY 7 M,901703475,1,901703475-1,Netherlands,654,,PASS,,,C,Asc 08-2,8D,624080430,80,MR.NHỨT,CFA,"Over Primer O'S(2),Dirty M'S(1)",,,,,
11,11/11/2025,GALAXY 7 M,901723507,1,901723507-1,Colombia,705,15D,PASS,,,B3,4,15D,622020913,80,MR.THÁI,CFA,"Poor Attaching(1),Dirty O'S(2),Dirty Upper(1)",,,,,
11,11/11/2025,GALAXY 7 W,901425648,1,901425648-1,Australia,"1,000",,PASS,,,C,Asc 05-2,10D,624040283,80,MR.THÁI,CFA,Over Cement(2),,,,,
11,11/11/2025,GALAXY 7 W,901466330,1,901466330-1,Netherlands,"2,000",,PASS,,,C,Asc 06-2,17D,624060040,125,MR.NHỨT,CFA,"Over Primer O'S(1),Dirty M'S(1),Over Cement(2)",,,,,
11,11/11/2025,GALAXY 7 W,901479353,1,901479353-1,Italy,"1,125",,PASS,,,C,Asc 04-1,33D,624070020,80,MR.THÁI,CFA,"Wobbling(2),Over Cement(2),Dirty M'S(2)",,,,,
11,11/11/2025,GALAXY 7 W,901288636,1,901288636-1,Spain,371,,PASS,,,C,Asc 04-1,33D,624070020,50,MR.MOON,MANAGER,No issue,,CFA(THÁI)AQL->TOP MANAGER(MR.MOON),,,
11,11/11/2025,GALAXY 7 W,901675410,1,901675410-1,Netherlands,477,,PASS,,,C,Asc 07-1,16,621070084,50,MR.NHỨT,CFA,"Dirty Collar Lining(1),Over Primer O'S(1)",,,,,
11,11/11/2025,TENSAUR SPORT 3.0 K,901163731,1,901163731-1,Utd.Arab Emir.,"1,185",,PASS,,,C,Asc 01-1,2D,625080009,80,MR.THÁI,CFA,"Thread Ends(1),Bonidng Gap(2),Dirty O'S(2),Collar Lining Wrinkle(1)",,,,,
11,11/11/2025,TENSAUR SPORT 3.0 K,901665418,1,901665418-1,Peru,128,,PASS,,,C,Asc 02-2,17B,621120120,20,MS.NGÂN,CFA,Dirty O'S(1) ,,,,,
11,11/11/2025,TENSAUR SPORT 3.0 K,901665563,1,901665563-1,Argentina,"4,500",,PASS,1300,PC,C,Asc 02-1,11D,624080127,125,MR.NHỨT,CFA,"Over Primer O'S(2),Collar Lining Damaged(1),Over Cement(2)",,,,,
11,11/11/2025,TENSAUR SPORT 3.0 K,901724619,1,901724619-1,Italy,"4,750",,PASS,1550,PC,C,Asc 02-1,11D,624080127,125,MRS.VY,CFA,"Wobbling(2),Bonding Gap(1),Dirty O'S(1)",,,,,
11,11/11/2025,VS PACE 2.0,901739950,1,901739950-1,Italy,400,,PASS,,,C,Asc 03-1,8C,624070252,50,MR.NHỨT,CFA,"Dirty Upper(1),Dirty O'S(1)",,,,,
11,11/11/2025,ADVANTAGE 2.0,901471140,1,901471140-1,Netherlands,892,,PASS,,,D,Asc 08-1,1C,623090139,80,MR.NHỨT,CFA,"Bonding Gap(1),Dirty O'S(2)",,,,,
11,11/11/2025,ADVANTAGE 2.0,901493081,1,901493081-1,Peru,264,,PASS,,,D,Asc 08-1,1C,623090139,32,MR.THÁI,CFA,Dirty O'S(1),,,,,
11,11/11/2025,ADVANTAGE,901720265,1,901720265-1,Indonesia,613,,PASS,,,D,Asc 09-1,32C,625030234,80,MR.NHỨT,CFA,"Bonding Gap(1),Poor Attaching(1),Dirty Shoae Laces(1)",,,,,
11,11/11/2025,VL COURT 3.0 K,901178593,1,901178593-1,Utd.Arab Emir.,300,,PASS,,,D,Asc 05-2,19C,622030777,50,MR.NHỨT,CFA,"Over Cement(1),Bonding Gap(1)",,,,,
11,11/11/2025,GRAND COURT 3.0,901787745,1,901787745-1,Utd.Arab Emir.,"48,686",,PASS,6400,P1+P2,D,Asc 02-2,35C,625050156,64,MR.BÌNH,LOP,"Poor Attaching(1),Dirty O'S(1)",,,,,
11,11/11/2025,GRAND COURT 3.0,901787745,1,901787745-1,Utd.Arab Emir.,"48,686",,PASS,3200,P8,D,Asc 02-1,16C,624030295,125,MR.THÁI,CFA,"Dirty Upper(2),Dirty O'S(2),Over Cement(2),Dirty Shoe Laces(2)",,,,,
11,11/11/2025,GRAND COURT 3.0,901787745,1,901787745-1,Utd.Arab Emir.,"48,686",,PASS,3200,P9,D,Asc 01-2,37C,625080102,125,MS.NGÂN,CFA,"Bonding Gap(2),Dirty O'S(2),Over Cement(2)",,,,,
11,11/11/2025,GRAND COURT 3.0,901178909,1,901178909-1,United Kingdom,370,15A,PASS,,,B3,4,15A,624050151,32,MR.NHỨT+MR.BÌNH,CFA + LOP,Dirty O'S(1),,,,,
11,11/11/2025,URBAN COURT,901664119,1,901664119-1,Peru,639,,PASS,,,D,Asc 09-2,14C,624020152,80,MS.NGÂN,CFA,Dirty Upper(2) ,,,,,
11,11/11/2025,URBAN COURT,901704336,1,901704336-1,Netherlands,305,,PASS,,,D,Asc 07-2,17C,624030608,50,MR.THÁI,CFA,"Dirty Collar Lining(2),Dirty O'S(1)",,,,,
11,11/11/2025,URBAN COURT,901713776,1,901713776-1,Monaco,150,,PASS,,,D,Asc 07-2,17C,624030608,20,MR.NHỨT,CFA,Dirty Upper(1),,,,,
11,11/11/2025,VS PACE 2.0,901475350,1,901475350-1,South Korea,"1,260",,PASS,,,D,Asc 11-1,38C,625090293,125,MS.NGÂN,CFA,"Over Cement(2),Dirty O'S(2)",,,,,
11,11/11/2025,VS PACE 2.0,901525127,1,901525127-1,Netherlands,300,,PASS,,,D,Asc 03-2,34C,625020591,50,MR.THÁI,CFA,"Thread Ends(2),Dirty O'S(1)",,,,,
11,11/12/2025,Tensaur Sport 2.0 CF I,901705124,1,901705124-1,Italy,"5,101",,PASS,3200,P1,A,Asc 08-1,41A,625080141,125,MRS.VY,CFA,Over Primer Upper(4),,,,,
11,11/12/2025,VL COURT 3.0 K,901279396,1,901279396-1,Canada,"1,184",,PASS,,,A,Asc 05-2,28A,619060201,80,MRS.VY,CFA,"Wobbling(2),Dirty O'S(1)",,,,,
11,11/12/2025,VL COURT 3.0 K,901715680,1,901715680-1,Netherlands,377,,PASS,,,A,Asc 05-2,19A,621110258,50,MS.HUỲNH,CFA,Over Cement(2),,,,,
11,11/12/2025,VL COURT 3.0 K,901730576,1,901730576-1,USA,302,,PASS,,,A,Asc 04-1,18A,623100210,50,MR.MOON,MANAGER,No issue,,CFA(HUỲNH)AQL->TOP MANAGER(MR.MOON),,,
11,11/12/2025,LITE RACER ADAPT 7.0 I,901730397,1,901730397-1,USA,335,,PASS,,,A,Asc 07-1,20A,623110220,50,MS.NGÂN,CFA,"Bonding Gap(1),Thread Ends(1)",,,,,
11,11/12/2025,TENSAUR SPORT 3.0 CF I,901269015,1,901269015-1,Brazil,"1,450",,PASS,,,A,Asc 10-1,14A,622030023,125,MRS.VY,CFA,"Dirty O'S(1),Poor Attaching(1),Collar Lining Wrinkle(2)",,,,,
11,11/12/2025,TENSAUR SPORT 3.0 CF I,901551827,1,901551827-1,United Kingdom,325,,PASS,,,A,Asc 10-1,14A,622030023,50,MRS.VY,CFA,"Dirty Collar Lining(1),Over Primer Upper(1)",,,,,
11,11/12/2025,TENSAUR SPORT 3.0 CF I,901226733,1,901226733-1,Netherlands,"1,894",,PASS,,,A,Asc 07-1,20A,623110220,125,MS.HUỲNH,CFA,"Dirty O'S(2),Dirty Collar Lining(2),Over Cement(2),Over Primer O'S(2)",,,,,
11,11/12/2025,TENSAUR SPORT 3.0 CF I,901263250,1,901263250-1,Panama,100,,PASS,,,A,Asc 05-1,23A,624110228,20,MS.HUỲNH,CFA,Wrinkle(1),,,,,
11,11/12/2025,TENSAUR SPORT 3.0 CF I,901269692,1,901269692-1,United Kingdom,365,,PASS,,,A,Asc 05-1,23A,624110228,50,MS.NGÂN,CFA,Bonding Gap(1),,,,,
11,11/12/2025,TENSAUR SPORT 3.0 CF I,901273807,1,901273807-1,United Kingdom,345,,PASS,,,A,Asc 10-1,14A,622030023,50,MS.NGÂN,CFA,Collar Lining Wrinkle(2),,,,,
11,11/12/2025,TENSAUR SPORT 3.0 CF I,901273927,1,901273927-1,United Kingdom,700,,PASS,,,A,Asc 06-2,17A,624030271,80,MS.NGÂN,CFA,Over Cement(3),,,,,
11,11/12/2025,TENSAUR SPORT 3.0 CF I,901315082,1,901315082-1,Italy,380,,PASS,,,A,Asc 11-1,9A,622080458,50,MS.HUỲNH,CFA,"Collar Lining Wrinkle(1),Broken Stitching(1)",,,,,
11,11/12/2025,TENSAUR SPORT 3.0 CF I,901378929,1,901378929-1,United Kingdom,355,,PASS,,,A,Asc 11-1,9A,622080458,50,MRS.VY,CFA,Bonding Gap(1),,,,,
11,11/12/2025,TENSAUR SPORT 3.0 CF I,901480597,1,901480597-1,Peru,264,,PASS,,,A,Asc 11-1,9A,622080458,32,MS.HUỲNH,CFA,Dirty Upper(2),,,,,
11,11/12/2025,TENSAUR SPORT 3.0 CF I,901665241,1,901665241-1,Peru,710,,PASS,,,A,Asc 05-1,23A,624110228,80,MS.HUỲNH,CFA,"Collar Lining Damaged(1),Dirty Collar Lining(2)",,,,,
11,11/12/2025,TENSAUR SPORT 3.0 CF I,901666067,1,901666067-1,Chile,566,,PASS,,,A,Asc 10-1,14A,622030023,80,MS.NGÂN,CFA,"Thread Ends(3),Dirty O'S(2)",,,,,
11,11/12/2025,TENSAUR SPORT 3.0 CF I,901666283,1,901666283-1,Peru,192,,PASS,,,A,Asc 11-1,9A,622080458,32,MS.NGÂN,CFA,"Dirty O'S(1),Bonding Gap(1)",,,,,
11,11/12/2025,TENSAUR SPORT 3.0 CF I,901676300,1,901676300-1,Netherlands,585,,PASS,,,A,Asc 07-1,20A,623110220,80,MRS.VY,CFA,Wobbling(2),,,,,
11,11/12/2025,TENSAUR SPORT 3.0 CF I,901677260,1,901677260-1,Netherlands,523,,PASS,,,A,Asc 06-2,17A,624030271,80,MR.MOON,MANAGER,No issue,,CFA(HUỲNH)AQL->TOP MANAGER(MR.MOON),,,
11,11/12/2025,Tensaur Run 3.0 EL I,4501118129,1,4501118129-1,South Africa,90,,PASS,,,A,Asc 07-2,12A,622021407,13,MR.THÁI,CFA,No issue,,,,,
11,11/12/2025,TENSAUR SPORT 3.0 K,901271504,1,901271504-1,Brazil,"2,754",,PASS,,,A,Asc 04-2,40A,625060019,125,MS.HUỲNH,CFA,"Dirty O'S(2),Dirty Upper(2),Dirty Shoe Laces(2)",,,,,
11,11/12/2025,TENSAUR SPORT 3.0 K,901668355,1,901668355-1,Monaco,150,,PASS,,,A,Asc 04-2,40A,625060019,20,MR.MOON,MANAGER,No issue,,CFA(HUỲNH)AQL->TOP MANAGER(MR.MOON),,,
11,11/12/2025,VL COURT 3.0 K,901269894,1,901269894-1,United Kingdom,420,,PASS,,,A,Asc 02-2,7A,625020551,50,MS.NGÂN,CFA,Over Cement(2),,,,,
11,11/12/2025,VL COURT 3.0 K,901579318,1,901579318-1,USA,667,,PASS,,,A,Asc 02-2,7A,625020551,80,MS.HUỲNH,CFA,"Off Center(1),Bonding Gap(1),Thread Ends(1)",,,,,
11,11/12/2025,VL COURT 3.0 K,901709081,1,901709081-1,Monaco,240,,PASS,,,A,Asc 02-2,7A,625020551,32,MRS.VY,CFA,Wobbling(1),,,,,
11,11/12/2025,VL COURT 3.0 K,901710521,1,901710521-1,Netherlands,529,,PASS,,,A,Asc 03-1,R4A,620080362,80,MRS.VY,CFA,"Dirty Collar Lining(2),Wobbling(2)",,,,,
11,11/12/2025,VL COURT 3.0 K,901722593,1,901722593-1,USA,308,,PASS,,,A,Asc 02-2,7A,625020551,50,MRS.VY,CFA,"Bonding Gap(1),Wrinkle(1)",,,,,
11,11/12/2025,VL COURT 3.0 K,901731648,1,901731648-1,Singapore,112,,PASS,,,A,Asc 03-1,R4A,620080362,20,MS.HUỲNH,CFA,Off Center(1),,,,,
11,11/12/2025,LIGHTSHIFT 2.0,901272778,1,901272778-1,Brazil,412,,PASS,,,A,Asc 02-1,31A,624060331,50,MS.NGÂN,CFA,"Over Primer O'S(1),Dirty Collar Lining(1)",,,,,
11,11/12/2025,LIGHTSHIFT 2.0,901516308,1,901516308-1,Singapore,108,R6C,PASS,,,B3,3,R6C,621020445,20,MS.NGÂN,CFA,Over Cement(1),,,,,
11,11/12/2025,LIGHTSHIFT 2.0,901522911,1,901522911-1,Thailand,201,10A,PASS,,,B3,0,10A,622021050,32,MR.NHỨT,CFA,Dirty O'S(1),,,,,
11,11/12/2025,LIGHTSHIFT 2.0,901525123,1,901525123-1,Thailand,214,,PASS,,,A,Asc 02-1,31A,624060331,32,MRS.VY,CFA,Over Cement(1),,,,,
11,11/12/2025,LIGHTSHIFT 2.0,901667789,1,901667789-1,Brazil,310,,PASS,,,A,Asc 01-1,31A,624060331,50,MS.HUỲNH,CFA,"Dirty Upper(2),Over Primer O'S(2)",,,,,
11,11/12/2025,LIGHTSHIFT 2.0,901673377,1,901673377-1,USA,309,,PASS,,,A,Asc 02-1,31A,624060331,50,MRS.VY,CFA,Wrinkle(1),,,,,
11,11/12/2025,LIGHTSHIFT 2.0,901725693,1,901725693-1,Argentina,280,,PASS,,,A,Asc 02-1,31A,624060331,32,MR.THÁI,CFA,Over Cement(2),,,,,
11,11/12/2025,VL COURT 3.0 K,901269980,1,901269980-1,Spain,339,,PASS,,,A,Asc 03-2,8A,624020086,50,MRS.VY,CFA,Wobbling(1),,,,,
11,11/12/2025,VL COURT 3.0 K,901518958,1,901518958-1,Netherlands,"1,189",,PASS,,,A,Asc 03-2,8A,624020086,80,MR.THÁI,CFA,"Over Cement(2),Wobbling(1),Thread Ends(1)",,,,,
11,11/12/2025,ADVANTAGE K,901773888,1,901773888-1,Italy,"3,400",,PASS,200,PC,B,Asc 05-1,6B,621060243,32,MRS.VY,CFA,Dirty O'S(1),,,,,
11,11/12/2025,TENSAUR SPORT 3.0 K,901280555,1,901280555-1,United Kingdom,755,,PASS,,,B,Asc 01-1,38A,622020703,80,MS.HUỲNH,CFA,"Thread Ends(2),Wobbling(1),Over Cement White(1)",,,,,
11,11/12/2025,TENSAUR SPORT 3.0 K,901303680,1,901303680-1,Netherlands,"1,515",,PASS,,,B,Asc 02-2,25B,621100361,125,MRS.LY,MANAGER,No issue,,CFA(HUỲNH)AQL->TOP MANAGER(MRS.LY),,,
11,11/12/2025,TENSAUR SPORT 3.0 K,901584369,1,901584369-1,Monaco,200,,PASS,,,B,Asc 01-2,21B,622020056,32,MR.THÁI,CFA,"Thread Ends(1),Dirty Collar Lining(1)",,,,,
11,11/12/2025,TENSAUR SPORT 3.0 K,901666658,1,901666658-1,Argentina,955,,PASS,,,B,Asc 01-2,42B,625030063,80,MS.NGÂN,CFA,"Wrinkle(2),Over Cement(2),Thread Ends(2)",,,,,
11,11/12/2025,TENSAUR SPORT 3.0 K,901726343,1,901726343-1,United Kingdom,301,,PASS,,,B,Asc 02-2,25B,621100361,50,MS.NGÂN,CFA,Needle Hole(1),,,,,
11,11/12/2025,TENSAUR SPORT 3.0  CF K,901474220,1,901474220-1,Netherlands,"6,960",,PASS,3200,P1,B,Asc 06-1,21B,622020056,125,MR.THÁI,CFA,"Dirty Upper(3),Crooked Toe Cap(3),Thread Ends(2)",,,,,
11,11/12/2025,TENSAUR SPORT 3.0  CF K,901474220,1,901474220-1,Netherlands,"6,960",,PASS,3200,P2,B,Asc 06-1,18B,620030032,125,MS.HUỲNH,CFA,"Poor Shape(2),Thread Ends(2),Dirty O'S(2),Dirty Upper(2)",,,,,
11,11/12/2025,TENSAUR SPORT 3.0  CF K,901474220,1,901474220-1,Netherlands,"6,960",,PASS,560,PC,B,Asc 06-1,18B,620030032,80,MS.HUỲNH,CFA,"Thread Ends(2),Dirty Upper(2)",,,,,
11,11/12/2025,TENSAUR SPORT 3.0  CF K,901474581,1,901474581-1,Netherlands,"6,960",,PASS,560,PC,B,Asc 06-1,27A,621030280,80,MS.HUỲNH,CFA,"Dirty Collar Lining(2),Thread Ends(2)",,,,,
11,11/12/2025,TENSAUR SPORT 3.0  CF K,901475400,1,901475400-1,Netherlands,"6,960",,PASS,3200,P1,B,Asc 03-1,46B,625100092,125,MRS.VY,CFA,"Poor Shape(2),Dirty O'S(1),Dirty Upper(1)",,,,,
11,11/12/2025,TENSAUR SPORT 3.0  CF K,901475400,1,901475400-1,Netherlands,"6,960",,PASS,3200,P2,B,Asc 05-2,40B,625010030,125,MR.NHỨT,CFA,"Dirty Upper(1),Collar Lining Wrinkle(2),Dirty O'S(2)",,,,,
11,11/12/2025,TENSAUR SPORT 3.0  CF K,901477143,1,901477143-1,Netherlands,"6,960",,PASS,3200,P2,B,Asc 04-2,43B,625030363,125,MR.THÁI,CFA,"Thread Ends(2),Wrinkle(2),Dirty O'S(2)",,,,,
11,11/12/2025,GALAXY 7 M,901475056,1,901475056-1,Peru,852,,PASS,,,C,Asc 08-1,7D,621110412,80,MRS.VY,CFA,"Wrinkle(1),Over Primer O'S(1),Dirty M'S(1)",,,,,
11,11/12/2025,GALAXY 7 M,901536919,1,901536919-1,Netherlands,"2,341",,PASS,,,C,Asc 10-1,13D,624100308,125,MR.THÁI,CFA,"Dirty Upper(2),Over Cement(2),Over Primer O'S(2)",,,,,
11,11/12/2025,GALAXY 7 M,901552288,1,901552288-1,Australia,"1,000",,PASS,,,C,Asc 10-1,13D,624100308,80,MR.THÁI,CFA,"Dirty Collar Lining(2),Over Cement(3)",,,,,
11,11/12/2025,GALAXY 7 M,901463346,1,901463346-1,Netherlands,"1,605",,PASS,,,C,Asc 11-2,28D,625080255,125,MRS.VY,CFA,"Wrinkle(1),Dirty M'S(2),Bonding Gap(2)",,,,,
11,11/12/2025,GALAXY 7 M,901670777,1,901670777-1,Netherlands,420,,PASS,,,C,Asc 09-1,22D,623090063,50,MS.NGÂN,CFA,"Wrinkle(2),Collar Lining Wrinkle(1),Over Cement(1)",,,,,
11,11/12/2025,GALAXY 7 M,901713613,1,901713613-1,Utd.Arab Emir.,162,,PASS,,,C,Asc 11-2,3D,622080106,32,MR.NHỨT,CFA,Wobbling(1),,,,,
11,11/12/2025,GALAXY 7 M,901717723,1,901717723-1,Netherlands,395,,PASS,,,C,Asc 11-1,11,623120136,50,MS.NGÂN,CFA,"Dirty O'S(1),Collar Lining Wrinkle(1)",,,,,
11,11/12/2025,GALAXY 7 W,901269695,1,901269695-1,United Kingdom,300,,PASS,,,C,Asc 07-1,24D,623090032,50,MS.NGÂN,CFA,"Over Primer O'S(2),Dirty Upper(1),Over Cement(1)",,,,,
11,11/12/2025,GALAXY 7 W,901275429,1,901275429-1,Netherlands,"2,561",,PASS,,,C,Asc 04-2,27D,623090194,125,MR.THÁI,CFA,"Wobbling(2),Wrinkle(2),Over Cement(2)",,,,,
11,11/12/2025,GALAXY 7 W,901425751,1,901425751-1,Utd.Arab Emir.,231,,PASS,,,C,Asc 04-1,33D,624070020,32,MR.THÁI,CFA,Dirty O'S(1),,,,,
11,11/12/2025,GALAXY 7 W,901426077,1,901426077-1,Utd.Arab Emir.,100,,PASS,,,C,Asc 04-1,33D,624070020,20,MR.NHỨT,CFA,No issue,,,,,
11,11/12/2025,GALAXY 7 W,901488642,1,901488642-1,Singapore,100,,PASS,,,C,Asc 04-1,33D,624070020,20,MR.NHỨT,CFA,No issue,,,,,
11,11/12/2025,GALAXY 7 W,901566369,1,901566369-1,Indonesia,"1,908",,PASS,,,C,Asc 07-2,29D,624040410,125,MS.NGÂN,CFA,"Dirty Upper(2),Dirty Collar Lining(3),Collar Lining Wrinkle(2),Dirty O'S(2)",,,,,
11,11/12/2025,GALAXY 7 W,901713078,1,901713078-1,Colombia,728,,PASS,,,C,Asc 04-1,33D,624070020,80,MRS.VY,CFA,"Wrinkle(2),Bonding Gap(2),Over Primer O'S(2)",,,,,
11,11/12/2025,GALAXY 7 W,901717090,1,901717090-1,United Kingdom,180,,PASS,,,C,Asc 04-1,33D,624070020,32,MR.NHỨT,CFA,Wrinkle(1),,,,,
11,11/12/2025,GALAXY 7 W,901720437,1,901720437-1,Italy,"1,790",,PASS,,,C,Asc 05-2,10D,624040283,125,MR.THÁI,CFA,"Collar Lining Wrinkle(2),Wobbling(2),Dirty Collar Lining(2)",,,,,
11,11/12/2025,GALAXY 7 W,901721018,1,901721018-1,Netherlands,476,15A,PASS,,,B3,4,15A,624050151,50,MR.THÁI,CFA,"Over Cement(2),Bonding Gap(2)",,,,,
11,11/12/2025,GALAXY 7 W,901722293,1,901722293-1,Netherlands,337,,PASS,,,C,Asc 07-2,29D,624040410,50,MR.THÁI,CFA,"Wobbling(2),Dirty Collar Lining(1)",,,,,
11,11/12/2025,GALAXY 7 W,901426131,1,901426131-1,Utd.Arab Emir.,107,,PASS,,,C,Asc 06-1,16,621070084,20,MRS.VY,CFA,Dirty M'S(1),,,,,
11,11/12/2025,GALAXY 7 W,901672921,1,901672921-1,Italy,325,,PASS,,,C,Asc 06-1,16,621070084,50,MR.THÁI,CFA,"Over Primer O'S(1),Over Cement(1),Dirty Upper(2)",,,,,
11,11/12/2025,TENSAUR SPORT 3.0 K,901268839,1,901268839-1,Brazil,"2,007",,PASS,,,C,Asc 02-1,11D,624080127,125,MR.THÁI,CFA,"Thread Ends(1),Over Cement(1),Dirty O'S(2),Broken Stitching(2)",,,,,
11,11/12/2025,VS PACE 2.0,901516975,1,901516975-1,United Kingdom,"1,680",,PASS,,,C,Asc 01-1,2D,625080009,125,MR.NHỨT,CFA,"Dirty Upper(1),Over Cement(2)",,,,,
11,11/12/2025,VS PACE 2.0,901518457,1,901518457-1,United Kingdom,"1,160",,PASS,,,C,Asc 03-2,20D,624080083,80,MR.THÁI,CFA,"Dirty Upper(2),Off Center Heel(2)",,,,,
11,11/12/2025,VS PACE 2.0,901776350,1,901776350-1,Netherlands,565,,PASS,,,C,Asc 03-1,8C,624070252,80,MR.THÁI,CFA,Over Cement(2),,,,,
11,11/12/2025,VS PACE 2.0,901777664,1,901777664-1,United Kingdom,"1,208",,PASS,,,C,Asc 03-2,20D,624080083,125,MS.HUỲNH,CFA,"Wrinkle(2),Dirty Upper(1)",,,,,
11,11/12/2025,ADVANTAGE,901527696,1,901527696-1,USA,"5,000",,PASS,3200,P1,D,Asc 10-1,36C,625050250,125,MRS.VY,CFA,"Wrinkle(1),Dirty Upper(2),Dirty O'S(2)",,,,,
11,11/12/2025,ADVANTAGE,901527696,1,901527696-1,USA,"5,000",,PASS,1800,PC,D,Asc 06-2,10C,624050200,125,MS.NGÂN,CFA,"Collar Lining Wrinkle(3),Dirty O'S(2),Dirty Upper(3)",,,,,
11,11/12/2025,VL COURT 3.0 EL C,901128927,1,901128927-1,Peru,100,,PASS,,,D,Asc 05-1,18D,625030163,20,MR.THÁI,CFA,Over Cement(1),,,,,
11,11/12/2025,VL COURT 3.0 EL C,901334004,1,901334004-1,Canada,41,,PASS,,,D,Asc 05-1,18D,625030163,8,MR.THÁI,CFA,No issue,,,,,
11,11/12/2025,VL COURT 3.0 K,901266206,1,901266206-1,Netherlands,800,,PASS,,,D,Asc 05-2,19C,622030777,80,MR.THÁI,CFA,"Over Cement(2),Off Center(2)",,,,,
11,11/12/2025,VL COURT 3.0 K,901346077,1,901346077-1,Netherlands,354,,PASS,,,D,Asc 04-2,12C,624080082,50,MR.THÁI,CFA,Over Cement(2),,,,,
11,11/12/2025,VL COURT 3.0 K,901600151,1,901600151-1,Netherlands,"3,100",,PASS,,,D,Asc 05-1,18D,625030163,125,MS.HUỲNH,CFA,"Bonding Gap(1),Wrinkle(2),Thread Ends(1)",,,,,
11,11/12/2025,VL COURT 3.0 K,901673697,1,901673697-1,Netherlands,"1,000",,PASS,,,D,Asc 05-2,19C,622030777,80,MR.NHỨT,CFA,"Over Cement(1),Dirty Collar Lining(1)",,,,,
11,11/13/2025,Tensaur Sport 2.0 CF I,901705124,1,901705124-1,Italy,"5,101",,PASS,1901,PC,A,Asc 08-1,41A,625080141,125,MRS.VY,CFA,"Dirty O'S(2),Over Cement(2)",,,,,
11,11/13/2025,VL COURT 3.0 K,901715975,1,901715975-1,United Kingdom,590,,PASS,,,A,Asc 03-2,8A,624020086,80,MRS.VY,CFA,"Wobbling(1),Dirty O'S(1)",,,,,
11,11/13/2025,LITE RACER ADAPT 7.0 I,901282927,1,901282927-1,USA,400,,PASS,,,A,Asc 07-1,20A,623110220,50,MRS.VY,CFA,"Dirty M'S(1),Off Center(1)",,,,,
11,11/13/2025,LITE RACER ADAPT 7.0 I,901673157,1,901673157-1,USA,402,,PASS,,,A,Asc 07-1,20A,623110220,50,MR.THÁI,CFA,"Over Cement(2),Dirty M'S(1)",,,,,
11,11/13/2025,TENSAUR SPORT 3.0 CF I,901268924,1,901268924-1,Brazil,"1,634",,PASS,,,A,Asc 11-1,9A,622080458,125,MR.THÁI,CFA,Dirty Collar Lining(3),,,,,
11,11/13/2025,TENSAUR SPORT 3.0 CF I,901288152,1,901288152-1,Italy,480,,PASS,,,A,Asc 05-1,23A,624110228,50,MRS.VY,CFA,"Dirty Collar Lining(1),Wobbling(1)",,,,,
11,11/13/2025,TENSAUR SPORT 3.0 CF I,901479427,1,901479427-1,Colombia,457,,PASS,,,A,Asc 11-1,9A,622080458,50,MS.NGÂN,CFA,Dirty O'S(1),,,,,
11,11/13/2025,TENSAUR SPORT 3.0 CF I,901676562,1,901676562-1,Netherlands,635,,PASS,,,A,Asc 06-2,17A,624030271,80,MRS.VY,CFA,"Bonding Gap(2),Thread Ends(1)",,,,,
11,11/13/2025,Tensaur Run 3.0 EL I,901714359,1,901714359-1,Netherlands,"5,508",,PASS,3200,P1,A,Asc 06-1,25A,624030105,125,MS.NGÂN,CFA,"Over Cement(3),Poor Attaching(2)",,,,,
11,11/13/2025,Tensaur Run 3.0 EL I,901714359,1,901714359-1,Netherlands,"5,508",,PASS,3200,P1,A,Asc 06-1,25A,624030105,32,MR.BÌNH,LOP,Poor MidSole Quality(1),,,,,
11,11/13/2025,VL COURT 3.0 K,901725741,1,901725741-1,Australia,500,,PASS,,,A,Asc 03-1,R4A,620080362,50,MR.THÁI,CFA,"Over Cement(2),Wobbling(1)",,,,,
11,11/13/2025,VL COURT 3.0 K,901730947,1,901730947-1,Singapore,312,,PASS,,,A,Asc 03-1,R4A,620080362,50,MRS.VY,CFA,Poor Shape(1),,,,,
11,11/13/2025,LIGHTSHIFT 2.0,901666261,1,901666261-1,Argentina,812,,PASS,,,A,Asc 02-1,31A,624060331,80,MS.NGÂN,CFA,"Wrinkle(2),Over Cement(1)",,,,,
11,11/13/2025,LIGHTSHIFT 2.0,901666889,1,901666889-1,Argentina,912,15A,PASS,,,B3,4,15A,624050151,80,MS.NGÂN,CFA,"Dirty Upper(1),Over Cement(2)",,,,,
11,11/13/2025,LIGHTSHIFT 2.0,901724535,1,901724535-1,Argentina,309,,PASS,,,A,Asc 02-1,31A,624060331,50,MS.HUỲNH,CFA,"Over Cement(1),Dirty M'S(1)",,,,,
11,11/13/2025,LIGHTSHIFT 2.0,901724622,1,901724622-1,Argentina,836,15D,PASS,,,B3,3,15D,622020913,80,MR.THÁI,CFA,"Off Center(2),Over Cement(2)",,,,,
11,11/13/2025,ADVANTAGE BASE 2.0 CF C,901554057,1,901554057-1,Morocco,100,,PASS,,,B,Asc 05-1,6B,621060243,20,MR.MOON,MANAGER,No issue,,CFA(NGÂN)AQL->TOP MANAGER(MR.MOON),,,
11,11/13/2025,TENSAUR SPORT 3.0 K,901726410,1,901726410-1,Netherlands,685,,PASS,,,B,Asc 02-2,25B,621100361,80,MRS.VY,CFA,"Over Cement(1),Bonding Gap(2)",,,,,
11,11/13/2025,TENSAUR SPORT 3.0  CF K,901283296,1,901283296-1,United Kingdom,540,,PASS,,,B,Asc 04-2,43B,625030363,80,MRS.VY,CFA,"Poor Attaching(1),Bonding Gap(2)",,,,,
11,11/13/2025,TENSAUR SPORT 3.0  CF K,901664503,1,901664503-1,Brazil,"2,694",,PASS,,,B,Asc 01-1,38A,622020703,125,MS.HUỲNH,CFA,"Over Cement(1),Collar Lining Wrinkle(2),Thread Ends(2)",,,,,
11,11/13/2025,TENSAUR SPORT 3.0  CF K,901267598,1,901267598-1,Brazil,384,,PASS,,,B,Asc 02-1,R2B,621060393,50,MS.NGÂN,CFA,Thread Ends(2),,,,,
11,11/13/2025,TENSAUR SPORT 3.0  CF K,901439487,1,901439487-1,Ukraine,137,,PASS,,,B,Asc 03-1,46B,625100092,20,MS.NGÂN,CFA,Poor Attaching(1),,,,,
11,11/13/2025,TENSAUR SPORT 3.0  CF K,901475400,1,901475400-1,Netherlands,"6,960",,PASS,560,PC,B,Asc 05-2,40B,625010030,80,MR.NHỨT,CFA,Dirty Collar Lining(1),,,,,
11,11/13/2025,TENSAUR SPORT 3.0  CF K,901477143,1,901477143-1,Netherlands,"6,960",,PASS,560,PC,B,Asc 01-1,38A,622020703,80,MS.NGÂN,CFA,"Wrinkle(2),Dirty O'S(2)",,,,,
11,11/13/2025,TENSAUR SPORT 3.0  CF K,901664565,1,901664565-1,Brazil,"1,671",,PASS,,,B,Asc 03-2,84L,622030320,125,MR.NHỨT,CFA,"Dirty Upper(1),Poor Attaching(2),Bonding Gap(1)",,,,,
11,11/13/2025,TENSAUR SPORT 3.0  CF K,901666570,1,901666570-1,Peru,194,,PASS,,,B,Asc 03-1,46B,625100092,32,MS.HUỲNH,CFA,Dirty Collar Lining(1),,,,,
11,11/13/2025,TENSAUR SPORT 3.0  CF K,901726207,1,901726207-1,Netherlands,760,,PASS,,,B,Asc 02-1,R2B,621060393,80,MRS.VY,CFA,"Dirty O'S(1),Wobbling(1)",,,,,
11,11/13/2025,GALAXY 7 M,901163927,1,901163927-1,Utd.Arab Emir.,"1,176",,PASS,,,C,Asc 10-1,13D,624100308,80,MS.NGÂN,CFA,"Wrinkle(2),Wobbling(2),Dirty O'S(1)",,,,,
11,11/13/2025,GALAXY 7 M,901165191,1,901165191-1,Utd.Arab Emir.,"1,617",,PASS,,,C,Asc 05-1,38D,625020419,125,MS.NGÂN,CFA,"High/Low Toe Cap(1),Wrinkle(2),MidSole Wrinkle(1),Dirty O'S(3)",,,,,
11,11/13/2025,GALAXY 7 M,901425744,1,901425744-1,Utd.Arab Emir.,124,,PASS,,,C,Asc 10-2,19D,625080253,20,MR.THÁI,CFA,Over Primer O'S(1),,,,,
11,11/13/2025,GALAXY 7 M,901532741,1,901532741-1,United Kingdom,480,,PASS,,,C,Asc 06-1,16,621070084,50,MS.HUỲNH,CFA,"Over Cement(1),Collar Lining Wrinkle(1),Wobbling(1)",,,,,
11,11/13/2025,GALAXY 7 M,901289049,1,901289049-1,United Kingdom,705,,PASS,,,C,Asc 08-2,8D,624080430,80,MS.NGÂN,CFA,No issue,,,,,
11,11/13/2025,GALAXY 7 M,901664081,1,901664081-1,Mexico,"1,940",,PASS,,,C,Asc 08-2,8D,624080430,125,MR.NHỨT,CFA,"Wrinkle(2),Dirty O'S(2)",,,,,
11,11/13/2025,GALAXY 7 M,901706447,1,901706447-1,Italy,600,,PASS,,,C,Asc 06-1,16,621070084,80,MRS.LY,MANAGER,No issue,,CFA(THÁI)AQL->TOP MANAGER(MRS.LY),,,
11,11/13/2025,GALAXY 7 M,901713686,1,901713686-1,Monaco,150,,PASS,,,C,Asc 11-1,11,623120136,20,MR.THÁI,CFA,Over Cement(1),,,,,
11,11/13/2025,GALAXY 7 M,901734389,1,901734389-1,Spain,602,,PASS,,,C,Asc 11-2,28D,625080255,80,MS.NGÂN,CFA,"Wrinkle(2),Dirty O'S(2)",,,,,
11,11/13/2025,GALAXY 7 M,901739184,1,901739184-1,Netherlands,593,,PASS,,,C,Asc 11-1,11,623120136,80,MS.NGÂN,CFA,"Wrinkle(3),Wobbling(1)",,,,,
11,11/13/2025,GALAXY 7 M,901739184,1,901739184-1,Netherlands,593,,PASS,,,C,Asc 11-2,28D,625080255,32,MR.BÌNH,LOP,Dirty M'S(1),,,,,
11,11/13/2025,GALAXY 7 W,901269773,1,901269773-1,Netherlands,333,,PASS,,,C,Asc 04-1,33D,624070020,50,MR.THÁI,CFA,"Over Cement(1),Dirty M'S(1)",,,,,
11,11/13/2025,GALAXY 7 W,901270872,1,901270872-1,Netherlands,789,,PASS,,,C,Asc 07-1,24D,623090032,80,MS.NGÂN,CFA,"Wrinkle(1),Dirty O'S(1),Wobbling(1)",,,,,
11,11/13/2025,GALAXY 7 W,901272561,1,901272561-1,Netherlands,377,,PASS,,,C,Asc 07-1,24D,623090032,50,MR.THÁI,CFA,"Over Cement(1),Dirty Collar Lining(1)",,,,,
11,11/13/2025,GALAXY 7 W,901275214,1,901275214-1,United Kingdom,614,,PASS,,,C,Asc 07-2,29D,624040410,80,MR.THÁI,CFA,"Dirty M'S(1),Wobbling(1)",,,,,
11,11/13/2025,GALAXY 7 W,901498471,1,901498471-1,Philippines,508,,PASS,,,C,Asc 07-2,29D,624040410,80,MR.THÁI,CFA,"Dirty Upper(1),Wobbling(2),MidSole Wrinkle(1)",,,,,
11,11/13/2025,GALAXY 7 W,901665859,1,901665859-1,Spain,"1,690",,PASS,,,C,Asc 05-2,10D,624040283,125,MS.HUỲNH,CFA,"Wrinkle(1),High/Low Toe Cap(1),Wobbling(1),Collar Lining Wrinkle(2)",,,,,
11,11/13/2025,GALAXY 7 W,901666202,1,901666202-1,Japan,314,25D,PASS,,,B3,0,25D,622070156,50,MR.THÁI,CFA,"Dirty O'S(1),Bonding Gap(1)",,,,,
11,11/13/2025,GALAXY 7 W,901718159,1,901718159-1,Italy,430,,PASS,,,C,Asc 05-2,10D,624040283,50,MS.HUỲNH,CFA,"Dirty M'S(1),Over Primer O'S(1)",,,,,
11,11/13/2025,GALAXY 7 W,901720765,1,901720765-1,Netherlands,315,,PASS,,,C,Asc 04-2,27D,623090194,50,MR.THÁI,CFA,"Over Primer O'S(1),Over Cement(1),Wobbling(1)",,,,,
11,11/13/2025,GALAXY 7 W,901156218,1,901156218-1,USA,655,,PASS,,,C,Asc 04-2,27D,623090194,80,MR.THÁI,CFA,"Over Cement(1),Poor Attaching(1),Dirty M'S(1)",,,,,
11,11/13/2025,GALAXY 7 W,901218485,1,901218485-1,USA,655,,PASS,,,C,Asc 06-1,21D,623030007,80,MR.THÁI,CFA,"Dirty M'S(1),Wrinkle(1)",,,,,
11,11/13/2025,GALAXY 7 W,901425549,1,901425549-1,Utd.Arab Emir.,102,,PASS,,,C,Asc 04-2,27D,623090194,20,MRS.LY,MANAGER,No issue,,CFA(THÁI)AQL->TOP MANAGER(MRS.LY),,,
11,11/13/2025,GALAXY 7 W,901477033,1,901477033-1,Mexico,595,,PASS,,,C,Asc 07-1,24D,623090032,80,MS.NGÂN,CFA,"Collar Lining Wrinkle(2),Dirty M'S(1),Over Primer O'S(2)",,,,,
11,11/13/2025,GALAXY 7 W,901477135,1,901477135-1,Mexico,512,7D,PASS,,,B3,7,7D,621110412,80,MR.NHỨT,CFA,"Bonding Gap(2),Dirty Collar Lining(2)",,,,,
11,11/13/2025,GALAXY 7 W,901673011,1,901673011-1,Italy,395,,PASS,,,C,Asc 07-1,24D,623090032,50,MS.HUỲNH,CFA,"Dirty M'S(1),Poor Attaching(1)",,,,,
11,11/13/2025,GALAXY 7 W,901691390,1,901691390-1,Peru,264,,PASS,,,C,Asc 08-1,21D,623030007,32,MRS.VY,CFA,Bonding Gap(1),,,,,
11,11/13/2025,GALAXY 7 W,901734275,1,901734275-1,Netherlands,937,,PASS,,,C,Asc 06-1,16,621070084,80,MR.THÁI,CFA,"Over Cement(1),Dirty Collar Lining(1)",,,,,
11,11/13/2025,TENSAUR SPORT 3.0  CF K,901665452,1,901665452-1,Argentina,599,,PASS,,,C,Asc 02-2,17B,621120120,80,MS.NGÂN,CFA,"Thread Ends(2),Dirty Upper(1),Dirty O'S(1)",,,,,
11,11/13/2025,VS PACE 2.0,901520095,1,901520095-1,Netherlands,350,,PASS,,,C,Asc 03-2,1D,622050542,50,MRS.LY,MANAGER,No issue,,CFA(THÁI)AQL->TOP MANAGER(MRS.LY),,,
11,11/13/2025,ADVANTAGE 2.0,901468161,1,901468161-1,Peru,"1,296",,PASS,,,D,Asc 08-1,1C,623090139,125,MS.HUỲNH,CFA,"Dirty O'S(1),Dirty Collar Lining(1),Dirty Upper(1)",,,,,
11,11/13/2025,ADVANTAGE 2.0,901482415,1,901482415-1,Italy,515,,PASS,,,D,Asc 08-1,1C,623090139,80,MR.MOON,MANAGER,No issue,,CFA(NGÂN)AQL->TOP MANAGER(MR.MOON),,,
11,11/13/2025,ADVANTAGE 2.0,901706941,1,901706941-1,Italy,520,,PASS,,,D,Asc 08-1,1C,623090139,80,MS.HUỲNH,CFA,"Crooked Eyestay(1),Dirty Upper(2),Wrinkle(2)",,,,,
11,11/13/2025,VS PACE 2.0,901552279,1,901552279-1,Netherlands,"4,080",,PASS,3200,P1,D,Asc 03-2,34C,625020591,125,MR.NHỨT,CFA,"Poor Shape(2),Dirty Upper(1),Dirty O'S(1)",,,,,
11,11/13/2025,VS PACE 2.0,901552279,1,901552279-1,Netherlands,"4,080",,PASS,880,PC,D,Asc 06-1,2C,623080380,80,MR.THÁI,CFA,"Over Cement(2),Wrinkle(2)",,,,,
11,11/13/2025,ADVANTAGE,901663896,1,901663896-1,Saudi Arabia,"1,103",,PASS,,,D,Asc 10-1,4C,624020153,80,MR.THÁI,CFA,"Dirty O'S(3),Off Center(2)",,,,,
11,11/13/2025,ADVANTAGE,901665742,1,901665742-1,Utd.Arab Emir.,"1,200",,PASS,,,D,Asc 09-1,32C,625030234,80,MR.THÁI,CFA,"Dirty Collar Lining(2),Wrinkle(1)",,,,,
11,11/13/2025,ADVANTAGE,901665984,1,901665984-1,Brazil,707,,PASS,,,D,Asc 10-1,36C,625050250,80,MS.HUỲNH,CFA,"Off Center(2),Dirty Collar Lining(2)",,,,,
11,11/13/2025,VL COURT 3.0 K,901600255,1,901600255-1,Netherlands,"2,270",,PASS,,,D,Asc 05-1,18D,625030163,125,MS.HUỲNH,CFA,"Off Center(1),Thread Ends(2),Dirty O'S(1)",,,,,
11,11/13/2025,VL COURT 3.0 K,901600557,1,901600557-1,Netherlands,"2,120",,PASS,,,D,Asc 04-2,12C,624080082,125,MR.THÁI,CFA,"Dirty Upper(1),Off Center(2)",,,,,
11,11/13/2025,VL COURT 3.0 K,901664739,1,901664739-1,Kazakhstan,481,,PASS,,,D,Asc 07-1,R9C,621030557,50,MRS.VY,CFA,Bonding Gap(1),,,,,
11,11/13/2025,VL COURT 3.0 K,901671216,1,901671216-1,Singapore,100,,PASS,,,D,Asc 07-1,9,621040446,20,MS.HUỲNH,CFA,Crooked Eyestay(1),,,,,
11,11/13/2025,VL COURT 3.0 K,901671236,1,901671236-1,Singapore,200,,PASS,,,D,Asc 07-1,9,621040446,32,MS.HUỲNH,CFA,"Crooked Eyestay(1),Over Cement(1)",,,,,
11,11/13/2025,VL COURT 3.0 K,901673552,1,901673552-1,USA,627,,PASS,,,D,Asc 05-1,18D,625030163,80,MRS.VY,CFA,Wrinkle(1),,,,,
11,11/13/2025,GRAND COURT 3.0,901787745,1,901787745-1,Utd.Arab Emir.,"48,686",,PASS,3200,P10,D,Asc 02-2,35C,625050156,125,MS.NGÂN,CFA,"Wrinkle(2),Wobbling(2),Dirty O'S(2),Over Cement(2)",,,,,
11,11/13/2025,URBAN COURT,901663728,1,901663728-1,Netherlands,"4,759",,PASS,3200,P1,D,Asc 07-2,17C,624030608,125,MS.NGÂN,CFA,"Poor Attaching(2),Wrinkle(3)",,,,,
11,11/13/2025,URBAN COURT,901663748,1,901663748-1,Netherlands,"3,000",,PASS,,,D,Asc 07-2,17C,624030608,125,MR.THÁI,CFA,"Wobbling(2),Dirty O'S(2),Dirty Upper(2)",,,,,
11,11/13/2025,VS PACE 2.0,901675740,1,901675740-1,Italy,540,,PASS,,,D,Asc 03-2,34C,625020591,80,MS.NGÂN,CFA,"Dirty Collar Lining(1),Over Primer Upper(1)",,,,,
11,11/13/2025,GALAXY 7 W,901718247,1,901718247-1,United Kingdom,295,,FAIL,,,C,Asc 04-2,27D,623090194,50,MRS.VY,CFA,"Wrinkle(8),Wobbling(6),Dirty M'S(2)",OFFICIAL,,,,
11,11/14/2025,VL COURT 3.0 K,901487650,1,901487650-1,USA,"6,012",,PASS,3200,P1,A,Asc 04-1,18A,623100210,125,MRS.VY,CFA,"Dirty O'S(2),Dirty Upper(1),Needle Hole(1)",,,,,
11,11/14/2025,VL COURT 3.0 K,901487650,1,901487650-1,USA,"6,012",,PASS,2812,PC,A,Asc 05-2,28A,619060201,125,MS.NGÂN,CFA,"Wobbling(2),Thread Ends(2),Off Center(2)",,,,,
11,11/14/2025,VL COURT 3.0 K,901676834,1,901676834-1,USA,627,,PASS,,,A,Asc 04-1,18A,623100210,80,MR.THÁI,CFA,"Over Primer Upper(2),Thread Ends(3)",,,,,
11,11/14/2025,VL COURT 3.0 K,901713866,1,901713866-1,Italy,"2,240",,PASS,,,A,Asc 02-2,7A,625020551,125,MRS.VY,CFA,"Wobbling(2),Bonding Gap(2)",,,,,
11,11/14/2025,GRAND COURT 3.0,901787747,1,901787747-1,Utd.Arab Emir.,"30,351",,PASS,3200,P5,A,Asc 08-2,11A,622021048,125,MR.THÁI,CFA,"Bonding Gap(2),Dirty O'S(2),Over Cement(2)",,,,,
11,11/14/2025,GRAND COURT 3.0,901787747,1,901787747-1,Utd.Arab Emir.,"30,351",,PASS,3200,P6,A,Asc 09-2,2A,621110407,125,MR.THÁI,CFA,"Dirty Upper(2),Thread Ends(2),Over Cement(2),Dirty O'S(2)",,,,,
11,11/14/2025,GRAND COURT 3.0,901787747,1,901787747-1,Utd.Arab Emir.,"30,351",,PASS,3200,P7,A,Asc 10-2,29A,624030533,125,MRS.VY,CFA,"Dirty O'S(2),Dirty Collar Lining(1),Bonding Gap(2)",,,,,
11,11/14/2025,TENSAUR SPORT 3.0 CF I,901665380,1,901665380-1,Argentina,"3,845",,PASS,3200,P1,A,Asc 06-2,17A,624030271,125,MS.NGÂN,CFA,"Dirty O'S(2),Dirty Upper(1),Dirty Collar Lining(2)",,,,,
11,11/14/2025,TENSAUR SPORT 3.0 CF I,901665380,1,901665380-1,Argentina,"3,845",,PASS,645,PC,A,Asc 05-1,23A,624110228,80,MS.NGÂN,CFA,"Bonding Gap(1),Dirty Collar Lining(2)",,,,,
11,11/14/2025,TENSAUR SPORT 3.0 CF I,901665477,1,901665477-1,Argentina,"3,259",,PASS,,,A,Asc 11-1,9A,622080458,138,MR.NHỨT,CFA,"Dirty Upper(2),Dirty O'S(2)",,,,,
11,11/14/2025,TENSAUR SPORT 3.0 CF I,901670043,1,901670043-1,Italy,"1,000",,PASS,,,A,Asc 07-1,20A,623110220,80,MR.THÁI,CFA,"Wobbling(2),Left/Right Component Mismatch(2)",,,,,
11,11/14/2025,Tensaur Run 3.0 EL I,901714359,1,901714359-1,Netherlands,"5,508",,PASS,2308,PC,A,Asc 06-1,25A,624030105,125,MR.THÁI,CFA,"Dirty M'S(2),Over Cement(2),Dirty Upper(1)",,,,,
11,11/14/2025,VL COURT 3.0 K,901292092,1,901292092-1,Netherlands,334,,PASS,,,A,Asc 02-2,7A,625020551,50,MS.NGÂN,CFA,Off Center(2),,,,,
11,11/14/2025,VL COURT 3.0 K,901668642,1,901668642-1,Netherlands,437,,PASS,,,A,Asc 02-2,7A,625020551,50,MRS.VY,CFA,"Thread Ends(1),Wobbling(2)",,,,,
11,11/14/2025,LIGHTSHIFT 2.0,901582631,1,901582631-1,USA,301,15D,PASS,,,B3,3,15D,622020913,50,MS.HUỲNH,CFA,"Bonding Gap(1),Over Cement(1)",,,,,
11,11/14/2025,LIGHTSHIFT 2.0,901666569,1,901666569-1,Brazil,480,,PASS,,,A,Asc 01-2,4A,624060316,50,MR.THÁI,CFA,"Dirty Collar Lining(1),Over Cement(1),Off Center(1)",,,,,
11,11/14/2025,LIGHTSHIFT 2.0,901722397,1,901722397-1,USA,640,15D,PASS,,,B3,3,15D,622020913,80,MS.NGÂN,CFA,Dirty M'S(3),,,,,
11,11/14/2025,LIGHTSHIFT 2.0,901726362,1,901726362-1,USA,305,,PASS,,,A,Asc 02-1,31A,624060331,50,MR.NHỨT,CFA,"Over Cement(1),Dirty M'S(1)",,,,,
11,11/14/2025,LIGHTSHIFT 2.0,901731277,1,901731277-1,USA,304,,PASS,,,A,Asc 02-1,31A,624060331,50,MS.HUỲNH,CFA,"Uneven Collar Top Line(1),Wrinkle(1),Dirty M'S(1)",,,,,
11,11/14/2025,VL COURT 3.0 K,901257966,1,901257966-1,Canada,"1,423",,PASS,,,A,Asc 05-2,28A,619060201,125,MR.THÁI,CFA,"Wobbling(2),Thread Ends(2)",,,,,
11,11/14/2025,VL COURT 3.0 K,901730721,1,901730721-1,USA,"1,268",,PASS,,,A,Asc 02-2,19A,621110258,125,MS.NGÂN,CFA,"Wobbling(2),Dirty Upper(2),Over Cement(2)",,,,,
11,11/14/2025,VL COURT 3.0 K,901730812,1,901730812-1,USA,301,,PASS,,,A,Asc 03-2,8A,624020086,50,MS.NGÂN,CFA,"Over Cement(1),Off Center(1),Wobbling(1)",,,,,
11,11/14/2025,TENSAUR SPORT 3.0  CF K,901278861,1,901278861-1,United Kingdom,"1,265",,PASS,,,B,Asc 06-2,26B,623090198,125,MS.HUỲNH,CFA,"Poor Attaching(2),Dirty Collar Lining(1),Over Cement(2)",,,,,
11,11/14/2025,TENSAUR SPORT 3.0  CF K,901475292,1,901475292-1,Netherlands,"6,960",,PASS,3200,P1,B,Asc 04-2,43B,625030363,125,MRS.VY,CFA,"Bonding Gap(2),Poor Attaching(1),Thread Ends(2)",,,,,
11,11/14/2025,TENSAUR SPORT 3.0  CF K,901475292,1,901475292-1,Netherlands,"6,960",,PASS,3200,P2,B,Asc 04-1,9B,621030996,125,MR.THÁI,CFA,"Wobbling(2),Over Cement(2),Dirty O'S(2)",,,,,
11,11/14/2025,TENSAUR SPORT 3.0  CF K,901475292,1,901475292-1,Netherlands,"6,960",,PASS,560,PC,B,Asc 03-1,46B,625100092,80,MS.NGÂN,CFA,"Bonding Gap(1),Dirty O'S(1),Poor Shape(2),Thread Ends(1)",,,,,
11,11/14/2025,TENSAUR SPORT 3.0  CF K,901478388,1,901478388-1,Netherlands,"6,960",,PASS,3200,P1,B,Asc 05-1,6B,621060243,125,MS.NGÂN,CFA,"Dirty Upper(2),Dirty Collar Lining(2),Thread Ends(2)",,,,,
11,11/14/2025,TENSAUR SPORT 3.0  CF K,901478388,1,901478388-1,Netherlands,"6,960",,PASS,3760,P2+PC,B,Asc 04-1,R3B,619020468,205,MR.THÁI,CFA,"Wobbling(2),Collar Lining Wrinkle(2),Poor Shape(2),Over Cement(2),Left/Right Component Mismatch(2),Bonding Gap(2)",,,,,
11,11/14/2025,TENSAUR SPORT 3.0  CF K,901478490,1,901478490-1,Netherlands,"6,960",,PASS,3200,P1,B,Asc 02-2,25B,621100361,125,MS.HUỲNH,CFA,"Off Center(3),Dirty Upper(3)",,,,,
11,11/14/2025,TENSAUR SPORT 3.0  CF K,901478490,1,901478490-1,Netherlands,"6,960",,PASS,3200,P2,B,Asc 06-2,26B,623090198,125,MS.NGÂN,CFA,"Poor Shape(1),Over Primer O'S(2),Dirty Upper(2)",,,,,
11,11/14/2025,TENSAUR SPORT 3.0  CF K,901478490,1,901478490-1,Netherlands,"6,960",,PASS,560,PC,B,Asc 06-1,21B,622020056,80,MR.NHỨT,CFA,"Dirty O'S(1),Wrinkle(1),Bonding Gap(1)",,,,,
11,11/14/2025,TENSAUR SPORT 3.0  CF K,901725058,1,901725058-1,Netherlands,324,,PASS,,,B,Asc 02-2,25B,621100361,50,MR.THÁI,CFA,Wobbling(2),,,,,
11,11/14/2025,TENSAUR SPORT 3.0  CF K,901727638,1,901727638-1,Netherlands,503,,PASS,,,B,Asc 03-1,46B,625100092,80,MS.HUỲNH,CFA,"Wobbling(1),Over Primer O'S(2)",,,,,
11,11/14/2025,GALAXY 7 M,901425482,1,901425482-1,New Zealand,574,,PASS,,,C,Asc 03-2,20D,624080083,80,MS.HUỲNH,CFA,"Wrinkle(2),Over Cement(2)",,,,,
11,11/14/2025,GALAXY 7 M,901734475,1,901734475-1,Netherlands,450,,PASS,,,C,Asc 10-2,19D,625080253,50,MS.HUỲNH,CFA,Wrinkle(2),,,,,
11,11/14/2025,GALAXY 7 M,901664051,1,901664051-1,Mexico,"1,318",,PASS,,,C,Asc 05-1,7D,621110412,125,MRS.LY,MANAGER,No issue,,CFA(NHỨT)AQL->TOP MANAGER(MRS.LY),,,
11,11/14/2025,GALAXY 7 M,901665129,1,901665129-1,Peru,276,,PASS,,,C,Asc 08-2,8D,624080430,32,MS.HUỲNH,CFA,"Bonding Gap(1),Over Cement(1)",,,,,
11,11/14/2025,GALAXY 7 M,901665876,1,901665876-1,Colombia,"2,971",,PASS,,,C,Asc 09-2,5D,625100040,125,MRS.VY,CFA,"Wrinkle(2),Over Cement(1),Dirty M'S(1)",,,,,
11,11/14/2025,GALAXY 7 M,901667240,1,901667240-1,Panama,348,,PASS,,,C,Asc 08-2,8D,624080430,50,MR.NHỨT,CFA,"Over Cement(1),Dirty Upper(1)",,,,,
11,11/14/2025,GALAXY 7 M,901669632,1,901669632-1,Netherlands,319,,PASS,,,C,Asc 10-1,13D,624100308,50,MR.THÁI,CFA,Over Cement(2),,,,,
11,11/14/2025,GALAXY 7 M,901670862,1,901670862-1,Netherlands,"1,724",,PASS,,,C,Asc 11-1,11,623120136,125,MR.NHỨT,CFA,"Dirty M'S(1),Wobbling(2)",,,,,
11,11/14/2025,GALAXY 7 M,901676705,1,901676705-1,Netherlands,"2,100",,PASS,,,C,Asc 10-2,19D,625080253,125,MRS.VY,CFA,"Wrinkle(2),Dirty M'S(1),Bonding Gap(2)",,,,,
11,11/14/2025,GALAXY 7 M,901677017,1,901677017-1,Spain,"2,327",,PASS,,,C,Asc 10-2,19D,625080253,125,MR.NHỨT,CFA,"Wrinkle(2),Dirty M'S(2)",,,,,
11,11/14/2025,GALAXY 7 M,901731406,1,901731406-1,Italy,320,,PASS,,,C,Asc 10-1,13D,624100308,50,MS.HUỲNH,CFA,"Over Cement(1),Dirty M'S(1)",,,,,
11,11/14/2025,GALAXY 7 W,901664526,1,901664526-1,Mexico,"2,251",,PASS,,,C,Asc 06-2,17D,624060040,125,MS.HUỲNH,CFA,"Off Center(1),Bonding Gap(1),Dirty O'S(3)",,,,,
11,11/14/2025,GALAXY 7 W,901665454,1,901665454-1,Mexico,"2,391",,PASS,,,C,Asc 09-1,22D,623090063,125,MR.NHỨT,CFA,"Over Cement(2),Dirty Upper(1),Bonding Gap(1)",,,,,
11,11/14/2025,GALAXY 7 W,901718247,1,901718247-1,United Kingdom,295,7D,PASS,,,B3,7,7D,621110412,50,MR.NHỨT,CFA,Wobbling(1),,,,,
11,11/14/2025,GRAND COURT 2.0,901724193,1,901724193-1,Italy,"2,718",,PASS,,,C,Asc 03-1,8C,624070252,125,MR.THÁI,CFA,"Bonding Gap(2),Dirty O'S(2),Over Cement(2)",,,,,
11,11/14/2025,TENSAUR SPORT 3.0 K,901273706,1,901273706-1,United Kingdom,375,,PASS,,,C,Asc 02-2,17B,621120120,50,MR.THÁI,CFA,"Wrinkle(1),Bonding Gap(1)",,,,,
11,11/14/2025,VS PACE 2.0,901708406,1,901708406-1,Singapore,499,,PASS,,,C,Asc 03-2,1D,622050542,50,MS.NGÂN,CFA,Crooked Heel Strap(1),,,,,
11,11/14/2025,ADVANTAGE 2.0,901675685,1,901675685-1,Netherlands,320,,PASS,,,D,Asc 08-1,1C,623090139,50,MR.THÁI,CFA,"Dirty O'S(1),Dirty Upper(1)",,,,,
11,11/14/2025,ADVANTAGE,901721254,1,901721254-1,Italy,"2,718",,PASS,,,D,Asc 06-2,R9C,621030557,125,MS.NGÂN,CFA,"Collar Lining Wrinkle(3),Dirty O'S(4)",,,,,
11,11/14/2025,VL COURT 3.0 K,901601651,1,901601651-1,Netherlands,"1,990",,PASS,,,D,Asc 05-2,19C,622030777,125,MRS.VY,CFA,"Wobbling(2),Dirty Upper(1)",,,,,
11,11/14/2025,GRAND COURT 3.0,901787745,1,901787745-1,Utd.Arab Emir.,"48,686",,PASS,3200,P11,D,Asc 02-2,R5C,620120148,125,MRS.VY,CFA,"Dirty Upper(1),Bonding Gap(2),Dirty O'S(2)",,,,,
11,11/14/2025,GRAND COURT 3.0,901787745,1,901787745-1,Utd.Arab Emir.,"48,686",,PASS,3200,P12,D,Asc 01-1,39C,625090192,125,MR.NHỨT,CFA,"Dirty O'S(2),Bonding Gap(3)",,,,,
11,11/14/2025,GRAND COURT 3.0,901787745,1,901787745-1,Utd.Arab Emir.,"48,686",,PASS,3200,P13,D,Asc 03-1,6C,622070194,125,MS.HUỲNH,CFA,"Over Cement(2),Bonding Gap(2),Dirty O'S(2),Thread Ends(2)",,,,,
11,11/14/2025,GRAND COURT 3.0,901787745,1,901787745-1,Utd.Arab Emir.,"48,686",,PASS,3200,P14,D,Asc 02-1,16C,624030295,125,MR.THÁI,CFA,"Dirty O'S(3),Thread Ends(3)",,,,,
11,11/14/2025,GRAND COURT 3.0,901609707,1,901609707-1,Netherlands,417,,PASS,,,D,Asc 04-1,33C,625030360,50,MR.THÁI,CFA,"Dirty O'S(1),High/Low Heel(1),Dirty Upper(1)",,,,,
11,11/14/2025,URBAN COURT,901663728,1,901663728-1,Netherlands,"4,759",,PASS,1559,PC,D,Asc 10-2,28C,624100065,125,MS.HUỲNH,CFA,"Wrinkle(2),Dirty O'S(2),Wobbling(2)",,,,,
11,11/14/2025,VS PACE 2.0,901508849,1,901508849-1,United Kingdom,"3,910",,PASS,3200,P1,D,Asc 06-1,R9C,621030557,125,MR.NHỨT,CFA,"Dirty Collar Lining(2),Bonding Gap(3),Wrinkle(2)",,,,,
11,11/14/2025,VS PACE 2.0,901508849,1,901508849-1,United Kingdom,"3,910",,PASS,710,PC,D,Asc 11-1,38C,625090293,80,MS.HUỲNH,CFA,"Bonding Gap(2),Dirty O'S(2)",,,,,
11,11/15/2025,Tensaur Sport 2.0 CF I,901772535,1,901772535-1,United Kingdom,840,,PASS,,,A,Asc 08-1,41A,625080141,80,MR.MOON,MANAGER,No issue,,CFA(NHỨT)AQL->TOP MANAGER(MR.MOON),,,
11,11/15/2025,Tensaur Sport 2.0 CF I,901772836,1,901772836-1,Chile,280,,PASS,,,A,Asc 08-1,41A,625080141,32,MS.NGÂN,CFA,Dirty Upper(1),,,,,
11,11/15/2025,VL COURT 3.0 K,901716565,1,901716565-1,Netherlands,359,,PASS,,,A,Asc 05-2,28A,619060201,50,MR.NHỨT,CFA,Dirty Upper(1),,,,,
11,11/15/2025,GRAND COURT 3.0,901787747,1,901787747-1,Utd.Arab Emir.,"30,351",,PASS,3200,P8,A,Asc 01-2,4A,624060316,125,MS.NGÂN,CFA,"Dirty O'S(4),Dirty Shoe Laces(4)",,,,,
11,11/15/2025,TENSAUR SPORT 3.0 CF I,901520785,1,901520785-1,Netherlands,"1,080",,PASS,,,A,Asc 10-1,14A,622030023,80,MS.NGÂN,CFA,"Dirty O'S(1),Over Primer Upper(2)",,,,,
11,11/15/2025,TENSAUR SPORT 3.0 CF I,901378841,1,901378841-1,United Kingdom,615,,PASS,,,A,Asc 11-1,9A,622080458,80,MR.NHỨT,CFA,Over Cement(2),,,,,
11,11/15/2025,TENSAUR SPORT 3.0 CF I,901675335,1,901675335-1,Netherlands,300,,PASS,,,A,Asc 04-2,40A,625060019,50,MR.NHỨT,CFA,Dirty Upper(1),,,,,
11,11/15/2025,LIGHTSHIFT 2.0,901522720,1,901522720-1,Thailand,115,15D,PASS,,,B3,3,15D,622020913,20,MR.THÁI,CFA,Dirty M'S(1),,,,,
11,11/15/2025,VL COURT 3.0 K,901304670,1,901304670-1,Netherlands,893,,PASS,,,A,Asc 03-1,R4A,620080362,80,MR.NHỨT,CFA,"Wobbling(2),Dirty O'S(1)",,,,,
11,11/15/2025,VL COURT 3.0 K,901601825,1,901601825-1,United Kingdom,470,,PASS,,,A,Asc 04-1,18A,623100210,50,MS.NGÂN,CFA,"Dirty Collar Lining(1),Wobbling(1)",,,,,
11,11/15/2025,ADVANTAGE BASE 2.0 CF C,901554119,1,901554119-1,Morocco,100,,PASS,,,B,Asc 05-1,6B,621060243,20,MS.HUỲNH,CFA,Dirty O'S(1),,,,,
11,11/15/2025,ADVANTAGE BASE 2.0 CF C,901554187,1,901554187-1,Israel,100,,PASS,,,B,Asc 05-1,6B,621060243,20,MR.NHỨT,CFA,Dirty O'S(1),,,,,
11,11/15/2025,ADVANTAGE BASE 2.0 CF C,4500812036,2,4500812036-2,South Africa,20,,PASS,,,B,Asc 05-1,6B,621060243,5,MS.HUỲNH,CFA,No issue,,,,,
11,11/15/2025,TENSAUR SPORT 3.0 K,901775215,1,901775215-1,Argentina,408,,PASS,,,B,Asc 03-1,46B,625100092,50,MR.NHỨT,CFA,"Thread Ends(1),Over Cement(1)",,,,,
11,11/15/2025,TENSAUR SPORT 3.0 K,901472311,1,901472311-1,Turkey,417,,PASS,,,B,Asc 03-2,84L,622030320,50,MS.HUỲNH,CFA,Dirty O'S(2),,,,,
11,11/15/2025,TENSAUR SPORT 3.0  CF K,901728946,1,901728946-1,Netherlands,496,,PASS,,,B,Asc 02-2,25B,621100361,50,MR.NHỨT,CFA,Poor Attaching(1),,,,,
11,11/15/2025,GALAXY 7 M,901466017,1,901466017-1,Netherlands,348,,PASS,,,C,Asc 11-2,28D,625080255,50,MR.NHỨT,CFA,"Thread Ends(1),Dirty M'S(1)",,,,,
11,11/15/2025,GALAXY 7 M,901478383,1,901478383-1,Morocco,476,,PASS,,,C,Asc 10-1,7D,621110412,50,MS.HUỲNH,CFA,"Wrinkle(2),Over Cement(2)",,,,,
11,11/15/2025,GALAXY 7 M,901525756,1,901525756-1,Philippines,101,,PASS,,,C,Asc 10-1,13D,624100308,20,MR.THÁI,CFA,Over Cement(1),,,,,
11,11/15/2025,GALAXY 7 M,901532351,1,901532351-1,Netherlands,"1,054",,PASS,,,C,Asc 11-2,28D,625080255,80,MR.THÁI,CFA,"Dirty O'S(2),Dirty Upper(3)",,,,,
11,11/15/2025,GALAXY 7 M,901510953,1,901510953-1,Singapore,100,,PASS,,,C,Asc 10-1,13D,624100308,20,MS.NGÂN,CFA,No issue,,,,,
11,11/15/2025,GALAXY 7 M,901523610,1,901523610-1,Malaysia,126,,PASS,,,C,Asc 10-2,19D,625080253,20,MS.HUỲNH,CFA,Over Cement(1),,,,,
11,11/15/2025,GALAXY 7 M,901617782,1,901617782-1,USA,"1,180",,PASS,,,C,Asc 11-1,11,623120136,80,MS.NGÂN,CFA,"Poor Attaching(1),Dirty Collar Lining(1),Wrinkle(2)",,,,,
11,11/15/2025,GALAXY 7 M,901707971,1,901707971-1,Italy,315,,PASS,,,C,Asc 10-2,19D,625080253,50,MR.MOON,MANAGER,No issue,,CFA(NHỨT)AQL->TOP MANAGER(MR.MOON),,,
11,11/15/2025,GALAXY 7 W,901714515,1,901714515-1,Netherlands,307,,PASS,,,C,Asc 06-1,16,621070084,50,MS.HUỲNH,CFA,"Dirty M'S(2),Off Center Heel(2)",,,,,
11,11/15/2025,GALAXY 7 W,901304889,1,901304889-1,Netherlands,365,,PASS,,,C,Asc 06-2,17D,624060040,50,MS.HUỲNH,CFA,"Wrinkle(1),Dirty O'S(2)",,,,,
11,11/15/2025,GALAXY 7 W,901425095,1,901425095-1,Netherlands,300,,PASS,,,C,Asc 06-1,16,621070084,50,MS.HUỲNH,CFA,"Dirty M'S(2),Dirty Upper(2)",,,,,
11,11/15/2025,GRAND COURT 2.0,901722716,1,901722716-1,Netherlands,801,,PASS,,,C,Asc 01-2,17B,621120120,80,MS.NGÂN,CFA,"Thread Ends(3),Over Cement(2)",,,,,
11,11/15/2025,TENSAUR SPORT 3.0 K,901472230,1,901472230-1,Turkey,212,,PASS,,,C,Asc 01-1,2D,625080009,32,MS.NGÂN,CFA,"Dirty Upper(1),Thread Ends(1),Poor Attaching(1)",,,,,
11,11/15/2025,TENSAUR SPORT 3.0 K,901480302,1,901480302-1,Morocco,256,,PASS,,,C,Asc 02-1,11D,624080127,32,MS.NGÂN,CFA,Dirty O'S(2),,,,,
11,11/15/2025,TENSAUR SPORT 3.0 K,901489265,1,901489265-1,Utd.Arab Emir.,100,,PASS,,,C,Asc 01-1,2D,625080009,20,MS.HUỲNH,CFA,Dirty O'S(1),,,,,
11,11/15/2025,VS PACE 2.0,901029391,1,901029391-1,Netherlands,"1,128",,PASS,,,C,Asc 03-1,8C,624070252,80,MR.NHỨT,CFA,"Over Cement(1),Dirty Collar Lining(1)",,,,,
11,11/15/2025,VS PACE 2.0,901706177,1,901706177-1,Italy,420,,PASS,,,C,Asc 03-1,8C,624070252,50,MR.MOON,MANAGER,No issue,,CFA(NHỨT)AQL->TOP MANAGER(MR.MOON),,,
11,11/15/2025,VS PACE 2.0,901718469,1,901718469-1,Netherlands,300,,PASS,,,C,Asc 03-1,8C,624070252,50,MR.NHỨT,CFA,Dirty O'S(1),,,,,
11,11/15/2025,ADVANTAGE 2.0,901675028,1,901675028-1,United Kingdom,490,,PASS,,,D,Asc 08-1,1C,623090139,50,MS.HUỲNH,CFA,Dirty Collar Lining(2),,,,,
11,11/15/2025,VL COURT 3.0 K,901288959,1,901288959-1,Netherlands,"1,194",,PASS,,,D,Asc 05-1,R6D,619080327,80,MR.MOON,MANAGER,No issue,,CFA(NHỨT)AQL->TOP MANAGER(MR.MOON),,,
11,11/15/2025,VL COURT 3.0 K,901670704,1,901670704-1,Netherlands,935,,PASS,,,D,Asc 04-2,12C,624080082,80,MS.NGÂN,CFA,"Over Cement(3),Dirty Upper(2)",,,,,
11,11/15/2025,URBAN COURT,901340014,1,901340014-1,Netherlands,311,,PASS,,,D,Asc 09-2,14C,624020152,50,MS.NGÂN,CFA,Over Cement(3),,,,,
11,11/15/2025,URBAN COURT,901585501,1,901585501-1,Panama,296,,PASS,,,D,Asc 06-1,2C,623080380,50,MS.NGÂN,CFA,Dirty O'S(1),,,,,
11,11/15/2025,VS PACE 2.0,901497200,1,901497200-1,Netherlands,339,5C,PASS,,,B3,7,5C,621120400,32,MRS.VY+MR.BÌNH,CFA + LOP,No issue,,,,,
11,11/15/2025,VS PACE 2.0,901522002,1,901522002-1,Netherlands,520,,PASS,,,D,Asc 11-1,38C,625090293,80,MR.NHỨT,CFA,Dirty Collar Lining(1),,,,,
11,11/15/2025,VS PACE 2.0,901523474,1,901523474-1,Netherlands,400,,PASS,,,D,Asc 03-2,34C,625020591,50,MR.MOON,MANAGER,No issue,,CFA(NHỨT)AQL->TOP MANAGER(MR.MOON),,,
11,11/15/2025,VS PACE 2.0,901719800,1,901719800-1,Netherlands,300,,PASS,,,D,Asc 03-2,34C,625020591,50,MS.NGÂN,CFA,Dirty Upper(2),,,,,
11,11/17/2025,VL COURT 3.0 K,901674497,1,901674497-1,Spain,301,,PASS,,,A,Asc 03-2,8A,624020086,50,MS.HUỲNH,CFA,Dirty Upper(2),,,,,
11,11/17/2025,VL COURT 3.0 K,901716212,1,901716212-1,Netherlands,650,,PASS,,,A,Asc 02-1,31A,624060331,80,MS.NGÂN,CFA,"Off Center(1),Wobbling(1)",,,,,
11,11/17/2025,GRAND COURT 3.0,901787747,1,901787747-1,Utd.Arab Emir.,"30,351",,PASS,3200,P9,A,Asc 09-2,2A,621110407,125,MR.THÁI,CFA,"Over Cement(2),Dirty Collar Lining(3)",,,,,
11,11/17/2025,GRAND COURT 3.0,901787747,1,901787747-1,Utd.Arab Emir.,"30,351",12,PASS,3200,P1,B3,2,12,625030164,125,MR.NHỨT,CFA,"Over Cement(1),Dirty O'S(2),Bonding Gap(2)",,,,,
11,11/17/2025,GRAND COURT 3.0,901787747,1,901787747-1,Utd.Arab Emir.,"30,351",15A,PASS,1551,PC,B3,0,15A,624050151,125,MS.HUỲNH,CFA,"Dirty Upper(1),Dirty O'S(2),Bonding Gap(1)",,,,,
11,11/17/2025,TENSAUR SPORT 3.0 CF I,901580546,1,901580546-1,Netherlands,300,,PASS,,,A,Asc 10-1,19A,621110258,50,MRS.VY,CFA,"Wobbling(1),Over Primer O'S(1)",,,,,
11,11/17/2025,TENSAUR SPORT 3.0 CF I,901294683,1,901294683-1,Netherlands,880,,PASS,,,A,Asc 05-1,23A,624110228,80,MS.HUỲNH,CFA,"Dirty Upper(2),Dirty Collar Lining(2)",,,,,
11,11/17/2025,TENSAUR SPORT 3.0 CF I,901564530,1,901564530-1,United Kingdom,340,,PASS,,,A,Asc 04-2,40A,625060019,50,MS.NGÂN,CFA,Dirty O'S(2),,,,,
11,11/17/2025,TENSAUR SPORT 3.0 CF I,901618207,1,901618207-1,United Kingdom,860,,PASS,,,A,Asc 04-2,40A,625060019,80,MS.NGÂN,CFA,"Dirty Upper(2),Over Cement(1)",,,,,
11,11/17/2025,TENSAUR SPORT 3.0 CF I,901676502,1,901676502-1,Netherlands,418,,PASS,,,A,Asc 05-1,23A,624110228,50,MR.THÁI,CFA,"Thread Ends(2),Bonding Gap(1)",,,,,
11,11/17/2025,LIGHTSHIFT 2.0,901527759,1,901527759-1,Thailand,"1,000",,PASS,,,A,Asc 01-2,4A,624060316,80,MRS.VY,CFA,"Wrinkle(1),Dirty Collar Lining(2),Bonding Gap(1)",,,,,
11,11/17/2025,VL COURT 3.0 K,901670798,1,901670798-1,Netherlands,883,,PASS,,,A,Asc 02-1,31A,624060331,80,MS.HUỲNH,CFA,Wobbling(3),,,,,
11,11/17/2025,VL COURT 3.0 K,901716410,1,901716410-1,Netherlands,500,,PASS,,,A,Asc 05-2,28A,619060201,50,MR.THÁI,CFA,"Over Cement(2),Wobbling(2)",,,,,
11,11/17/2025,VL COURT 3.0 K,901721437,1,901721437-1,Netherlands,301,,PASS,,,A,Asc 03-2,8A,624020086,50,MR.THÁI,CFA,"Over Cement(2),Wobbling(2)",,,,,
11,11/17/2025,VL COURT 3.0 K,901730905,1,901730905-1,USA,327,,PASS,,,A,Asc 04-1,18A,623100210,50,MR.THÁI,CFA,"Collar Lining Wrinkle(2),Over Cement(2)",,,,,
11,11/17/2025,ADVANTAGE BASE 2.0 CF C,901159195,1,901159195-1,Utd.Arab Emir.,100,,PASS,,,B,Asc 05-1,6B,621060243,20,MR.THÁI,CFA,Wobbling(1),,,,,
11,11/17/2025,Tensaur Sport 2.0 CF K,901772813,1,901772813-1,Spain,707,,PASS,,,B,Asc 02-2,25B,621100361,80,MR.THÁI,CFA,Left/Right Quarter Mismatch(3),,,,,
11,11/17/2025,Tensaur Sport 2.0 CF K,901772909,1,901772909-1,Chile,536,,PASS,,,B,Asc 03-1,18B,620030032,80,MS.HUỲNH,CFA,"Poor Shape(3),Over Cement(2)",,,,,
11,11/17/2025,TENSAUR SPORT 3.0 K,901392602,1,901392602-1,United Kingdom,320,,PASS,,,B,Asc 04-1,9B,621030996,50,MRS.VY,CFA,"Over Primer O'S(1),Bonding Gap(1),Dirty Upper(1)",,,,,
11,11/17/2025,TENSAUR SPORT 3.0 K,901731460,1,901731460-1,United Kingdom,540,,PASS,,,B,Asc 04-1,9B,621030996,80,MS.NGÂN,CFA,Dirty Upper(2),,,,,
11,11/17/2025,TENSAUR SPORT 3.0 K,901478713,1,901478713-1,Turkey,"1,036",,PASS,,,B,Asc 03-2,84L,622030320,80,MRS.VY,CFA,"Poor Attaching(2),Poor Shape(2)",,,,,
11,11/17/2025,TENSAUR SPORT 3.0 K,901677235,1,901677235-1,United Kingdom,502,,PASS,,,B,Asc 01-2,42B,625030063,80,MRS.VY,CFA,"Dirty O'S(1),Dirty Collar Lining(1),Thread Ends(2)",,,,,
11,11/17/2025,TENSAUR SPORT 3.0 K,901721163,1,901721163-1,Netherlands,301,,PASS,,,B,Asc 01-1,38A,622020703,50,MRS.VY,CFA,"Bonding Gap(1),Dirty Upper(1)",,,,,
11,11/17/2025,TENSAUR SPORT 3.0  CF K,901274289,1,901274289-1,Netherlands,"1,856",,PASS,,,B,Asc 02-1,R2B,621060393,125,MRS.VY,CFA,Collar Lining Wrinkle(4),,,,,
11,11/17/2025,TENSAUR SPORT 3.0  CF K,901511776,1,901511776-1,United Kingdom,500,,PASS,,,B,Asc 03-2,84L,622030320,50,MS.NGÂN,CFA,"Dirty Upper(2),Thread Ends(1)",,,,,
11,11/17/2025,TENSAUR SPORT 3.0  CF K,901523418,1,901523418-1,Spain,"1,010",,PASS,,,B,Asc 06-2,26B,623090198,80,MR.THÁI,CFA,"Poor Attaching(2),Thread Ends(2)",,,,,
11,11/17/2025,TENSAUR SPORT 3.0  CF K,901618532,1,901618532-1,Netherlands,310,,PASS,,,B,Asc 01-1,38A,622020703,50,MRS.VY,CFA,"Wobbling(1),Dirty O'S(1)",,,,,
11,11/17/2025,TENSAUR SPORT 3.0  CF K,901618534,1,901618534-1,Netherlands,360,,PASS,,,B,Asc 02-1,33B,624050450,50,MR.MOON,MANAGER,No issue,,CFA(THÁI)AQL->TOP MANAGER(MR.MOON),,,
11,11/17/2025,TENSAUR SPORT 3.0  CF K,901714922,1,901714922-1,Spain,"1,010",,PASS,,,B,Asc 01-2,42B,625030063,80,MR.NHỨT,CFA,"Dirty O'S(1),Wobbling(2),Thread Ends(1)",,,,,
11,11/17/2025,TENSAUR SPORT 3.0  CF K,901716377,1,901716377-1,Netherlands,333,,PASS,,,B,Asc 04-2,33B,624050450,50,MS.HUỲNH,CFA,"Dirty O'S(1),Over Primer O'S(1)",,,,,
11,11/17/2025,GALAXY 7 M,901676923,1,901676923-1,Netherlands,321,,PASS,,,C,Asc 09-1,22D,623090063,50,MS.NGÂN,CFA,"Over Cement(1),Dirty M'S(1)",,,,,
11,11/17/2025,GALAXY 7 M,901394101,1,901394101-1,Netherlands,921,,PASS,,,C,Asc 07-1,24D,623090032,80,MR.THÁI,CFA,"Bonding Gap(1),Collar Lining Wrinkle(1),Dirty M'S(1),Over Cement(2)",,,,,
11,11/17/2025,GALAXY 7 W,901157081,1,901157081-1,Netherlands,"1,372",,PASS,,,C,Asc 06-2,17D,624060040,125,MS.NGÂN,CFA,"Wobbling(2),Over Cement(2)",,,,,
11,11/17/2025,GALAXY 7 W,901225229,1,901225229-1,Netherlands,316,,PASS,,,C,Asc 07-2,29D,624040410,50,MRS.VY,CFA,"Crooked Collar Lining(1),Dirty M'S(1)",,,,,
11,11/17/2025,GALAXY 7 W,901275312,1,901275312-1,United Kingdom,360,,PASS,,,C,Asc 05-2,10D,624040283,50,MR.THÁI,CFA,"Over Cement(1),Dirty Collar Lining(1)",,,,,
11,11/17/2025,GALAXY 7 W,901465867,1,901465867-1,Netherlands,300,,PASS,,,C,Asc 06-1,25D,622070156,50,MRS.VY,CFA,"Wrinkle(1),Dirty Collar Lining(1)",,,,,
11,11/17/2025,GALAXY 7 W,901709303,1,901709303-1,Netherlands,501,,PASS,,,C,Asc 06-2,17D,624060040,80,MRS.VY,CFA,"Dirty M'S(2),Dirty Collar Lining(1)",,,,,
11,11/17/2025,GALAXY 7 W,901496228,1,901496228-1,Netherlands,311,,PASS,,,C,Asc 04-1,33D,624070020,50,MRS.LY,MANAGER,No issue,,CFA(NGÂN)AQL->TOP MANAGER(MRS.LY),,,
11,11/17/2025,GRAND COURT 2.0,901771076,1,901771076-1,Italy,"2,040",,PASS,,,C,Asc 01-2,31D,624040282,125,MR.THÁI,CFA,"Dirty O'S(2),Bonding Gap(3)",,,,,
11,11/17/2025,TENSAUR SPORT 3.0 K,901477306,1,901477306-1,Turkey,591,,PASS,,,C,Asc 02-2,4D,625090049,80,MS.HUỲNH,CFA,"Dirty Collar Lining(2),Bonding Gap(1)",,,,,
11,11/17/2025,TENSAUR SPORT 3.0 K,901596070,1,901596070-1,Netherlands,465,,PASS,,,C,Asc 01-1,2D,625080009,50,MR.THÁI,CFA,"Dirty O'S(2),Collar Lining Wrinkle(2)",,,,,
11,11/17/2025,TENSAUR SPORT 3.0 K,901598357,1,901598357-1,United Kingdom,"1,560",,PASS,,,C,Asc 02-2,4D,625090049,125,MR.NHỨT,CFA,"Thread Ends(2),Poor Attaching(1)",,,,,
11,11/17/2025,TENSAUR SPORT 3.0 K,901774543,1,901774543-1,Utd.Arab Emir.,210,,PASS,,,C,Asc 02-1,11D,624080127,32,MRS.VY,CFA,Dirty O'S(1),,,,,
11,11/17/2025,ADVANTAGE 2.0,901671218,1,901671218-1,Italy,456,,PASS,,,D,Asc 08-1,1C,623090139,50,MRS.VY,CFA,"Bonding Gap(1),Dirty Upper(1)",,,,,
11,11/17/2025,VS PACE 2.0,901721545,1,901721545-1,Italy,800,,PASS,,,D,Asc 04-2,12C,624080082,80,MRS.VY,CFA,"Dirty Collar Lining(2),Wobbling(2)",,,,,
11,11/17/2025,VS PACE 2.0,901723038,1,901723038-1,Italy,400,,PASS,,,D,Asc 01-2,37C,625080102,50,MR.THÁI,CFA,"Poor Attaching(2),Dirty Upper(1)",,,,,
11,11/17/2025,ADVANTAGE,901285898,1,901285898-1,USA,633,,PASS,,,D,Asc 06-2,R9C,621030557,80,MR.THÁI,CFA,Bonding Gap(2),,,,,
11,11/17/2025,ADVANTAGE,901580873,1,901580873-1,USA,"1,671",,PASS,,,D,Asc 10-1,36C,625050250,125,MRS.LY,MANAGER,No issue,,CFA(NGÂN)AQL->TOP MANAGER(MRS.LY),,,
11,11/17/2025,ADVANTAGE,901670250,1,901670250-1,Japan,800,15D,PASS,,,B3,7,15D,622020913,80,MS.NGÂN,CFA,"Heel Cap High/Low(2),Collar Lining Wrinkle(2),Over Cement(2)",,,,,
11,11/17/2025,VL COURT 3.0 K,901375326,1,901375326-1,Utd.Arab Emir.,100,,PASS,,,D,Asc 07-1,9,621040446,20,MS.HUỲNH,CFA,Wobbling(1),,,,,
11,11/17/2025,GRAND COURT 3.0,901787745,1,901787745-1,Utd.Arab Emir.,"48,686",,PASS,3200,P15,D,Asc 02-1,16C,624030295,125,MS.NGÂN,CFA,"Dirty O'S(1),Bonding Gap(2),Wobbling(2),Dirty Shoe Laces(1)",,,,,
11,11/17/2025,GRAND COURT 3.0,901787745,1,901787745-1,Utd.Arab Emir.,"48,686",,PASS,686,PC,D,Asc 01-2,37C,625080102,80,MS.NGÂN,CFA,"Over Cement(2),Dirty Upper(2)",,,,,
11,11/17/2025,GRAND COURT 3.0,901600516,1,901600516-1,United Kingdom,550,,PASS,,,D,Asc 01-1,R6D,619080327,80,MR.THÁI,CFA,"Thread Ends(2),Dirty O'S(2),Wobbling(2)",,,,,
11,11/17/2025,URBAN COURT,901368776,1,901368776-1,Netherlands,"3,952",,PASS,3200,P1,D,Asc 10-2,28C,624100065,125,MR.THÁI,CFA,"Poor Attaching(3),Dirty O'S(3)",,,,,
11,11/17/2025,URBAN COURT,901460806,1,901460806-1,Netherlands,717,,PASS,,,D,Asc 06-1,2C,623080380,80,MS.NGÂN,CFA,"Thread Ends(2),Wobbling(2),Dirty Upper(2)",,,,,
11,11/17/2025,URBAN COURT,901704444,1,901704444-1,Italy,600,,PASS,,,D,Asc 10-2,28C,624100065,80,MR.THÁI,CFA,Dirty O'S(3),,,,,
11,11/17/2025,VS PACE 2.0,901519820,1,901519820-1,Netherlands,"1,700",,PASS,,,D,Asc 11-1,4C,624020153,125,MS.NGÂN,CFA,"Dirty Collar Lining(2),Dirty Upper(2),Dirty O'S(1)",,,,,
11,11/17/2025,VS PACE 2.0,901525904,1,901525904-1,United Kingdom,480,,PASS,,,D,Asc 02-2,35C,625050156,50,MRS.LY,MANAGER,No issue,,CFA(NGÂN)AQL->TOP MANAGER(MRS.LY),,,
11,11/17/2025,VS PACE 2.0,901719989,1,901719989-1,Netherlands,402,,PASS,,,D,Asc 02-2,R6D,619080327,50,MR.MOON,MANAGER,No issue,,CFA(THÁI)AQL->TOP MANAGER(MR.MOON),,,
11,11/17/2025,VS PACE 2.0,901721444,1,901721444-1,Netherlands,400,,PASS,,,D,Asc 03-2,34C,625020591,50,MS.NGÂN,CFA,"Poor Shape(1),Dirty Collar Lining(2)",,,,,
11,11/18/2025,Tensaur Sport 2.0 CF I,901772259,1,901772259-1,Netherlands,"1,400",,PASS,,,A,Asc 08-1,41A,625080141,125,MRS.VY,CFA,"Dirty O'S(3),Bonding Gap(2)",,,,,
11,11/18/2025,Tensaur Sport 2.0 CF I,901774664,1,901774664-1,Netherlands,"3,001",,PASS,,,A,Asc 09-2,19A,621110258,125,MR.THÁI,CFA,"Wobbling(2),Dirty Upper(2),Over Cement(2)",,,,,
11,11/18/2025,VL COURT 3.0 K,901716037,1,901716037-1,United Kingdom,550,,PASS,,,A,Asc 02-2,7A,625020551,80,MS.NGÂN,CFA,"Dirty Collar Lining(1),Wobbling(1)",,,,,
11,11/18/2025,VL COURT 3.0 K,901719946,1,901719946-1,Netherlands,320,,PASS,,,A,Asc 02-2,7A,625020551,50,MS.HUỲNH,CFA,"Dirty Collar Lining(1),Dirty Upper(1)",,,,,
11,11/18/2025,TENSAUR SPORT 3.0 CF I,901588879,1,901588879-1,United Kingdom,320,,PASS,,,A,Asc 10-1,14A,622030023,50,MR.THÁI,CFA,"Wobbling(1),Over Cement(2)",,,,,
11,11/18/2025,TENSAUR SPORT 3.0 CF I,901283400,1,901283400-1,Netherlands,"1,014",,PASS,,,A,Asc 11-1,9A,622080458,80,MRS.VY,CFA,"Dirty Upper(2),Dirty O'S(2)",,,,,
11,11/18/2025,TENSAUR SPORT 3.0 CF I,901299570,1,901299570-1,Netherlands,"1,139",,PASS,,,A,Asc 10-1,14A,622030023,80,MR.THÁI,CFA,Dirty Collar Lining(2),,,,,
11,11/18/2025,TENSAUR SPORT 3.0 CF I,901513515,1,901513515-1,United Kingdom,520,,PASS,,,A,Asc 04-2,40A,625060019,80,MS.NGÂN,CFA,"Dirty O'S(1),Over Cement(1)",,,,,
11,11/18/2025,TENSAUR SPORT 3.0 CF I,901618206,1,901618206-1,United Kingdom,440,,PASS,,,A,Asc 11-1,9A,622080458,50,MR.THÁI,CFA,"Poor Attaching(2),Over Cement(1)",,,,,
11,11/18/2025,LIGHTSHIFT 2.0,901726004,1,901726004-1,Italy,555,,PASS,,,A,Asc 01-1,31A,624060331,80,MR.THÁI,CFA,"Dirty Collar Lining(2),Over Primer O'S(1),Dirty M'S(3)",,,,,
11,11/18/2025,VL COURT 3.0 K,901271028,1,901271028-1,Netherlands,560,,PASS,,,A,Asc 02-1,31A,624060331,80,MRS.VY,CFA,"Over Cement(2),Wobbling(2)",,,,,
11,11/18/2025,VL COURT 3.0 K,901671610,1,901671610-1,USA,306,,PASS,,,A,Asc 05-2,28A,619060201,50,MR.THÁI,CFA,"Wobbling(2),Over Primer Upper(1)",,,,,
11,11/18/2025,VL COURT 3.0 K,901672850,1,901672850-1,USA,910,,PASS,,,A,Asc 04-1,18A,623100210,80,MR.THÁI,CFA,Off Center(3),,,,,
11,11/18/2025,VL COURT 3.0 K,901715121,1,901715121-1,Netherlands,"1,516",,PASS,,,A,Asc 03-2,8A,624020086,125,MS.NGÂN,CFA,"Dirty Upper(2),Over Cement(2),Wobbling(2),Collar Lining Wrinkle(1)",,,,,
11,11/18/2025,VL COURT 3.0 K,901724334,1,901724334-1,Italy,300,,PASS,,,A,Asc 02-2,7A,625020551,50,MR.THÁI,CFA,Over Cement(2),,,,,
11,11/18/2025,ADVANTAGE K,901772329,1,901772329-1,Netherlands,"2,000",,PASS,,,B,Asc 05-1,6B,621060243,125,MRS.VY,CFA," Wrinkle(2),Dirty Collar Lining(2),Material Damaged(1)",,,,,
11,11/18/2025,Tensaur Sport 2.0 CF K,901776262,1,901776262-1,Malaysia,265,,PASS,,,B,Asc 03-1,18B,620030032,32,MS.NGÂN,CFA,"Wobbling(1),Over Primer O'S(1)",,,,,
11,11/18/2025,Tensaur Sport 2.0 CF K,901777731,1,901777731-1,United Kingdom,"1,428",,PASS,,,B,Asc 02-2,25B,621100361,125,MS.NGÂN,CFA,"Over Primer O'S(2),Wobbling(2),Off Center(2)",,,,,
11,11/18/2025,TENSAUR SPORT 3.0 K,901599280,1,901599280-1,United Kingdom,820,,PASS,,,B,Asc 04-1,9B,621030996,80,MR.THÁI,CFA,"Over Primer Upper(2),Over Primer O'S(1)",,,,,
11,11/18/2025,TENSAUR SPORT 3.0 K,901489415,1,901489415-1,Utd.Arab Emir.,173,,PASS,,,B,Asc 06-1,21B,622020056,32,MR.THÁI,CFA,Dirty O'S(2),,,,,
11,11/18/2025,TENSAUR SPORT 3.0 K,901516269,1,901516269-1,United Kingdom,330,,PASS,,,B,Asc 03-1,46B,625100092,50,MS.NGÂN,CFA,"Thread Ends(2),Poor Attaching(1)",,,,,
11,11/18/2025,TENSAUR SPORT 3.0  CF K,901425117,1,901425117-1,Italy,800,,PASS,,,B,Asc 06-1,21B,622020056,80,MRS.VY,CFA,"Off Center(2),Dirty O'S(2)",,,,,
11,11/18/2025,TENSAUR SPORT 3.0  CF K,901538856,1,901538856-1,Netherlands,"1,000",,PASS,,,B,Asc 04-2,43B,625030363,80,MR.MOON,MANAGER,No issue,,CFA(HUỲNH)AQL->TOP MANAGER(MR.MOON),,,
11,11/18/2025,TENSAUR SPORT 3.0  CF K,901262817,1,901262817-1,Italy,800,,PASS,,,B,Asc 02-1,R2B,621060393,80,MS.HUỲNH,CFA,"Collar Lining Wrinkle(2),Dirty Upper(2)",,,,,
11,11/18/2025,TENSAUR SPORT 3.0  CF K,901564533,1,901564533-1,United Kingdom,"1,340",,PASS,,,B,Asc 06-2,26B,623090198,125,MR.THÁI,CFA,"Over Primer Upper(3),Uneven Collar Top Line(1)",,,,,
11,11/18/2025,TENSAUR SPORT 3.0  CF K,901618546,1,901618546-1,Netherlands,300,,PASS,,,B,Asc 04-2,43B,625030363,50,MR.THÁI,CFA,Over Primer O'S(2),,,,,
11,11/18/2025,TENSAUR SPORT 3.0  CF K,901718068,1,901718068-1,Netherlands,370,,PASS,,,B,Asc 01-1,38A,622020703,50,MS.NGÂN,CFA,Poor Attaching(1),,,,,
11,11/18/2025,TENSAUR SPORT 3.0  CF K,901669929,1,901669929-1,Italy,"1,000",,PASS,,,B,Asc 05-2,40B,625010030,80,MRS.VY,CFA,"Bonding Gap(2),Dirty Collar Lining(2)",,,,,
11,11/18/2025,GALAXY 7 M,901482380,1,901482380-1,Panama,"1,080",,PASS,,,C,Asc 09-1,22D,623090063,80,MR.THÁI,CFA,"Collar Lining Wrinkle(2),Dirty M'S(2),Over Cement(2),Over Primer O'S(1)",,,,,
11,11/18/2025,GALAXY 7 M,901523152,1,901523152-1,Singapore,186,,PASS,,,C,Asc 09-1,22D,623090063,32,MR.MOON,MANAGER,No issue,,CFA(HUỲNH)AQL->TOP MANAGER(MR.MOON),,,
11,11/18/2025,GALAXY 7 M,901534773,1,901534773-1,Netherlands,"4,485",,PASS,3200,P1,C,Asc 10-2,19D,625080253,125,MS.NGÂN,CFA,"Wrinkle(2),Dirty Upper(2),Dirty O'S(2),Over Cement(3)",,,,,
11,11/18/2025,GALAXY 7 M,901691591,1,901691591-1,Netherlands,"1,877",,PASS,,,C,Asc 11-1,11,623120136,125,MRS.VY,CFA,"Bonding Gap(2),Over Cement(2),Dirty Collar Lining(2)",,,,,
11,11/18/2025,GALAXY 7 M,901397279,1,901397279-1,Netherlands,"2,510",,PASS,,,C,Asc 08-2,8D,624080430,125,MS.NGÂN,CFA,"Over Primer O'S(2),Over Cement(2),Collar Lining Wrinkle(2)",,,,,
11,11/18/2025,GALAXY 7 M,901721231,1,901721231-1,Canada,401,,PASS,,,C,Asc 04-1,33D,624070020,50,MS.NGÂN,CFA,Dirty M'S(2),,,,,
11,11/18/2025,TENSAUR SPORT 3.0 K,901775288,1,901775288-1,Mexico,411,,PASS,,,C,Asc 02-2,4D,625090049,50,MRS.VY,CFA,"Dirty O'S(1),Bonding Gap(1)",,,,,
11,11/18/2025,TENSAUR SPORT 3.0 K,901776086,1,901776086-1,Peru,911,,PASS,,,C,Asc 02-1,11D,624080127,80,MRS.LY,MANAGER,No issue,,CFA(VY)AQL->TOP MANAGER(MRS.LY),,,
11,11/18/2025,VS PACE 2.0,901718334,1,901718334-1,Netherlands,402,,PASS,,,C,Asc 03-1,8C,624070252,50,MRS.VY,CFA,"Bonding Gap(1),Dirty Upper(1),Poor Attaching(1)",,,,,
11,11/18/2025,VS PACE 2.0,901677311,1,901677311-1,Netherlands,450,,PASS,,,C,Asc 03-2,20D,624080083,50,MS.NGÂN,CFA,Over Cement(2),,,,,
11,11/18/2025,VS PACE 2.0,901722797,1,901722797-1,Italy,600,,PASS,,,C,Asc 03-2,20D,624080083,80,MRS.VY,CFA,"Dirty Upper(2),Dirty Collar Lining(2)",,,,,
11,11/18/2025,ADVANTAGE 2.0,901670072,1,901670072-1,Italy,855,,PASS,,,D,Asc 08-1,1C,623090139,80,MRS.VY,CFA,"Off Center(1),Bonding Gap(1),Dirty O'S(1)",,,,,
11,11/18/2025,VS PACE 2.0,901777841,1,901777841-1,Netherlands,592,,PASS,,,D,Asc 01-2,37C,625080102,80,MRS.LY,MANAGER,No issue,,CFA(VY)AQL->TOP MANAGER(MRS.LY),,,
11,11/18/2025,ADVANTAGE,901713477,1,901713477-1,Australia,180,,PASS,,,D,Asc 05-1,18D,625030163,32,MS.NGÂN,CFA,Uneven Collar Top Line(2),,,,,
11,11/18/2025,VL COURT 3.0 K,901673508,1,901673508-1,USA,629,,PASS,,,D,Asc 05-2,40C,625100153,80,MS.NGÂN,CFA,"Wobbling(2),Dirty Collar Lining(2)",,,,,
11,11/18/2025,GRAND COURT 3.0,901282594,1,901282594-1,Netherlands,318,,PASS,,,D,Asc 03-1,6C,622070194,50,MR.NHỨT,CFA,"Over Cement(1),Bonding Gap(1)",,,,,
11,11/18/2025,GRAND COURT 3.0,901285916,1,901285916-1,United Kingdom,475,R5C,PASS,,,B3,7,R5C,620120148,32,MR.BÌNH,LOP,No issue,,,,,
11,11/18/2025,URBAN COURT,901368776,1,901368776-1,Netherlands,"3,952",,PASS,752,PC,D,Asc 07-2,17C,624030608,80,MR.THÁI,CFA,"Dirty Upper(2),Bonding Gap(3)",,,,,
11,11/18/2025,URBAN COURT,901472528,1,901472528-1,Panama,536,,PASS,,,D,Asc 06-1,2C,623080380,80,MS.NGÂN,CFA,"Heel High/Low(2),Dirty O'S(2),Dirty Upper(2)",,,,,
11,11/18/2025,VS PACE 2.0,901527177,1,901527177-1,Netherlands,320,,PASS,,,D,Asc 02-1,16C,624030295,50,MS.NGÂN,CFA,"Broken Stitching(1),Dirty Collar Lining(1),Over Cement(2)",,,,,
11,11/18/2025,ADVANTAGE,901826725,1,901826725-1,USA,"1,482",,FAIL,,,D,Asc 05-1,18D,625030163,125,MS.HUỲNH,CFA,"Bonding Gap(13),Dirty O'S(2),Collar Lining Wrinkle(2)",OFFICIAL,,,,
11,11/19/2025,Tensaur Sport 2.0 CF I,901772489,1,901772489-1,Italy,"4,759",,PASS,3200,P1,A,Asc 10-1,14A,622030023,125,MS.HUỲNH,CFA,"Poor Attaching(2),Dirty Upper(2),Dirty O'S(2)",,,,,
11,11/19/2025,VL COURT 3.0 K,901715817,1,901715817-1,Netherlands,444,,PASS,,,A,Asc 02-1,31A,624060331,50,MR.THÁI,CFA,"Wobbling(1),Over Cement(2)",,,,,
11,11/19/2025,VL COURT 3.0 K,901719890,1,901719890-1,Netherlands,301,,PASS,,,A,Asc 05-2,28A,619060201,50,MRS.LY,MANAGER,No issue,,CFA(NGÂN)AQL->TOP MANAGER(MRS.LY),,,
11,11/19/2025,LITE RACER ADAPT 7.0 I,901463159,1,901463159-1,USA,890,,PASS,,,A,Asc 08-2,10A,622021050,80,MS.HUỲNH,CFA,"Bonding Gap(1),Dirty Collar Lining(2)",,,,,
11,11/19/2025,ASPYRE,901051743,1,901051743-1,USA,762,,PASS,,,A,Asc 11-2,16A,624100316,80,MS.NGÂN,CFA,"Dirty Collar Lining(1),Off Center(1)",,,,,
11,11/19/2025,TENSAUR SPORT 3.0 CF I,901583701,1,901583701-1,Netherlands,357,,PASS,,,A,Asc 10-1,14A,622030023,50,MRS.LY,MANAGER,No issue,,CFA(NGÂN)AQL->TOP MANAGER(MRS.LY),,,
11,11/19/2025,TENSAUR SPORT 3.0 CF I,901389103,1,901389103-1,Netherlands,615,,PASS,,,A,Asc 05-1,23A,624110228,80,MS.HUỲNH,CFA,"Thread Ends(2),Dirty Collar Lining(2)",,,,,
11,11/19/2025,TENSAUR SPORT 3.0 CF I,901671685,1,901671685-1,United Kingdom,800,,PASS,,,A,Asc 04-2,40A,625060019,80,MR.MOON,MANAGER,No issue,,CFA(THÁI)AQL->TOP MANAGER(MR.MOON),,,
11,11/19/2025,Tensaur Run 3.0 EL I,901283218,1,901283218-1,Netherlands,615,,PASS,,,A,Asc 07-1,20A,623110220,80,MS.HUỲNH,CFA,"Dirty M'S(2),Dirty Upper(1),Poor Shape(2)",,,,,
11,11/19/2025,Tensaur Run 3.0 EL I,901384902,1,901384902-1,Netherlands,"2,560",,PASS,,,A,Asc 07-2,12A,622021407,125,MR.THÁI,CFA,"Collar Lining Wrinkle(2),Poor Attaching(2),Over Cement(2)",,,,,
11,11/19/2025,Tensaur Run 3.0 EL I,901386318,1,901386318-1,Netherlands,"2,020",,PASS,,,A,Asc 06-1,25A,624030105,125,MR.THÁI,CFA,"Dirty Collar Lining(2),Over Cement(2),Dirty M'S(2)",,,,,
11,11/19/2025,Tensaur Run 3.0 EL I,901386496,1,901386496-1,Netherlands,"2,050",,PASS,,,A,Asc 07-1,20A,623110220,125,MRS.VY,CFA,"Dirty Upper(1),Dirty M'S(1)",,,,,
11,11/19/2025,Tensaur Run 3.0 EL I,901488496,1,901488496-1,Netherlands,325,,PASS,,,A,Asc 06-2,17A,624030271,50,MS.NGÂN,CFA,"Collar Lining Wrinkle(2),Over Cement(1)",,,,,
11,11/19/2025,LIGHTSHIFT 2.0,901374172,1,901374172-1,Saudi Arabia,102,15D,PASS,,,B3,3,15D,622020913,20,MS.HUỲNH,CFA,Over Primer O'S(1),,,,,
11,11/19/2025,LIGHTSHIFT 2.0,901509383,1,901509383-1,Japan,392,R4A,PASS,,,B3,0,R4A,620080362,50,MRS.VY,CFA,"Wrinkle(1),Dirty Collar Lining(1)",,,,,
11,11/19/2025,LIGHTSHIFT 2.0,901522807,1,901522807-1,Thailand,427,,PASS,,,A,Asc 01-1,31A,624060331,50,MR.THÁI,CFA,"Dirty Collar Lining(1),Over Cement(1),Over Primer O'S(1)",,,,,
11,11/19/2025,LIGHTSHIFT 2.0,901527104,1,901527104-1,Thailand,533,,PASS,,,A,Asc 01-2,4A,624060316,80,MR.THÁI,CFA,"Dirty Collar Lining(2),Left/Right Component Mismatch(1),Dirty O'S(1)",,,,,
11,11/19/2025,VL COURT 3.0 K,901716155,1,901716155-1,United Kingdom,694,,PASS,,,A,Asc 03-2,8A,624020086,80,MS.NGÂN,CFA,"Wrinkle(2),Over Cement(2),Thread Ends(1)",,,,,
11,11/19/2025,ADVANTAGE K,901772590,1,901772590-1,United Kingdom,"1,200",,PASS,,,B,Asc 05-2,40B,625010030,80,MS.NGÂN,CFA,"Wrinkle(2),Bonding Gap(2),Dirty O'S(1),Sole Laying(2)",,,,,
11,11/19/2025,ADVANTAGE K,901773141,1,901773141-1,Colombia,283,,PASS,,,B,Asc 05-1,6B,621060243,50,MS.HUỲNH,CFA,"Wrinkle(1),Poor Attaching(1)",,,,,
11,11/19/2025,TENSAUR SPORT 3.0 K,901599355,1,901599355-1,United Kingdom,670,,PASS,,,B,Asc 04-1,9B,621030996,80,MR.THÁI,CFA,Over Primer O'S(2),,,,,
11,11/19/2025,TENSAUR SPORT 3.0 K,901480203,1,901480203-1,Morocco,256,,PASS,,,B,Asc 06-1,21B,622020056,32,MS.NGÂN,CFA,"Poor Attaching(1),Over Primer O'S(1)",,,,,
11,11/19/2025,TENSAUR SPORT 3.0  CF K,901539057,1,901539057-1,United Kingdom,304,,PASS,,,B,Asc 06-1,33B,624050450,50,MR.THÁI,CFA,"Wobbling(1),Thread Ends(1)",,,,,
11,11/19/2025,TENSAUR SPORT 3.0  CF K,901675393,1,901675393-1,Netherlands,302,,PASS,,,B,Asc 02-1,R2B,621060393,50,MS.HUỲNH,CFA,"Wobbling(1),Collar Lining Wrinkle(1)",,,,,
11,11/19/2025,TENSAUR SPORT 3.0  CF K,901511984,1,901511984-1,United Kingdom,450,,PASS,,,B,Asc 03-2,84L,622030320,50,MS.HUỲNH,CFA,"Wrinkle(1),Thread Ends(2)",,,,,
11,11/19/2025,TENSAUR SPORT 3.0  CF K,901512045,1,901512045-1,United Kingdom,360,,PASS,,,B,Asc 03-2,84L,622030320,50,MS.HUỲNH,CFA,"Wobbling(2),Over Primer O'S(2)",,,,,
11,11/19/2025,TENSAUR SPORT 3.0  CF K,901618205,1,901618205-1,United Kingdom,650,,PASS,,,B,Asc 04-2,43B,625030363,80,MS.NGÂN,CFA,"Wobbling(2),Wrinkle(2),Over Primer O'S(1)",,,,,
11,11/19/2025,TENSAUR SPORT 3.0  CF K,901618539,1,901618539-1,Netherlands,570,,PASS,,,B,Asc 03-1,46B,625100092,80,MRS.VY,CFA,Bonding Gap(1),,,,,
11,11/19/2025,TENSAUR SPORT 3.0  CF K,901675233,1,901675233-1,Singapore,"2,000",,PASS,,,B,Asc 01-2,42B,625030063,125,MRS.VY,CFA,"Bonding Gap(2),Over Cement(1)",,,,,
11,11/19/2025,TENSAUR SPORT 3.0  CF K,4500682378,1,4500682378-1,South Africa,313,,PASS,,,B,Asc 06-2,26B,623090198,50,MS.HUỲNH,CFA,"Dirty Upper(1),Dirty Collar Lining(1),Bonding Gap(1)",,,,,
11,11/19/2025,GALAXY 7 M,901486487,1,901486487-1,Utd.Arab Emir.,100,,PASS,,,C,Asc 07-1,17B,621120120,20,MS.HUỲNH,CFA,Dirty M'S(1),,,,,
11,11/19/2025,GALAXY 7 M,901718010,1,901718010-1,Netherlands,500,,PASS,,,C,Asc 11-1,11,623120136,50,MR.NHỨT,CFA,Over Primer O'S(1),,,,,
11,11/19/2025,GALAXY 7 M,901703233,1,901703233-1,Netherlands,344,,PASS,,,C,Asc 08-1,21D,623030007,50,MR.MOON,MANAGER,No issue,,CFA(THÁI)AQL->TOP MANAGER(MR.MOON),,,
11,11/19/2025,GALAXY 7 M,901713919,1,901713919-1,Netherlands,400,,PASS,,,C,Asc 07-1,17B,621120120,50,MR.THÁI,CFA,"Dirty Collar Lining(1),Over Cement(1)",,,,,
11,11/19/2025,GALAXY 7 M,901716615,1,901716615-1,Netherlands,400,,PASS,,,C,Asc 11-1,11,623120136,50,MS.HUỲNH,CFA,"Dirty Collar Lining(1),Dirty M'S(1)",,,,,
11,11/19/2025,GALAXY 7 W,901159640,1,901159640-1,Netherlands,570,,PASS,,,C,Asc 07-2,29D,624040410,80,MR.THÁI,CFA,"Over Cement(1),Dirty O'S(1),Dirty Upper(1)",,,,,
11,11/19/2025,GALAXY 7 W,901290065,1,901290065-1,Netherlands,300,,PASS,,,C,Asc 08-2,8D,624080430,50,MR.THÁI,CFA,"Over Cement(2),Heel Cap High/Low(1)",,,,,
11,11/19/2025,GALAXY 7 W,901466136,1,901466136-1,Netherlands,316,,PASS,,,C,Asc 04-2,27D,623090194,50,MS.HUỲNH,CFA,"Bonding Gap(1),Wrinkle(1),Over Cement(1)",,,,,
11,11/19/2025,GALAXY 7 W,901479474,1,901479474-1,Hong Kong,661,,PASS,,,C,Asc 04-1,33D,624070020,80,MR.THÁI,CFA,"Over Primer O'S(2),Wobbling(2)",,,,,
11,11/19/2025,GALAXY 7 W,901718332,1,901718332-1,Italy,550,,PASS,,,C,Asc 07-2,29D,624040410,80,MRS.VY,CFA,"Dirty Collar Lining(1),Dirty O'S(1)",,,,,
11,11/19/2025,GALAXY 7 W,901719661,1,901719661-1,Netherlands,300,,PASS,,,C,Asc 05-2,38D,625020419,50,MS.HUỲNH,CFA,"Over Primer O'S(1),Dirty M'S(1),Toe Cap High/Low(1)",,,,,
11,11/19/2025,GALAXY 7 W,901377277,1,901377277-1,Netherlands,300,,PASS,,,C,Asc 06-2,17D,624060040,50,MR.THÁI,CFA,"Dirty Collar Lining(1),Dirty M'S(1)",,,,,
11,11/19/2025,GALAXY 7 W,901437174,1,901437174-1,Spain,398,,PASS,,,C,Asc 04-1,38D,625020419,50,MS.NGÂN,CFA,Dirty M'S(2),,,,,
11,11/19/2025,GALAXY 7 W,901665998,1,901665998-1,Netherlands,300,,PASS,,,C,Asc 06-2,17D,624060040,50,MR.MOON,MANAGER,No issue,,CFA(THÁI)AQL->TOP MANAGER(MR.MOON),,,
11,11/19/2025,GALAXY 7 W,901666024,1,901666024-1,Netherlands,400,,PASS,,,C,Asc 04-2,27D,623090194,50,MR.THÁI,CFA,"Wrinkle(2),Over Primer O'S(2)",,,,,
11,11/19/2025,GALAXY 7 W,901675514,1,901675514-1,Netherlands,300,,PASS,,,C,Asc 06-1,16,621070084,50,MS.HUỲNH,CFA,Over Primer O'S(1),,,,,
11,11/19/2025,GALAXY 7 W,901676755,1,901676755-1,Netherlands,454,,PASS,,,C,Asc 07-2,29D,624040410,50,MRS.VY,CFA,"Wrinkle(1),Over Primer O'S(1)",,,,,
11,11/19/2025,GRAND COURT 2.0,901666355,1,901666355-1,Singapore,100,,PASS,,,C,Asc 01-2,31D,624040282,20,MS.HUỲNH,CFA,No issue,,,,,
11,11/19/2025,TENSAUR SPORT 3.0 K,901773325,1,901773325-1,Brazil,"1,689",,PASS,,,C,Asc 02-1,11D,624080127,125,MR.THÁI,CFA,"Poor Attaching(2),Dirty O'S(2),Over Cement(2)",,,,,
11,11/19/2025,TENSAUR SPORT 3.0 K,901778839,1,901778839-1,Netherlands,740,,PASS,,,C,Asc 02-1,11D,624080127,80,MS.HUỲNH,CFA,"Poor Attaching(2),Over Primer O'S(1)",,,,,
11,11/19/2025,TENSAUR SPORT 3.0 K,901778866,1,901778866-1,Netherlands,300,,PASS,,,C,Asc 02-2,4D,625090049,50,MRS.VY,CFA,"Dirty Collar Lining(1),Dirty O'S(1)",,,,,
11,11/19/2025,VS PACE 2.0,901498603,1,901498603-1,Italy,600,,PASS,,,C,Asc 03-1,8C,624070252,80,MRS.VY,CFA,"Dirty Collar Lining(1),Dirty Upper(1)",,,,,
11,11/19/2025,VS PACE 2.0,901522648,1,901522648-1,United Kingdom,"1,880",,PASS,,,C,Asc 01-1,2D,625080009,125,MS.HUỲNH,CFA,"Dirty Collar Lining(2),Dirty Upper(2),Poor Toe Cap(1)",,,,,
11,11/19/2025,VS PACE 2.0,901675323,1,901675323-1,United Kingdom,"1,260",,PASS,,,C,Asc 05-1,7D,621110412,125,MS.HUỲNH,CFA,"Wobbling(2),Over Cement(2),Dirty O'S(1)",,,,,
11,11/19/2025,VS PACE 2.0,901781700,1,901781700-1,Netherlands,"1,028",,PASS,,,C,Asc 03-1,8C,624070252,80,MS.NGÂN,CFA,"Bonding Gap(2),Poor Attaching(2),Over Cement(2)",,,,,
11,11/19/2025,ADVANTAGE 2.0,901483689,1,901483689-1,Italy,995,,PASS,,,D,Asc 08-1,1C,623090139,80,MRS.VY,CFA,"Dirty Upper(1),Bonding Gap(1)",,,,,
11,11/19/2025,ADVANTAGE,901670223,1,901670223-1,Japan,"1,200",12,PASS,,,B3,2,12,625030164,80,MS.NGÂN,CFA,"Bonding Gap(2),Dirty Collar Lining(2)",,,,,
11,11/19/2025,ADVANTAGE,901670277,1,901670277-1,Japan,800,12,PASS,,,B3,2,12,625030164,80,MS.HUỲNH,CFA,"Dirty Shoe Laces(2),Dirty Upper(2),Dirty O'S(2)",,,,,
11,11/19/2025,VL COURT 3.0 K,901671946,1,901671946-1,Netherlands,"3,000",,PASS,,,D,Asc 07-1,9,621040446,125,MS.HUỲNH,CFA,"Dirty Upper(1),Wobbling(3)",,,,,
11,11/19/2025,GRAND COURT 3.0,901618593,1,901618593-1,USA,300,,PASS,,,D,Asc 03-1,6C,622070194,50,MR.THÁI,CFA,"Thread Ends(1),Dirty O'S(1),Dirty Upper(1)",,,,,
11,11/19/2025,VL COURT 3.0 K,901820520,1,901820520-1,Netherlands,470,,PASS,,,D,Asc 05-1,18D,625030163,50,MS.HUỲNH,CFA,Dirty Upper(1),,,,,
11,11/19/2025,URBAN COURT,901482254,1,901482254-1,Italy,600,,PASS,,,D,Asc 10-2,28C,624100065,80,MR.NHỨT,CFA,Over Primer Upper(2),,,,,
11,11/19/2025,ADVANTAGE,901826725,1,901826725-1,USA,"1,482",15A,PASS,,,B3,4,15A,624050151,125,MR.NHỨT,CFA,"Bonding Gap(1),Dirty O'S(1)",,,,,
11,11/19/2025,GRAND COURT 2.0,901771030,1,901771030-1,United Kingdom,361,17B,PASS,,,B3,7,17B,621120120,50,MR.NHỨT,CFA,Bonding Gap(1),,,,,
11,11/19/2025,GRAND COURT 2.0,901771030,1,901771030-1,United Kingdom,361,,FAIL,,,C,Asc 01-2,31D,624040282,50,MS.HUỲNH,CFA,"Crooked Eyestay(2),Poor Stitching(4),Skipped Stitching(2),Bonding Gap(6),Dirty O’S(3)",OFFICIAL,,,,
11,11/20/2025,Tensaur Sport 2.0 CF I,901772489,1,901772489-1,Italy,"4,759",,PASS,1559,PC,A,Asc 08-1,41A,625080141,125,MR.THÁI,CFA,"Dirty Collar Lining(2),Wobbling(2)",,,,,
11,11/20/2025,VL COURT 3.0 K,901368596,1,901368596-1,Australia,197,,PASS,,,A,Asc 05-2,28A,619060201,32,MR.THÁI,CFA,"Wobbling(1),Poor Shape(1)",,,,,
11,11/20/2025,LITE RACER ADAPT 7.0 I,901134446,1,901134446-1,USA,694,,PASS,,,A,Asc 08-2,14A,622030023,80,MR.NHỨT,CFA,Wobbling(2),,,,,
11,11/20/2025,ASPYRE,901772778,1,901772778-1,Netherlands,853,,PASS,,,A,Asc 11-2,22A,624060318,80,MR.THÁI,CFA,"Dirty O'S(1),Dirty Upper(1)",,,,,
11,11/20/2025,ASPYRE,901774721,1,901774721-1,USA,698,,PASS,,,A,Asc 11-2,22A,624060318,80,MS.NGÂN,CFA,"Dirty O'S(1),Dirty Collar Lining(2)",,,,,
11,11/20/2025,TENSAUR SPORT 3.0 CF I,901274825,1,901274825-1,Brazil,405,,PASS,,,A,Asc 11-1,9A,622080458,50,MR.MOON,MANAGER,No issue,,CFA(NGÂN)AQL->TOP MANAGER(MR.MOON),,,
11,11/20/2025,TENSAUR SPORT 3.0 CF I,901380142,1,901380142-1,Morocco,282,,PASS,,,A,Asc 11-1,9A,622080458,50,MR.THÁI,CFA,"Left/Right Component Mismatch(1),Wobbling(1)",,,,,
11,11/20/2025,TENSAUR SPORT 3.0 CF I,901588794,1,901588794-1,United Kingdom,380,,PASS,,,A,Asc 10-1,R4,620110408,50,MR.THÁI,CFA,Wobbling(3),,,,,
11,11/20/2025,TENSAUR SPORT 3.0 CF I,4500812474,1,4500812474-1,South Africa,25,,PASS,,,A,Asc 11-1,9A,622080458,5,MS.HUỲNH,CFA,No issue,,,,,
11,11/20/2025,TENSAUR SPORT 3.0 CF I,901251542,1,901251542-1,Panama,127,,PASS,,,A,Asc 04-2,40A,625060019,20,MS.HUỲNH,CFA,Dirty Upper(1),,,,,
11,11/20/2025,TENSAUR SPORT 3.0 CF I,901272950,1,901272950-1,Brazil,373,,PASS,,,A,Asc 11-1,9A,622080458,50,MRS.LY,MANAGER,No issue,,CFA(THÁI)AQL->TOP MANAGER(MRS.LY),,,
11,11/20/2025,TENSAUR SPORT 3.0 CF I,901381475,1,901381475-1,Morocco,282,,PASS,,,A,Asc 11-1,9A,622080458,50,MS.HUỲNH,CFA,Dirty O'S(2),,,,,
11,11/20/2025,TENSAUR SPORT 3.0 CF I,901396677,1,901396677-1,Netherlands,304,,PASS,,,A,Asc 04-2,40A,625060019,50,MS.HUỲNH,CFA,"Bonding Gap(2),Dirty O'S(2)",,,,,
11,11/20/2025,TENSAUR SPORT 3.0 CF I,901778919,1,901778919-1,United Kingdom,400,,PASS,,,A,Asc 04-2,40A,625060019,50,MR.THÁI,CFA,Wobbling(3),,,,,
11,11/20/2025,TENSAUR SPORT 3.0 CF I,901779061,1,901779061-1,Netherlands,300,,PASS,,,A,Asc 11-1,9A,622080458,50,MR.MOON,MANAGER,No issue,,CFA(NGÂN)AQL->TOP MANAGER(MR.MOON),,,
11,11/20/2025,TENSAUR SPORT 3.0 CF I,901779201,1,901779201-1,United Kingdom,401,,PASS,,,A,Asc 04-2,40A,625060019,50,MS.HUỲNH,CFA,"Wobbling(1),Over Primer O'S(1),Left/Right Component Mismatch(1)",,,,,
11,11/20/2025,TENSAUR SPORT 3.0 CF I,4500812207,5,4500812207-5,South Africa,12,,PASS,,,A,Asc 05-1,23A,624110228,3,MR.THÁI,CFA,No issue,,,,,
11,11/20/2025,TENSAUR SPORT 3.0 CF I,4500812420,4,4500812420-4,South Africa,12,,PASS,,,A,Asc 05-1,23A,624110228,3,MRS.VY,CFA,No issue,,,,,
11,11/20/2025,Tensaur Run 3.0 EL I,901386234,1,901386234-1,Netherlands,"1,770",,PASS,,,A,Asc 06-1,25A,624030105,125,MS.HUỲNH,CFA,"Dirty M'S(2),Off Center(1),Broken Stitching(1),Poor Attaching(2)",,,,,
11,11/20/2025,Tensaur Run 3.0 EL I,901425059,1,901425059-1,Netherlands,"1,670",,PASS,,,A,Asc 06-2,17A,624030271,125,MS.HUỲNH,CFA,"Poor Attaching(2),Dirty M'S(2),Over Cement(2)",,,,,
11,11/20/2025,Tensaur Run 3.0 EL I,901425069,1,901425069-1,Netherlands,"1,700",,PASS,,,A,Asc 06-1,25A,624030105,125,MR.NHỨT,CFA,"Wobbling(2),Dirty Upper(1),Dirty M'S(1)",,,,,
11,11/20/2025,LIGHTSHIFT 2.0,901492084,1,901492084-1,Netherlands,"1,628",,PASS,,,A,Asc 01-1,31A,624060331,125,MS.NGÂN,CFA,"Dirty Collar Lining(3),Dirty M'S(3)",,,,,
11,11/20/2025,ADVANTAGE BASE 2.0 CF C,901776227,1,901776227-1,Netherlands,420,,PASS,,,B,Asc 01-1,38A,622020703,50,MR.MOON,MANAGER,No issue,,CFA(NGÂN)AQL->TOP MANAGER(MR.MOON),,,
11,11/20/2025,ADVANTAGE BASE 2.0 CF C,901776257,1,901776257-1,Netherlands,368,,PASS,,,B,Asc 01-1,38A,622020703,50,MR.NHỨT,CFA,"Dirty Collar Lining(1),Wobbling(1)",,,,,
11,11/20/2025,TENSAUR SPORT 3.0 K,901540300,1,901540300-1,Netherlands,603,,PASS,,,B,Asc 06-1,21B,622020056,80,MS.NGÂN,CFA,"Wobbling(2),Dirty O'S(1)",,,,,
11,11/20/2025,TENSAUR SPORT 3.0 K,901774415,1,901774415-1,Utd.Arab Emir.,120,,PASS,,,B,Asc 01-2,42B,625030063,20,MS.HUỲNH,CFA,Thread Ends(1),,,,,
11,11/20/2025,TENSAUR SPORT 3.0 K,901779443,1,901779443-1,Netherlands,353,,PASS,,,B,Asc 04-1,9B,621030996,50,MS.HUỲNH,CFA,"Over Primer O'S(1),Over Primer Upper(1)",,,,,
11,11/20/2025,TENSAUR SPORT 3.0 K,4500809819,1,4500809819-1,South Africa,598,,PASS,,,B,Asc 02-1,R2B,621060393,80,MS.NGÂN,CFA,Dirty Upper(3),,,,,
11,11/20/2025,TENSAUR SPORT 3.0 K,901274664,1,901274664-1,Brazil,302,,PASS,,,B,Asc 04-2,43B,625030363,50,MS.NGÂN,CFA,"Over Primer O'S(1),Thread Ends(2)",,,,,
11,11/20/2025,TENSAUR SPORT 3.0 K,4500812129,1,4500812129-1,South Africa,200,,PASS,,,B,Asc 04-2,43B,625030363,32,MR.THÁI,CFA,Over Primer O'S(1),,,,,
11,11/20/2025,TENSAUR SPORT 3.0  CF K,901462137,1,901462137-1,Taiwan,488,,PASS,,,B,Asc 04-1,9B,621030996,50,MS.HUỲNH,CFA,"Dirty O'S(2),Dirty Upper(2)",,,,,
11,11/20/2025,TENSAUR SPORT 3.0  CF K,901380024,1,901380024-1,Morocco,171,,PASS,,,B,Asc 06-2,26B,623090198,32,MR.THÁI,CFA,Wobbling(1),,,,,
11,11/20/2025,TENSAUR SPORT 3.0  CF K,901425307,1,901425307-1,Netherlands,717,,PASS,,,B,Asc 02-1,R2B,621060393,80,MS.NGÂN,CFA,"Collar Lining Wrinkle(1),Dirty O'S(2)",,,,,
11,11/20/2025,TENSAUR SPORT 3.0  CF K,901618204,1,901618204-1,United Kingdom,660,,PASS,,,B,Asc 03-1,46B,625100092,80,MS.HUỲNH,CFA,"Over Cement(2),Over Primer O'S(2)",,,,,
11,11/20/2025,TENSAUR SPORT 3.0  CF K,901618542,1,901618542-1,United Kingdom,308,,PASS,,,B,Asc 06-2,26B,623090198,50,MR.THÁI,CFA,"Dirty Upper(2),Dirty O'S(1)",,,,,
11,11/20/2025,TENSAUR SPORT 3.0  CF K,901272838,1,901272838-1,Brazil,422,,PASS,,,B,Asc 06-2,26B,623090198,50,MS.HUỲNH,CFA,Dirty Collar Lining(2),,,,,
11,11/20/2025,TENSAUR SPORT 3.0  CF K,4500812337,2,4500812337-2,South Africa,1,,PASS,,,B,Asc 02-1,R2B,621060393,1,MR.THÁI,CFA,No issue,,,,,
11,11/20/2025,GALAXY 7 M,901478272,1,901478272-1,Turkey,"6,383",,PASS,3200,P1,C,Asc 09-2,5D,625100040,125,MR.NHỨT,CFA,"Dirty Collar Lining(1),Dirty M'S(1),Over Cement(2),Over Primer O'S(1)",,,,,
11,11/20/2025,GALAXY 7 M,901534773,1,901534773-1,Netherlands,"4,485",,PASS,1285,PC,C,Asc 08-2,8D,624080430,125,MS.NGÂN,CFA,"Over Cement(2),Wrinkle(2),Dirty O'S(1)",,,,,
11,11/20/2025,GALAXY 7 M,901672891,1,901672891-1,Italy,695,,PASS,,,C,Asc 10-1,13D,624100308,80,MS.HUỲNH,CFA,"Bonding Gap(2),Over Cement(2)",,,,,
11,11/20/2025,GALAXY 7 M,901706287,1,901706287-1,Italy,"1,200",,PASS,,,C,Asc 07-1,24D,623090032,80,MR.THÁI,CFA,"Dirty Collar Lining(2),Toe Cap High/Low(1),Over Cement(1)",,,,,
11,11/20/2025,GALAXY 7 M,901226727,1,901226727-1,Netherlands,300,,PASS,,,C,Asc 07-1,24D,623090032,50,MR.THÁI,CFA,"Wrinkle(2),Dirty M'S(2)",,,,,
11,11/20/2025,GALAXY 7 M,901381993,1,901381993-1,Spain,999,,PASS,,,C,Asc 09-1,22D,623090063,80,MS.NGÂN,CFA,"Over Cement(2),Bonding Gap(2)",,,,,
11,11/20/2025,GALAXY 7 M,901397329,1,901397329-1,Netherlands,"1,680",,PASS,,,C,Asc 10-1,13D,624100308,125,MRS.VY,CFA,"Dirty Upper(2),Over Cement(2)",,,,,
11,11/20/2025,GALAXY 7 M,901397564,1,901397564-1,Netherlands,"1,770",,PASS,,,C,Asc 06-1,16,621070084,125,MRS.VY,CFA,"Dirty M'S(1),Over Cement(2)",,,,,
11,11/20/2025,GALAXY 7 M,901716506,1,901716506-1,Spain,305,,PASS,,,C,Asc 04-1,33D,624070020,50,MR.NHỨT,CFA,Dirty M'S(1),,,,,
11,11/20/2025,GALAXY 7 M,901724192,1,901724192-1,Italy,331,,PASS,,,C,Asc 10-1,25D,622070156,50,MRS.VY,CFA,Dirty M'S(1),,,,,
11,11/20/2025,GALAXY 7 W,901270986,1,901270986-1,Netherlands,857,,PASS,,,C,Asc 06-1,16,621070084,80,MR.THÁI,CFA,"Dirty O'S(2),Over Cement(2)",,,,,
11,11/20/2025,GALAXY 7 W,901272310,1,901272310-1,Netherlands,639,,PASS,,,C,Asc 05-2,38D,625020419,80,MR.NHỨT,CFA,"Bonding Gap(1),Dirty Collar Lining(1),Over Cement(1)",,,,,
11,11/20/2025,GALAXY 7 W,901479577,1,901479577-1,Hong Kong,"1,026",,PASS,,,C,Asc 07-2,29D,624040410,80,MS.HUỲNH,CFA,"Toe Cap High/Low(2),Dirty M'S(1),Dirty Collar Lining(1)",,,,,
11,11/20/2025,GALAXY 7 W,901497106,1,901497106-1,Italy,500,,PASS,,,C,Asc 05-2,10D,624040283,50,MRS.VY,CFA,"Wobbling(1),Dirty M'S(1)",,,,,
11,11/20/2025,GALAXY 7 W,901677071,1,901677071-1,Netherlands,400,,PASS,,,C,Asc 04-2,27D,623090194,50,MRS.VY,CFA,"Dirty Collar Lining(1),Wrinkle(1)",,,,,
11,11/20/2025,GALAXY 7 W,901716243,1,901716243-1,Spain,"1,000",,PASS,,,C,Asc 04-2,27D,623090194,80,MR.NHỨT,CFA,"Dirty Collar Lining(1),Wrinkle(1),Poor Attaching(1)",,,,,
11,11/20/2025,GRAND COURT 2.0,901772211,1,901772211-1,Netherlands,598,,PASS,,,C,Asc 01-2,31D,624040282,80,MR.NHỨT,CFA,"Over Cement(1),Dirty O'S(1)",,,,,
11,11/20/2025,TENSAUR SPORT 3.0 K,901184650,1,901184650-1,Netherlands,341,,PASS,,,C,Asc 02-1,11D,624080127,50,MS.HUỲNH,CFA,"Thread Ends(1),Over Primer O'S(2)",,,,,
11,11/20/2025,TENSAUR SPORT 3.0 K,901472392,1,901472392-1,Turkey,348,,PASS,,,C,Asc 02-2,4D,625090049,50,MR.NHỨT,CFA,"Broken Stitching(1),Bonding Gap(1)",,,,,
11,11/20/2025,TENSAUR SPORT 3.0 K,901481768,1,901481768-1,Morocco,350,,PASS,,,C,Asc 02-1,11D,624080127,50,MS.HUỲNH,CFA,"Off Center(1),Loose Stitches(1)",,,,,
11,11/20/2025,TENSAUR SPORT 3.0 K,901781650,1,901781650-1,Italy,720,,PASS,,,C,Asc 02-1,11D,624080127,80,MRS.VY,CFA,"Collar Lining Damaged(1),Dirty Upper(1),Bonding Gap(1)",,,,,
11,11/20/2025,VS PACE 2.0,901518270,1,901518270-1,United Kingdom,"1,490",,PASS,,,C,Asc 03-1,8C,624070252,125,MR.NHỨT,CFA,"Dirty Collar Lining(1),Over Cement(2)",,,,,
11,11/20/2025,VS PACE 2.0,901669963,1,901669963-1,Italy,300,,PASS,,,C,Asc 01-1,2D,625080009,50,MRS.LY,MANAGER,No issue,,CFA(THÁI)AQL->TOP MANAGER(MRS.LY),,,
11,11/20/2025,ADVANTAGE 2.0,901588141,1,901588141-1,Taiwan,400,,PASS,,,D,Asc 08-1,1C,623090139,50,MRS.VY,CFA,"Wobbling(1),Bonding Gap(1)",,,,,
11,11/20/2025,VS PACE 2.0,901780311,1,901780311-1,United Kingdom,"1,860",,PASS,,,D,Asc 04-2,12C,624080082,125,MRS.VY,CFA,"Dirty O'S(2),Dirty Collar Lining(1)",,,,,
11,11/20/2025,VS PACE 2.0,901781754,1,901781754-1,United Kingdom,693,,PASS,,,D,Asc 02-1,16C,624030295,80,MRS.VY,CFA,"Dirty O'S(1),Poor Attaching(1)",,,,,
11,11/20/2025,ADVANTAGE,901185567,1,901185567-1,USA,637,,PASS,,,D,Asc 05-1,18D,625030163,80,MR.THÁI,CFA,"Heel Cap High/Low(1),Collar Lining Wrinkle(1),Dirty O'S(1)",,,,,
11,11/20/2025,ADVANTAGE,901726297,1,901726297-1,USA,384,,PASS,,,D,Asc 09-2,14C,624020152,50,MR.THÁI,CFA,Dirty O'S(2),,,,,
11,11/20/2025,ADVANTAGE,901826727,1,901826727-1,USA,"3,518",,PASS,3200,P1,D,Asc 10-1,36C,625050250,125,MR.THÁI,CFA,"Bonding Gap(1),Off Center(2),Dirty O'S(2),Dirty Shoe Laces(1)",,,,,
11,11/20/2025,ADVANTAGE,901826727,1,901826727-1,USA,"3,518",,PASS,318,PC,D,Asc 10-1,36C,625050250,50,MS.HUỲNH,CFA,Bonding Gap(2),,,,,
11,11/20/2025,VL COURT 3.0 K,901402335,1,901402335-1,USA,311,,PASS,,,D,Asc 07-1,9,621040446,50,MRS.VY,CFA,Dirty Collar Lining(1),,,,,
11,11/20/2025,VL COURT 3.0 K,901467564,1,901467564-1,Australia,337,,PASS,,,D,Asc 05-2,40C,625100153,50,MR.NHỨT,CFA,"Dirty Upper(1),Over Cement(1)",,,,,
11,11/20/2025,VL COURT 3.0 K,901522570,1,901522570-1,Netherlands,580,,PASS,,,D,Asc 05-2,19C,622030777,80,MR.THÁI,CFA,"Heel Cap High/Low(1),Thread Ends(2),Over Cement(1)",,,,,
11,11/20/2025,GRAND COURT 3.0,901589048,1,901589048-1,Netherlands,600,,PASS,,,D,Asc 03-1,6C,622070194,80,MS.NGÂN,CFA,"Wobbling(1),Over Cement(2),Dirty O'S(1)",,,,,
11,11/20/2025,GRAND COURT 3.0,901590400,1,901590400-1,Netherlands,600,,PASS,,,D,Asc 04-1,33C,625030360,80,MS.HUỲNH,CFA,"Dirty Upper(1),Bonding Gap(2)",,,,,
11,11/20/2025,GRAND COURT 3.0,901600214,1,901600214-1,United Kingdom,330,,PASS,,,D,Asc 04-1,R5C,620120148,50,MRS.VY,CFA,"Broken Stitching(1),Dirty O'S(1)",,,,,
11,11/20/2025,GRAND COURT 3.0,901727871,1,901727871-1,Netherlands,316,,PASS,,,D,Asc 01-1,R6D,619080327,50,MR.NHỨT,CFA,Dirty Collar Lining(1),,,,,
11,11/20/2025,URBAN COURT,901585377,1,901585377-1,Panama,107,,PASS,,,D,Asc 07-2,17C,624030608,20,MR.THÁI,CFA,Wobbling(1),,,,,
11,11/20/2025,VS PACE 2.0,901506095,1,901506095-1,United Kingdom,"3,560",,PASS,3200,P1,D,Asc 01-1,39C,625090192,125,MR.THÁI,CFA,"Thread Ends(2),Dirty Upper(2),Dirty O'S(2)",,,,,
11,11/20/2025,VS PACE 2.0,901527615,1,901527615-1,United Kingdom,550,,PASS,,,D,Asc 11-1,38C,625090293,80,MRS.VY,CFA,Dirty Upper(2),,,,,
11,11/20/2025,LIGHTSHIFT 2.0,901155836,1,901155836-1,India,774,,FAIL,,,A,Asc 01-1,31A,624060331,32,MR.BÌNH,LOP,Bonding Gap Stockfit(5),OFFICIAL,,,,not update pivot88
11,11/21/2025,VL COURT 3.0 K,901715764,1,901715764-1,Netherlands,"4,500",,PASS,3200,P1,A,Asc 02-1,31A,624060331,125,MR.NHỨT,CFA,Wobbling(4),,,,,
11,11/21/2025,VL COURT 3.0 K,901715894,1,901715894-1,Netherlands,790,,PASS,,,A,Asc 04-1,18A,623100210,80,MS.HUỲNH,CFA,"Wobbling(2),Thread Ends(2)",,,,,
11,11/21/2025,VL COURT 3.0 K,901722437,1,901722437-1,Netherlands,465,,PASS,,,A,Asc 02-2,7A,625020551,50,MR.THÁI,CFA,Heel Cap High/Low(2),,,,,
11,11/21/2025,LITE RACER ADAPT 7.0 I,901778791,1,901778791-1,USA,397,,PASS,,,A,Asc 08-2,14A,622030023,50,MRS.VY,CFA,Dirty Collar Lining(2),,,,,
11,11/21/2025,ASPYRE 3 STRIPES,901668236,1,901668236-1,Argentina,42,,PASS,,,A,Asc 11-2,22A,624060318,8,MS.HUỲNH,CFA,No issue,,,,,
11,11/21/2025,TENSAUR SPORT 3.0 CF I,901388681,1,901388681-1,Netherlands,"1,177",,PASS,,,A,Asc 05-1,23A,624110228,80,MR.THÁI,CFA,"Thread Ends(2),Dirty Upper(2)",,,,,
11,11/21/2025,TENSAUR SPORT 3.0 CF I,901666480,1,901666480-1,Mexico,286,,PASS,,,A,Asc 11-1,9A,622080458,50,MRS.VY,CFA,Dirty Upper(1),,,,,
11,11/21/2025,TENSAUR SPORT 3.0 CF I,901396843,1,901396843-1,United Kingdom,490,,PASS,,,A,Asc 05-1,23A,624110228,50,MRS.LY,MANAGER,No issue,,CFA(VY)AQL->TOP MANAGER(MRS.LY),,,
11,11/21/2025,TENSAUR SPORT 3.0 CF I,901676530,1,901676530-1,United Kingdom,601,,PASS,,,A,Asc 05-1,23A,624110228,80,MRS.VY,CFA,"Dirty Upper(1),Wobbling(2),Dirty Collar Lining(1)",,,,,
11,11/21/2025,Tensaur Run 3.0 EL I,901386945,1,901386945-1,Netherlands,"2,540",,PASS,,,A,Asc 07-2,12A,622021407,125,MS.HUỲNH,CFA,"Bonding Gap(2),Poor Attaching(2),Dirty Upper(2)",,,,,
11,11/21/2025,Tensaur Run 3.0 EL I,901387116,1,901387116-1,Netherlands,"2,070",,PASS,,,A,Asc 06-1,25A,624030105,125,MRS.VY,CFA,"Dirty Collar Lining(2),Bonding Gap(2)",,,,,
11,11/21/2025,Tensaur Run 3.0 EL I,901388572,1,901388572-1,Netherlands,"2,020",,PASS,,,A,Asc 07-2,12A,622021407,125,MS.HUỲNH,CFA,"Dirty Upper(2),Dirty M'S(2),Bonding Gap(2)",,,,,
11,11/21/2025,Tensaur Run 3.0 EL I,901425064,1,901425064-1,Netherlands,"1,600",,PASS,,,A,Asc 07-1,20A,623110220,125,MS.NGÂN,CFA,"Dirty Upper(2),Poor Attaching(2),Dirty O'S(2)",,,,,
11,11/21/2025,TENSAUR COMFORT AC I,901665972,1,901665972-1,Netherlands,300,,PASS,,,A,Asc 06-1,25A,624030105,50,MR.THÁI,CFA,"Over Cement(2),Dirty O'S(2)",,,,,
11,11/21/2025,LIGHTSHIFT 2.0,901256049,1,901256049-1,India,670,28A,PASS,,,B3,3,28A,619060201,80,MR.NHỨT,CFA,"Dirty Collar Lining(1),Over Cement(1)",,,,,
11,11/21/2025,GRAND COURT 3.0,901491699,1,901491699-1,Netherlands,440,,PASS,,,A,Asc 11-2,16A,624100316,50,MS.NGÂN,CFA,"Off Center Heel Cap(2),Dirty O'S(1)",,,,,
11,11/21/2025,VL COURT 3.0 K,901489285,1,901489285-1,USA,"8,016",,PASS,3200,P1,A,Asc 02-2,7A,625020551,125,MS.NGÂN,CFA,"Wobbling(2),Over Cement(2),Dirty Upper(2)",,,,,
11,11/21/2025,VL COURT 3.0 K,901775395,1,901775395-1,Netherlands,300,,PASS,,,A,Asc 03-1,R4A,620080362,50,MS.HUỲNH,CFA,Wobbling(3),,,,,
11,11/21/2025,ADVANTAGE K,901772443,1,901772443-1,Italy,"6,800",,PASS,3200,P1,B,Asc 05-2,40B,625010030,125,MR.NHỨT,CFA,"Bonding Gap(3),Dirty O'S(2)",,,,,
11,11/21/2025,TENSAUR SPORT 3.0 K,901772313,1,901772313-1,Mexico,773,,PASS,,,B,Asc 06-1,21B,622020056,80,MRS.LY,MANAGER,No issue,,CFA(NHỨT)AQL->TOP MANAGER(MRS.LY),,,
11,11/21/2025,TENSAUR SPORT 3.0 K,901775211,1,901775211-1,Mexico,476,,PASS,,,B,Asc 01-2,42B,625030063,50,MR.MOON,MANAGER,No issue,,CFA(NHỨT)AQL->TOP MANAGER(MR.MOON),,,
11,11/21/2025,TENSAUR SPORT 3.0 K,901779118,1,901779118-1,United Kingdom,400,,PASS,,,B,Asc 01-2,42B,625030063,50,MR.THÁI,CFA,"Thread Ends(2),Over Primer O'S(1)",,,,,
11,11/21/2025,TENSAUR SPORT 3.0 K,901779280,1,901779280-1,United Kingdom,651,,PASS,,,B,Asc 01-2,42B,625030063,80,MRS.LY,MANAGER,No issue,,CFA(VY)AQL->TOP MANAGER(MRS.LY),,,
11,11/21/2025,TENSAUR SPORT 3.0  CF K,901226726,1,901226726-1,United Kingdom,"1,339",,PASS,,,B,Asc 06-2,26B,623090198,125,MS.HUỲNH,CFA,"Poor Attaching(2),Dirty Upper(3)",,,,,
11,11/21/2025,TENSAUR SPORT 3.0  CF K,901277978,1,901277978-1,Netherlands,"5,139",,PASS,3200,P1,B,Asc 04-2,43B,625030363,125,MS.HUỲNH,CFA,"Over Primer O'S(2),Wobbling(2),Bonding Gap(2),Thread Ends(2)",,,,,
11,11/21/2025,TENSAUR SPORT 3.0  CF K,901277978,1,901277978-1,Netherlands,"5,139",,PASS,1939,PC,B,Asc 03-2,84L,622030320,125,MS.HUỲNH,CFA,"Uneven Collar Top Line(2),Over Primer O'S(2),Dirty Upper(3)",,,,,
11,11/21/2025,TENSAUR SPORT 3.0  CF K,901425304,1,901425304-1,Netherlands,680,,PASS,,,B,Asc 02-1,R2B,621060393,80,MS.HUỲNH,CFA,"Wobbling(1),Collar Lining Wrinkle(1),Dirty Upper(1)",,,,,
11,11/21/2025,TENSAUR SPORT 3.0  CF K,901439484,1,901439484-1,Australia,140,,PASS,,,B,Asc 03-2,84L,622030320,20,MS.HUỲNH,CFA,Thread Ends(1),,,,,
11,11/21/2025,TENSAUR SPORT 3.0  CF K,901439492,1,901439492-1,Australia,106,,PASS,,,B,Asc 04-1,9B,621030996,20,MS.HUỲNH,CFA,Poor Shape(1),,,,,
11,11/21/2025,GALAXY 7 M,901226728,1,901226728-1,Spain,"2,550",,PASS,,,C,Asc 05-2,10D,624040283,125,MS.NGÂN,CFA,"Wrinkle(2),Dirty Upper(3),Over Cement(2),Toe Cap High/Low(2)",,,,,
11,11/21/2025,GALAXY 7 M,901226729,1,901226729-1,Spain,"1,470",,PASS,,,C,Asc 04-1,33D,624070020,125,MR.THÁI,CFA,"Dirty O'S(2),Dirty Upper(2),Over Cement(2)",,,,,
11,11/21/2025,GALAXY 7 M,901397451,1,901397451-1,Netherlands,"1,960",,PASS,,,C,Asc 08-2,8D,624080430,125,MR.NHỨT,CFA,"Over Cement(1),Dirty M'S(1),Over Primer O'S(2)",,,,,
11,11/21/2025,GALAXY 7 M,901397506,1,901397506-1,Netherlands,"2,080",,PASS,,,C,Asc 10-2,19D,625080253,125,MR.THÁI,CFA,"Over Cement(3),Dirty O'S(3)",,,,,
11,11/21/2025,GALAXY 7 M,901716341,1,901716341-1,Netherlands,400,,PASS,,,C,Asc 08-1,21D,623030007,50,MR.THÁI,CFA,"Over Cement(2),Dirty Collar Lining(2)",,,,,
11,11/21/2025,GALAXY 7 M,901722976,1,901722976-1,Italy,314,,PASS,,,C,Asc 10-1,13D,624100308,50,MS.HUỲNH,CFA,"Wobbling(2),Over Cement(2)",,,,,
11,11/21/2025,GALAXY 7 M,901729243,1,901729243-1,Netherlands,308,,PASS,,,C,Asc 09-1,22D,623090063,50,MS.HUỲNH,CFA,"Over Cement(2),Wrinkle(2)",,,,,
11,11/21/2025,GALAXY 7 M,901731432,1,901731432-1,Italy,370,,PASS,,,C,Asc 08-2,8D,624080430,50,MR.THÁI,CFA,"Over Cement(2),Dirty Upper(1)",,,,,
11,11/21/2025,GALAXY 7 M,901734303,1,901734303-1,Netherlands,305,,PASS,,,C,Asc 09-1,22D,623090063,50,MS.HUỲNH,CFA,Dirty M'S(1),,,,,
11,11/21/2025,GALAXY 7 W,901291992,1,901291992-1,Netherlands,300,,PASS,,,C,Asc 07-2,29D,624040410,50,MS.NGÂN,CFA,"Over Primer O'S(1),Wrinkle(1)",,,,,
11,11/21/2025,GALAXY 7 W,901292115,1,901292115-1,Netherlands,300,,PASS,,,C,Asc 08-2,8D,624080430,50,MS.NGÂN,CFA,"Over Primer O'S(1),Wobbling(1)",,,,,
11,11/21/2025,GALAXY 7 W,901293374,1,901293374-1,Netherlands,300,,PASS,,,C,Asc 04-1,33D,624070020,50,MS.HUỲNH,CFA,Dirty Upper(2),,,,,
11,11/21/2025,GALAXY 7 W,901718477,1,901718477-1,Netherlands,300,,PASS,,,C,Asc 04-2,27D,623090194,50,MR.MOON,MANAGER,No issue,,CFA(VY)AQL->TOP MANAGER(MR.MOON),,,
11,11/21/2025,GALAXY 7 W,901719785,1,901719785-1,Netherlands,994,,PASS,,,C,Asc 03-2,20D,624080083,80,MRS.VY,CFA,"Dirty O'S(1),Wobbling(1)",,,,,
11,11/21/2025,GALAXY 7 W,901720881,1,901720881-1,Netherlands,637,,PASS,,,C,Asc 05-2,10D,624040283,80,MS.NGÂN,CFA,"Wobbling(2),Dirty M'S(2)",,,,,
11,11/21/2025,GALAXY 7 W,901670099,1,901670099-1,Italy,500,,PASS,,,C,Asc 07-2,29D,624040410,50,MS.NGÂN,CFA,Dirty Upper(2),,,,,
11,11/21/2025,GALAXY 7 W,901675570,1,901675570-1,Spain,"1,000",,PASS,,,C,Asc 04-2,27D,623090194,80,MR.THÁI,CFA,"Dirty M'S(2),Over Cement(2)",,,,,
11,11/21/2025,GALAXY 7 W,901676970,1,901676970-1,Netherlands,303,,PASS,,,C,Asc 05-2,10D,624040283,50,MR.MOON,MANAGER,No issue,,CFA(VY)AQL->TOP MANAGER(MR.MOON),,,
11,11/21/2025,GALAXY 7 W,901677040,1,901677040-1,Netherlands,701,,PASS,,,C,Asc 04-2,27D,623090194,80,MR.THÁI,CFA,Dirty O'S(3),,,,,
11,11/21/2025,VS PACE 2.0,901493947,1,901493947-1,Netherlands,448,,PASS,,,C,Asc 03-2,20D,624080083,50,MS.NGÂN,CFA,"Uneven Collar Top Line(2),Dirty Upper(1)",,,,,
11,11/21/2025,VS PACE 2.0,901718213,1,901718213-1,Spain,"1,310",,PASS,,,C,Asc 05-1,7D,621110412,125,MR.THÁI,CFA,"Bonding Gap(2),Over Cement(2)",,,,,
11,11/21/2025,VS PACE 2.0,901777703,1,901777703-1,Netherlands,"1,827",,PASS,,,C,Asc 05-1,7D,621110412,125,MRS.VY,CFA,"Poor Attaching(2),Dirty Shoe Laces(1)",,,,,
11,11/21/2025,ADVANTAGE 2.0,901714550,1,901714550-1,Netherlands,419,,PASS,,,D,Asc 08-1,1C,623090139,50,MR.MOON,MANAGER,No issue,,CFA(VY)AQL->TOP MANAGER(MR.MOON),,,
11,11/21/2025,VS PACE 2.0,901719986,1,901719986-1,United Kingdom,"1,900",,PASS,,,D,Asc 02-2,35C,625050156,125,MR.THÁI,CFA,"Over Cement(2),Dirty O'S(2)",,,,,
11,11/21/2025,VS PACE 2.0,901779671,1,901779671-1,Italy,"1,360",,PASS,,,D,Asc 01-2,37C,625080102,125,MS.HUỲNH,CFA,"Poor Shape(2),Dirty Upper(2),Over Cement(2)",,,,,
11,11/21/2025,ADVANTAGE,901289949,1,901289949-1,USA,667,,PASS,,,D,Asc 06-2,R9C,621030557,80,MR.NHỨT,CFA,Dirty O'S(1),,,,,
11,11/21/2025,ADVANTAGE,901580705,1,901580705-1,USA,748,,PASS,,,D,Asc 10-1,36C,625050250,80,MR.MOON,MANAGER,No issue,,CFA(VY)AQL->TOP MANAGER(MR.MOON),,,
11,11/21/2025,ADVANTAGE,901773071,1,901773071-1,Colombia,615,,PASS,,,D,Asc 09-1,32C,625030234,80,MR.THÁI,CFA,"Uneven Collar Top Line(1),Poor Shape(2)",,,,,
11,11/21/2025,ADVANTAGE,901780250,1,901780250-1,Singapore,100,,PASS,,,D,Asc 09-1,32C,625030234,20,MS.NGÂN,CFA,Bonding Gap(1),,,,,
11,11/21/2025,VL COURT 3.0 K,901296084,1,901296084-1,USA,479,,PASS,,,D,Asc 05-2,R6D,619080327,50,MR.THÁI,CFA,"Wobbling(2),Over Cement(1)",,,,,
11,11/21/2025,VL COURT 3.0 K,901674042,1,901674042-1,Netherlands,334,,PASS,,,D,Asc 07-1,9,621040446,50,MR.THÁI,CFA,Over Cement(3),,,,,
11,11/21/2025,VL COURT 3.0 K,901779093,1,901779093-1,Netherlands,521,,PASS,,,D,Asc 07-1,9,621040446,80,MR.MOON,MANAGER,No issue,,CFA(NHỨT)AQL->TOP MANAGER(MR.MOON),,,
11,11/21/2025,GRAND COURT 3.0,901596810,1,901596810-1,Italy,631,,PASS,,,D,Asc 01-1,39C,625090192,80,MS.HUỲNH,CFA,"Bonding Gap(1),Over Cement(1),Off Center(1)",,,,,
11,11/21/2025,GRAND COURT 3.0,901599545,1,901599545-1,United Kingdom,320,,PASS,,,D,Asc 03-1,6C,622070194,50,MS.HUỲNH,CFA,"Over Primer O'S(2),Over Primer Upper(2)",,,,,
11,11/21/2025,GRAND COURT 3.0,901599611,1,901599611-1,United Kingdom,470,,PASS,,,D,Asc 01-1,39C,625090192,50,MR.THÁI,CFA,"Over Cement(2),Dirty O'S(1)",,,,,
11,11/21/2025,GRAND COURT 3.0,901618249,1,901618249-1,USA,"3,600",,PASS,3200,P1,D,Asc 01-1,11C,624070393,125,MS.NGÂN,CFA,"Over Cement(2),Bonding Gap(2),Dirty O'S(2)",,,,,
11,11/21/2025,GRAND COURT 3.0,901618249,1,901618249-1,USA,"3,600",,PASS,400,PC,D,Asc 03-1,6C,622070194,50,MS.NGÂN,CFA,"Dirty O'S(1),Dirty Upper(1)",,,,,
11,11/21/2025,GRAND COURT 3.0,901618590,1,901618590-1,USA,"1,158",,PASS,,,D,Asc 03-1,6C,622070194,80,MR.NHỨT,CFA,"Bonding Gap(2),Dirty O'S(1),Dirty Upper(1)",,,,,
11,11/21/2025,URBAN COURT,901339041,1,901339041-1,Mexico,887,5C,PASS,,,B3,7,5C,621120400,80,MR.THÁI,CFA,"Dirty Upper(2),Wobbling(2),Bonding Gap(1)",,,,,
11,11/21/2025,URBAN COURT,901774160,1,901774160-1,Utd.Arab Emir.,259,,PASS,,,D,Asc 06-1,2C,623080380,32,MS.NGÂN,CFA,"Poor Attaching(1),Dirty O'S(1)",,,,,
11,11/21/2025,VS PACE 2.0,901506095,1,901506095-1,United Kingdom,"3,560",,PASS,360,PC,D,Asc 03-2,34C,625020591,50,MR.NHỨT,CFA,"Broken Stitching(1),Dirty Collar Lining(1)",,,,,
11,11/22/2025,Tensaur Sport 2.0 CF I,901774803,1,901774803-1,United Kingdom,"1,800",,PASS,,,A,Asc 08-1,41A,625080141,125,MR.MOON,MANAGER,No issue,,CFA(NHỨT)AQL->TOP MANAGER(MR.MOON),,,
11,11/22/2025,VL COURT 3.0 K,901270739,1,901270739-1,Netherlands,386,,PASS,,,A,Asc 02-1,31A,624060331,50,MS.NGÂN,CFA,"Crooked Toe Cap(2),Dirty O'S(2)",,,,,
11,11/22/2025,VL COURT 3.0 K,901720019,1,901720019-1,United Kingdom,300,,PASS,,,A,Asc 02-1,31A,624060331,50,MR.THÁI,CFA,"Over Cement(1),Wobbling(1)",,,,,
11,11/22/2025,VL COURT 3.0 K,901731225,1,901731225-1,USA,465,,PASS,,,A,Asc 03-2,8A,624020086,50,MS.NGÂN,CFA,Over Cement(2),,,,,
11,11/22/2025,VL COURT 3.0 K,901774892,1,901774892-1,Italy,720,,PASS,,,A,Asc 04-1,18A,623100210,80,MS.NGÂN,CFA,"Over Cement(1),Wrinkle(1),Thread Ends(1),Wobbling(1)",,,,,
11,11/22/2025,VL COURT 3.0 K,901776189,1,901776189-1,Netherlands,793,,PASS,,,A,Asc 05-2,28A,619060201,80,MR.MOON,MANAGER,No issue,,CFA(NHỨT)AQL->TOP MANAGER(MR.MOON),,,
11,11/22/2025,LITE RACER ADAPT 7.0 I,901274529,1,901274529-1,USA,302,,PASS,,,A,Asc 06-2,17A,624030271,50,MS.NGÂN,CFA,Dirty Collar Lining(2),,,,,
11,11/22/2025,LITE RACER ADAPT 7.0 I,901776622,1,901776622-1,USA,319,,PASS,,,A,Asc 08-2,14A,622030023,50,MRS.LY,MANAGER,No issue,,CFA(VY)AQL->TOP MANAGER(MRS.LY),,,
11,11/22/2025,ASPYRE 3 STRIPES,901259781,1,901259781-1,Peru,100,,PASS,,,A,Asc 11-2,22A,624060318,20,MS.NGÂN,CFA,Over Primer Upper(1),,,,,
11,11/22/2025,ASPYRE 3 STRIPES,901675612,1,901675612-1,USA,487,,PASS,,,A,Asc 11-2,22A,624060318,50,MS.NGÂN,CFA,Over Cement(2),,,,,
11,11/22/2025,ASPYRE 3 STRIPES,901773243,1,901773243-1,Peru,147,,PASS,,,A,Asc 11-2,10A,622021050,20,MR.MOON,MANAGER,No issue,,CFA(NHỨT)AQL->TOP MANAGER(MR.MOON),,,
11,11/22/2025,TENSAUR SPORT 3.0 CF I,901666412,1,901666412-1,Brazil,483,,PASS,,,A,Asc 11-1,9A,622080458,50,MS.NGÂN,CFA,Thread Ends(3),,,,,
11,11/22/2025,TENSAUR SPORT 3.0 CF I,901666970,1,901666970-1,Panama,517,,PASS,,,A,Asc 04-2,40A,625060019,80,MS.NGÂN,CFA,Dirty Upper(3),,,,,
11,11/22/2025,TENSAUR SPORT 3.0 CF I,901380775,1,901380775-1,Morocco,282,,PASS,,,A,Asc 11-1,9A,622080458,50,MS.NGÂN,CFA,Dirty O'S(2),,,,,
11,11/22/2025,TENSAUR SPORT 3.0 CF I,901391146,1,901391146-1,United Kingdom,370,,PASS,,,A,Asc 05-1,23A,624110228,50,MR.MOON,MANAGER,No issue,,CFA(NHỨT)AQL->TOP MANAGER(MR.MOON),,,
11,11/22/2025,Tensaur Run 3.0 EL I,901479146,1,901479146-1,Morocco,298,,PASS,,,A,Asc 07-1,20A,623110220,50,MS.NGÂN,CFA,Over Cement(2),,,,,
11,11/22/2025,Tensaur Run 3.0 EL I,901577517,1,901577517-1,Utd.Arab Emir.,100,,PASS,,,A,Asc 06-2,17A,624030271,20,MR.THÁI,CFA,Over Cement(1),,,,,
11,11/22/2025,LIGHTSHIFT 2.0,901154705,1,901154705-1,India,"1,304",,PASS,,,A,Asc 01-1,31A,624060331,125,MR.NHỨT,CFA," Wrinkle(2),Dirty Collar Lining(1),Off Center(1)",,,,,
11,11/22/2025,LIGHTSHIFT 2.0,901279561,1,901279561-1,India,423,,PASS,,,A,Asc 01-2,4A,624060316,50,MS.NGÂN,CFA,"Wrinkle(2),Over Cement(2)",,,,,
11,11/22/2025,LIGHTSHIFT 2.0,901666623,1,901666623-1,Mexico,240,12,PASS,,,B3,2,12,625030164,32,MRS.VY,CFA,Dirty Upper(1),,,,,
11,11/22/2025,VL COURT 3.0 K,901601789,1,901601789-1,United Kingdom,490,,PASS,,,A,Asc 05-2,28A,619060201,50,MR.MOON,MANAGER,No issue,,CFA(NHỨT)AQL->TOP MANAGER(MR.MOON),,,
11,11/22/2025,VL COURT 3.0 K,901777666,1,901777666-1,USA,609,,PASS,,,A,Asc 03-2,8A,624020086,80,MS.NGÂN,CFA,Dirty Upper(4),,,,,
11,11/22/2025,ADVANTAGE BASE 2.0 CF C,901776285,1,901776285-1,Netherlands,"1,452",,PASS,,,B,Asc 01-1,38A,622020703,125,MS.NGÂN,CFA,"Over Cement(3),Dirty Collar Lining(2),Dirty Upper(3)",,,,,
11,11/22/2025,Tensaur Sport 2.0 CF K,901774333,1,901774333-1,Israel,"2,400",,PASS,,,B,Asc 02-2,25B,621100361,125,MR.THÁI,CFA,"Bonding Gap(2),Wobbling(2),Dirty O'S(2)",,,,,
11,11/22/2025,TENSAUR SPORT 3.0 K,901779307,1,901779307-1,Netherlands,616,,PASS,,,B,Asc 04-2,43B,625030363,80,MS.NGÂN,CFA,"Thread Ends(3),Over Primer O'S(2)",,,,,
11,11/22/2025,TENSAUR SPORT 3.0  CF K,901381257,1,901381257-1,Morocco,188,,PASS,,,B,Asc 01-2,42B,625030063,32,MR.NHỨT,CFA,Bonding Gap(1),,,,,
11,11/22/2025,TENSAUR SPORT 3.0  CF K,901388175,1,901388175-1,Utd.Arab Emir.,100,,PASS,,,B,Asc 02-1,R2B,621060393,20,MR.THÁI,CFA,Thread Ends(1),,,,,
11,11/22/2025,TENSAUR SPORT 3.0  CF K,901439496,1,901439496-1,New Zealand,223,,PASS,,,B,Asc 04-1,9B,621030996,32,MS.NGÂN,CFA,"Over Primer O'S(1),Bonding Gap(2)",,,,,
11,11/22/2025,TENSAUR SPORT 3.0  CF K,901477512,1,901477512-1,Turkey,"1,048",,PASS,,,B,Asc 05-2,40B,625010030,80,MR.NHỨT,CFA,"Bonding Gap(2),Wobbling(1)",,,,,
11,11/22/2025,TENSAUR SPORT 3.0  CF K,901481967,1,901481967-1,Morocco,139,,PASS,,,B,Asc 05-2,40B,625010030,20,MR.NHỨT,CFA,Dirty Collar Lining(1),,,,,
11,11/22/2025,TENSAUR SPORT 3.0  CF K,901773244,1,901773244-1,Brazil,142,,PASS,,,B,Asc 04-1,9B,621030996,20,MR.THÁI,CFA,Over Primer Upper(1),,,,,
11,11/22/2025,TENSAUR SPORT 3.0  CF K,4500682299,1,4500682299-1,South Africa,280,,PASS,,,B,Asc 03-2,84L,622030320,32,MRS.VY,CFA,No issue,,,,,
11,11/22/2025,TENSAUR SPORT 3.0  CF K,4500682410,1,4500682410-1,South Africa,360,,PASS,,,B,Asc 02-1,R2B,621060393,50,MRS.LY,MANAGER,No issue,,CFA(VY)AQL->TOP MANAGER(MRS.LY),,,
11,11/22/2025,GALAXY 7 M,901478272,1,901478272-1,Turkey,"6,383",,PASS,3183,PC,C,Asc 09-2,25D,622070156,125,MS.NGÂN,CFA,"Wrinkle(2),Dirty O'S(2),Over Cement(3),Dirty Collar Lining(2)",,,,,
11,11/22/2025,GALAXY 7 M,901598010,1,901598010-1,USA,850,,PASS,,,C,Asc 07-1,24D,623090032,80,MR.NHỨT,CFA,"Dirty M'S(1),Dirty Upper(1)",,,,,
11,11/22/2025,GALAXY 7 M,901598696,1,901598696-1,USA,"1,090",,PASS,,,C,Asc 11-2,28D,625080255,80,MR.THÁI,CFA,"Wrinkle(2),Wobbling(3),Over Primer O'S(1)",,,,,
11,11/22/2025,GALAXY 7 M,901671257,1,901671257-1,Italy,500,,PASS,,,C,Asc 09-1,22D,623090063,50,MRS.VY,CFA,Bonding Gap(1),,,,,
11,11/22/2025,GALAXY 7 M,901674547,1,901674547-1,Netherlands,300,,PASS,,,C,Asc 07-1,24D,623090032,50,MS.NGÂN,CFA,"Wrinkle(2),Over Cement(2)",,,,,
11,11/22/2025,GALAXY 7 W,901425288,1,901425288-1,Morocco,182,,PASS,,,C,Asc 04-1,33D,624070020,32,MR.NHỨT,CFA,"Dirty M'S(1),Dirty Upper(1)",,,,,
11,11/22/2025,GALAXY 7 W,901426653,1,901426653-1,Utd.Arab Emir.,162,,PASS,,,C,Asc 04-1,33D,624070020,32,MR.NHỨT,CFA,No issue,,,,,
11,11/22/2025,GALAXY 7 W,901525671,1,901525671-1,Philippines,156,,PASS,,,C,Asc 04-2,27D,623090194,32,MR.THÁI,CFA,Dirty O'S(1),,,,,
11,11/22/2025,TENSAUR SPORT 3.0 K,901274948,1,901274948-1,Brazil,571,,PASS,,,C,Asc 02-2,4D,625090049,80,MR.THÁI,CFA,"Collar Lining Wrinkle(2),Dirty Upper(3)",,,,,
11,11/22/2025,TENSAUR SPORT 3.0 K,901476105,1,901476105-1,Turkey,966,,PASS,,,C,Asc 02-2,4D,625090049,80,MR.NHỨT,CFA,"Poor Shape(1),Dirty Upper(1),Poor Attaching(1)",,,,,
11,11/22/2025,TENSAUR SPORT 3.0 K,4500809836,1,4500809836-1,South Africa,120,,PASS,,,C,Asc 02-1,17B,621120120,20,MR.THÁI,CFA,Dirty Upper(1),,,,,
11,11/22/2025,TENSAUR SPORT 3.0 K,4500812409,1,4500812409-1,South Africa,840,,PASS,,,C,Asc 02-1,11D,624080127,80,MRS.VY,CFA,Bonding Gap(2),,,,,
11,11/22/2025,VS PACE 2.0,901781854,1,901781854-1,Netherlands,370,,PASS,,,C,Asc 01-1,2D,625080009,50,MR.THÁI,CFA,Dirty Upper(2),,,,,
11,11/22/2025,VS PACE 2.0,901717136,1,901717136-1,Netherlands,350,,PASS,,,C,Asc 03-2,20D,624080083,50,MS.NGÂN,CFA,"Over Cement(2),Wrinkle(2)",,,,,
11,11/22/2025,VS PACE 2.0,901774360,1,901774360-1,Utd.Arab Emir.,121,,PASS,,,C,Asc 03-1,8C,624070252,20,MS.NGÂN,CFA,Over Cement(1),,,,,
11,11/22/2025,VS PACE 2.0,901776550,1,901776550-1,United Kingdom,785,,PASS,,,C,Asc 03-1,8C,624070252,80,MS.NGÂN,CFA,"Over Primer Upper(2),Poor Shape(1)",,,,,
11,11/22/2025,VS PACE 2.0,901779653,1,901779653-1,Italy,390,,PASS,,,C,Asc 03-1,8C,624070252,50,MRS.VY,CFA,Dirty O'S(1),,,,,
11,11/22/2025,VS PACE 2.0,901774389,1,901774389-1,Utd.Arab Emir.,114,,PASS,,,D,Asc 02-1,16C,624030295,20,MR.NHỨT,CFA,Dirty O'S(1),,,,,
11,11/22/2025,VS PACE 2.0,901843742,1,901843742-1,Italy,315,,PASS,,,D,Asc 11-1,38C,625090293,50,MR.THÁI,CFA,Dirty O'S(2),,,,,
11,11/22/2025,VS PACE 2.0,901844041,1,901844041-1,United Kingdom,365,,PASS,,,D,Asc 11-1,38C,625090293,50,MR.NHỨT,CFA,Material Damaged(1),,,,,
11,11/22/2025,VS PACE 2.0,4500809803,1,4500809803-1,South Africa,494,,PASS,,,D,Asc 11-1,38C,625090293,50,MS.HUỲNH,CFA,"Off Center(1),Wobbling(1)",,,,,
11,11/22/2025,ADVANTAGE,901288749,1,901288749-1,USA,"1,747",,PASS,,,D,Asc 09-2,14C,624020152,125,MS.NGÂN,CFA,"Dirty O'S(4),Broken Stitching(2),Dirty Collar Lining(2)",,,,,
11,11/22/2025,ADVANTAGE,901773237,1,901773237-1,Mexico,247,,PASS,,,D,Asc 06-2,19C,622030777,32,MR.THÁI,CFA,"Off Center(1),Dirty O'S(1)",,,,,
11,11/22/2025,ADVANTAGE,901775275,1,901775275-1,Colombia,459,,PASS,,,D,Asc 09-2,14C,624020152,50,MR.THÁI,CFA,Dirty O'S(2),,,,,
11,11/22/2025,ADVANTAGE,901776990,1,901776990-1,USA,832,,PASS,,,D,Asc 09-1,32C,625030234,80,MR.THÁI,CFA,"Crooked Toe Cap(2),Bonding Gap(1),Dirty O'S(2)",,,,,
11,11/22/2025,VL COURT 3.0 K,901346043,1,901346043-1,Panama,390,,PASS,,,D,Asc 05-2,40C,625100153,50,MR.THÁI,CFA,Over Cement(3),,,,,
11,11/22/2025,VL COURT 3.0 K,901666165,1,901666165-1,Morocco,431,,PASS,,,D,Asc 07-1,9,621040446,50,MS.NGÂN,CFA,Wobbling(2),,,,,
11,11/22/2025,GRAND COURT 3.0,901618584,1,901618584-1,USA,607,,PASS,,,D,Asc 03-1,6C,622070194,80,MS.NGÂN,CFA,"Dirty O'S(2),Crooked Toe Cap(2)",,,,,
11,11/22/2025,URBAN COURT,901768953,1,901768953-1,Netherlands,424,,PASS,,,D,Asc 10-2,4C,624020153,50,MS.NGÂN,CFA,Dirty O'S(2),,,,,
11,11/22/2025,URBAN COURT,901772399,1,901772399-1,Mexico,"3,204",,PASS,,,D,Asc 10-2,28C,624100065,127,MR.NHỨT,CFA,"Collar Lining Wrinkle(2),Dirty O'S(3)",,,,,
11,11/22/2025,URBAN COURT,901773787,1,901773787-1,Mexico,"1,968",,PASS,,,D,Asc 06-1,2C,623080380,125,MR.MOON,MANAGER,No issue,,CFA(NHỨT)AQL->TOP MANAGER(MR.MOON),,,
11,11/22/2025,URBAN COURT,901774508,1,901774508-1,Utd.Arab Emir.,129,,PASS,,,D,Asc 10-2,28C,624100065,20,MS.NGÂN,CFA,Over Cement(1),,,,,
11,11/22/2025,GALAXY 7 M,901425760,1,901425760-1,Utd.Arab Emir.,100,,PASS,,,C,Asc 10-2,19D,625080253,20,MR.NHỨT,CFA,No issue,,,,,
11,11/24/2025,Tensaur Sport 2.0 CF I,901770890,1,901770890-1,Italy,"10,201",,PASS,3200,P1,A,Asc 08-1,41A,625080141,125,MRS.VY,CFA,"Dirty Collar Lining(1),Over Cement(2),Poor Attaching(1)",,,,,
11,11/24/2025,Tensaur Sport 2.0 CF I,901770890,1,901770890-1,Italy,"10,201",,PASS,3200,P2,A,Asc 10-1,R4,620110408,125,MS.HUỲNH,CFA,"Dirty Upper(2),Dirty Collar Lining(2),Over Cement(2)",,,,,
11,11/24/2025,VL COURT 3.0 K,901271986,1,901271986-1,USA,539,,PASS,,,A,Asc 02-2,7A,625020551,80,MRS.VY,CFA,Wobbling(2),,,,,
11,11/24/2025,VL COURT 3.0 K,901279585,1,901279585-1,Canada,580,,PASS,,,A,Asc 05-2,10A,622021050,80,MS.HUỲNH,CFA,"Over Cement(2),Thread Ends(2)",,,,,
11,11/24/2025,VL COURT 3.0 K,901667679,1,901667679-1,Canada,802,,PASS,,,A,Asc 03-1,R4A,620080362,80,MS.HUỲNH,CFA,"Wrinkle(1),Wobbling(2),Collar Lining Damaged(2)",,,,,
11,11/24/2025,VL COURT 3.0 K,901715764,1,901715764-1,Netherlands,"4,500",,PASS,1300,PC,A,Asc 02-1,31A,624060331,125,MRS.VY,CFA,"Needle Hole(1),Wobbling(2)",,,,,
11,11/24/2025,VL COURT 3.0 K,901779693,1,901779693-1,Italy,"1,200",,PASS,,,A,Asc 02-2,7A,625020551,80,MRS.LY,MANAGER,No issue,,CFA(HUỲNH)AQL->TOP MANAGER(MRS.LY),,,
11,11/24/2025,LITE RACER ADAPT 7.0 I,901777770,1,901777770-1,USA,715,,PASS,,,A,Asc 08-2,14A,622030023,80,MRS.VY,CFA,"Dirty O'S(1),Bonding Gap(1)",,,,,
11,11/24/2025,ASPYRE,900986002,1,900986002-1,Italy,335,,PASS,,,A,Asc 11-2,16A,624100316,50,MR.MOON,MANAGER,No issue,,CFA(VY)AQL->TOP MANAGER(MR.MOON),,,
11,11/24/2025,ASPYRE 3 STRIPES,901771072,1,901771072-1,Brazil,389,,PASS,,,A,Asc 11-2,22A,624060318,50,MR.THÁI,CFA,"Off Center(1),Dirty Upper(1)",,,,,
11,11/24/2025,TENSAUR SPORT 3.0 CF I,901675219,1,901675219-1,Netherlands,440,,PASS,,,A,Asc 11-1,9A,622080458,50,MS.HUỲNH,CFA,Poor Attaching(2),,,,,
11,11/24/2025,TENSAUR SPORT 3.0 CF I,901675358,1,901675358-1,Netherlands,470,,PASS,,,A,Asc 05-1,23A,624110228,50,MS.NGÂN,CFA,"Dirty O'S(2),Dirty Collar Lining(1)",,,,,
11,11/24/2025,TENSAUR SPORT 3.0 CF I,901773346,1,901773346-1,Mexico,300,,PASS,,,A,Asc 05-1,23A,624110228,50,MS.HUỲNH,CFA,Dirty O'S(3),,,,,
11,11/24/2025,TENSAUR SPORT 3.0 CF I,901774338,1,901774338-1,Peru,900,,PASS,,,A,Asc 04-2,40A,625060019,80,MRS.VY,CFA,Bonding Gap(2),,,,,
11,11/24/2025,TENSAUR SPORT 3.0 CF I,901777739,1,901777739-1,Peru,279,,PASS,,,A,Asc 11-1,9A,622080458,32,MS.NGÂN,CFA,Dirty Upper(1),,,,,
11,11/24/2025,Tensaur Run 3.0 EL I,901578660,1,901578660-1,Utd.Arab Emir.,100,,PASS,,,A,Asc 06-2,17A,624030271,20,MRS.VY,CFA,No issue,,,,,
11,11/24/2025,Tensaur Run 3.0 EL I,901580003,1,901580003-1,Utd.Arab Emir.,150,,PASS,,,A,Asc 07-2,12A,622021407,20,MRS.VY,CFA,Dirty Upper(1),,,,,
11,11/24/2025,Tensaur Run 3.0 EL I,4501118129,2,4501118129-2,South Africa,460,,PASS,,,A,Asc 07-2,12A,622021407,50,MR.THÁI,CFA,Wobbling(2),,,,,
11,11/24/2025,LIGHTSHIFT 2.0,901386372,1,901386372-1,Turkey,207,15D,PASS,,,B3,3,15D,622020913,32,MR.NHỨT,CFA,Dirty O'S(1),,,,,
11,11/24/2025,LIGHTSHIFT 2.0,901386438,1,901386438-1,Turkey,233,R6C,PASS,,,B3,3,R6C,621020445,32,MS.NGÂN,CFA,"Dirty Upper(1),Dirty O'S(1)",,,,,
11,11/24/2025,LIGHTSHIFT 2.0,901425324,1,901425324-1,Saudi Arabia,106,,PASS,,,A,Asc 02-1,31A,624060331,20,MS.NGÂN,CFA,Dirty Collar Lining(1),,,,,
11,11/24/2025,VL COURT 3.0 K,901781731,1,901781731-1,Netherlands,678,,PASS,,,A,Asc 03-2,8A,624020086,80,MR.THÁI,CFA,Over Cement(2),,,,,
11,11/24/2025,TENSAUR SPORT 3.0  CF K,901273038,1,901273038-1,Brazil,717,,PASS,,,B,Asc 03-1,46B,625100092,80,MS.HUỲNH,CFA,"Off Center(2),Over Primer O'S(2)",,,,,
11,11/24/2025,TENSAUR SPORT 3.0  CF K,901279654,1,901279654-1,United Kingdom,"2,204",,PASS,,,B,Asc 06-1,21B,622020056,125,MRS.LY,MANAGER,No issue,,CFA(HUỲNH)AQL->TOP MANAGER(MRS.LY),,,
11,11/24/2025,TENSAUR SPORT 3.0  CF K,901719891,1,901719891-1,Netherlands,"1,200",,PASS,,,B,Asc 03-1,46B,625100092,80,MRS.VY,CFA,"Collar Lining Damaged(1),Over Cement(1),Dirty O'S(1)",,,,,
11,11/24/2025,TENSAUR SPORT 3.0  CF K,901726144,1,901726144-1,Netherlands,847,,PASS,,,B,Asc 04-2,43B,625030363,80,MR.MOON,MANAGER,No issue,,CFA(VY)AQL->TOP MANAGER(MR.MOON),,,
11,11/24/2025,TENSAUR SPORT 3.0  CF K,901777577,1,901777577-1,Italy,630,,PASS,,,B,Asc 02-1,R2B,621060393,80,MS.HUỲNH,CFA,"Wobbling(2),Dirty O'S(2)",,,,,
11,11/24/2025,TENSAUR SPORT 3.0  CF K,901777928,1,901777928-1,United Kingdom,325,,PASS,,,B,Asc 04-1,9B,621030996,50,MR.THÁI,CFA,"Wobbling(2),Poor Attaching(1)",,,,,
11,11/24/2025,TENSAUR SPORT 3.0  CF K,901778007,1,901778007-1,United Kingdom,323,,PASS,,,B,Asc 04-2,43B,625030363,50,MRS.VY,CFA,Wrinkle(1),,,,,
11,11/24/2025,TENSAUR SPORT 3.0  CF K,901778051,1,901778051-1,Netherlands,396,,PASS,,,B,Asc 03-2,84L,622030320,50,MS.HUỲNH,CFA,"Poor Attaching(1),Over Primer O'S(1)",,,,,
11,11/24/2025,TENSAUR SPORT 3.0  CF K,901779097,1,901779097-1,Indonesia,100,,PASS,,,B,Asc 04-1,9B,621030996,20,MS.HUỲNH,CFA,Dirty Upper(1),,,,,
11,11/24/2025,TENSAUR SPORT 3.0  CF K,4500812146,1,4500812146-1,South Africa,619,,PASS,,,B,Asc 01-2,42B,625030063,80,MS.HUỲNH,CFA,"Thread Ends(2),Dirty O'S(2)",,,,,
11,11/24/2025,TENSAUR SPORT 3.0  CF K,4500812327,1,4500812327-1,South Africa,550,,PASS,,,B,Asc 04-1,9B,621030996,80,MRS.VY,CFA,"Poor Stitching(2),Over Cement(1)",,,,,
11,11/24/2025,GALAXY 7 M,901718949,1,901718949-1,Netherlands,400,,PASS,,,C,Asc 08-1,21D,623030007,50,MS.HUỲNH,CFA,"Wrinkle(2),Dirty M'S(2)",,,,,
11,11/24/2025,GALAXY 7 M,901276387,1,901276387-1,Mexico,374,,PASS,,,C,Asc 07-1,24D,623090032,50,MS.HUỲNH,CFA,"Wrinkle(2),Over Cement(2)",,,,,
11,11/24/2025,GALAXY 7 M,901425591,1,901425591-1,Morocco,584,,PASS,,,C,Asc 10-1,13D,624100308,80,MRS.VY,CFA,Dirty O'S(1),,,,,
11,11/24/2025,GALAXY 7 M,901717919,1,901717919-1,Netherlands,600,,PASS,,,C,Asc 09-1,22D,623090063,80,MR.THÁI,CFA,"Bonding Gap(1),Dirty M'S(2),Over Cement(2)",,,,,
11,11/24/2025,GALAXY 7 M,901776323,1,901776323-1,Italy,600,,PASS,,,C,Asc 03-2,8D,624080430,80,MS.HUỲNH,CFA,"Wrinkle(2),Over Cement(2)",,,,,
11,11/24/2025,GALAXY 7 W,901426546,1,901426546-1,Morocco,322,,PASS,,,C,Asc 06-1,16,621070084,50,MR.MOON,MANAGER,No issue,,CFA(NGÂN)AQL->TOP MANAGER(MR.MOON),,,
11,11/24/2025,GALAXY 7 W,901472361,1,901472361-1,Panama,720,,PASS,,,C,Asc 05-2,10D,624040283,80,MR.THÁI,CFA,Over Cement(3),,,,,
11,11/24/2025,GALAXY 7 W,901709201,1,901709201-1,Netherlands,300,,PASS,,,C,Asc 04-1,33D,624070020,50,MR.THÁI,CFA,Dirty O'S(2),,,,,
11,11/24/2025,GALAXY 7 W,901774298,1,901774298-1,Italy,615,,PASS,,,C,Asc 04-1,33D,624070020,80,MS.NGÂN,CFA,"Dirty O'S(2),Dirty M'S(3)",,,,,
11,11/24/2025,GALAXY 7 W,901425643,1,901425643-1,Morocco,694,,PASS,,,C,Asc 05-2,38D,625020419,80,MS.HUỲNH,CFA,"Bonding Gap(2),Dirty O'S(2)",,,,,
11,11/24/2025,VS PACE 2.0,901777816,1,901777816-1,Netherlands,"1,003",,PASS,,,C,Asc 03-2,20D,624080083,80,MS.HUỲNH,CFA,"Wrinkle(2),Thread Ends(2),Wobbling(2),Dirty Upper(1)",,,,,
11,11/24/2025,ADVANTAGE 2.0,901665811,1,901665811-1,Netherlands,765,,PASS,,,D,Asc 08-1,1C,623090139,80,MR.THÁI,CFA,"Wrinkle(1),Dirty Upper(2),Bonding Gap(1),Dirty O'S(2)",,,,,
11,11/24/2025,ADVANTAGE 2.0,901773404,1,901773404-1,Netherlands,463,,PASS,,,D,Asc 08-1,1C,623090139,50,MR.THÁI,CFA,"Dirty Upper(2),Dirty O'S(2)",,,,,
11,11/24/2025,VS PACE 2.0,901719783,1,901719783-1,United Kingdom,"1,720",,PASS,,,D,Asc 02-1,11C,624070393,125,MR.THÁI,CFA,"Bonding Gap(2),Dirty Upper(2),Over Cement(2),Dirty O'S(4)",,,,,
11,11/24/2025,VS PACE 2.0,901774582,1,901774582-1,Utd.Arab Emir.,161,,PASS,,,D,Asc 04-2,12C,624080082,32,MR.MOON,MANAGER,No issue,,CFA(NGÂN)AQL->TOP MANAGER(MR.MOON),,,
11,11/24/2025,ADVANTAGE,901266674,1,901266674-1,USA,"1,432",,PASS,,,D,Asc 05-1,18D,625030163,125,MS.HUỲNH,CFA,Bonding Gap(4),,,,,
11,11/24/2025,ADVANTAGE,901285982,1,901285982-1,USA,664,,PASS,,,D,Asc 05-1,18D,625030163,80,MS.HUỲNH,CFA,"Bonding Gap(2),Dirty O'S(2)",,,,,
11,11/24/2025,ADVANTAGE,901672874,1,901672874-1,USA,311,,PASS,,,D,Asc 06-2,19C,622030777,50,MRS.VY,CFA,"Off Center(1),Dirty O'S(1)",,,,,
11,11/24/2025,ADVANTAGE,901774378,1,901774378-1,Japan,597,15D,PASS,,,B3,3,15D,622020913,80,MS.NGÂN,CFA,"Dirty Upper(2),Dirty O'S(2)",,,,,
11,11/24/2025,VL COURT 3.0 K,901274244,1,901274244-1,USA,"1,033",,PASS,,,D,Asc 05-2,R6D,619080327,80,MR.NHỨT,CFA,"Over Cement(1),Dirty O'S(2)",,,,,
11,11/24/2025,VL COURT 3.0 K,901385800,1,901385800-1,USA,310,,PASS,,,D,Asc 07-1,9,621040446,50,MRS.VY,CFA,Wobbling(1),,,,,
11,11/24/2025,VL COURT 3.0 K,901777850,1,901777850-1,USA,464,,PASS,,,D,Asc 05-2,40C,625100153,50,MRS.LY,MANAGER,No issue,,CFA(HUỲNH)AQL->TOP MANAGER(MRS.LY),,,
11,11/24/2025,URBAN COURT,901770372,1,901770372-1,Netherlands,302,,PASS,,,D,Asc 07-2,R9C,621030557,50,MR.MOON,MANAGER,No issue,,CFA(VY)AQL->TOP MANAGER(MR.MOON),,,
11,11/24/2025,URBAN COURT,901772744,1,901772744-1,Chile,915,,PASS,,,D,Asc 06-1,2C,623080380,80,MS.HUỲNH,CFA,"Dirty Upper(2),Dirty O'S(2)",,,,,
11,11/24/2025,URBAN COURT,901786252,1,901786252-1,Netherlands,674,,PASS,,,D,Asc 06-1,2C,623080380,80,MR.NHỨT,CFA,"Bonding Gap(2),Dirty Shoe Laces(1)",,,,,
11,11/24/2025,VS PACE 2.0,901718431,1,901718431-1,Netherlands,370,,PASS,,,D,Asc 04-2,R5C,620120148,50,MS.HUỲNH,CFA,"Wobbling(2),Dirty Upper(1)",,,,,
11,11/24/2025,ASPYRE,901772778,1,901772778-1,Netherlands,853,,FAIL,,,A,Asc 11-2,22A,624060318,20,MR.BÌNH,LOP,"Over Cement Upper(3),Dirty Collar Lining(2),Strobel Stitching Expose(6),Over Buffing(3)",OFFICIAL,,,,not update pivot88
11,11/25/2025,Tensaur Sport 2.0 CF I,901770890,1,901770890-1,Italy,"10,201",,PASS,3200,P3,A,Asc 10-1,R4,620110408,125,MS.HUỲNH,CFA,"Heel Cap High/Low(2),Thread Ends(2),Bonding Gap(2)",,,,,
11,11/25/2025,Tensaur Sport 2.0 CF I,901772080,1,901772080-1,Chile,280,,PASS,,,A,Asc 08-1,41A,625080141,32,MS.HUỲNH,CFA,Off Center(2),,,,,
11,11/25/2025,VL COURT 3.0 K,901674520,1,901674520-1,Netherlands,500,,PASS,,,A,Asc 04-1,18A,623100210,50,MS.HUỲNH,CFA,"Dirty Upper(2),Over Cement(1)",,,,,
11,11/25/2025,VL COURT 3.0 K,901730124,1,901730124-1,USA,663,,PASS,,,A,Asc 03-2,8A,624020086,80,MS.HUỲNH,CFA,"Poor Stitching(1),Wobbling(2)",,,,,
11,11/25/2025,VL COURT 3.0 K,901776980,1,901776980-1,United Kingdom,353,15A,PASS,,,B3,4,15A,624050151,50,MS.HUỲNH,CFA,"Wobbling(1),Dirty O'S(1)",,,,,
11,11/25/2025,LITE RACER ADAPT 7.0 I,901480584,1,901480584-1,USA,300,,PASS,,,A,Asc 07-1,20A,623110220,50,MS.HUỲNH,CFA,Dirty Upper(2),,,,,
11,11/25/2025,LITE RACER ADAPT 7.0 I,901778975,1,901778975-1,USA,319,,PASS,,,A,Asc 08-2,14A,622030023,50,MS.HUỲNH,CFA,Over Cement(2),,,,,
11,11/25/2025,LITE RACER ADAPT 7.0 I,901779034,1,901779034-1,USA,630,,PASS,,,A,Asc 09-2,2A,621110407,80,MR.THÁI,CFA,"Wobbling(2),Over Cement(2)",,,,,
11,11/25/2025,TENSAUR SPORT 3.0 CF I,901716926,1,901716926-1,United Kingdom,300,,PASS,,,A,Asc 10-1,R4,620110408,50,MR.MOON,MANAGER,No issue,,CFA(HUỲNH)AQL->TOP MANAGER(MR.MOON),,,
11,11/25/2025,TENSAUR SPORT 3.0 CF I,901272722,1,901272722-1,Brazil,625,,PASS,,,A,Asc 05-1,23A,624110228,80,MS.HUỲNH,CFA,"Off Center(2),Dirty Upper(2)",,,,,
11,11/25/2025,Tensaur Run 3.0 EL I,901381814,1,901381814-1,Turkey,200,,PASS,,,A,Asc 07-1,20A,623110220,32,MR.MOON,MANAGER,No issue,,CFA(THÁI)AQL->TOP MANAGER(MR.MOON),,,
11,11/25/2025,Tensaur Run 3.0 EL I,901383194,1,901383194-1,Turkey,250,,PASS,,,A,Asc 07-1,20A,623110220,32,MR.MOON,MANAGER,No issue,,CFA(THÁI)AQL->TOP MANAGER(MR.MOON),,,
11,11/25/2025,Tensaur Run 3.0 EL I,901385672,1,901385672-1,Morocco,241,,PASS,,,A,Asc 07-2,12A,622021407,32,MS.HUỲNH,CFA,Dirty Upper(1),,,,,
11,11/25/2025,Tensaur Run 3.0 EL I,901388783,1,901388783-1,Morocco,314,,PASS,,,A,Asc 06-2,17A,624030271,50,MRS.VY,CFA,"Dirty Collar Lining(1),Over Cement(1)",,,,,
11,11/25/2025,Tensaur Run 3.0 EL I,901666200,1,901666200-1,Panama,594,,PASS,,,A,Asc 07-2,12A,622021407,80,MRS.VY,CFA,"Over Cement(1),Dirty Collar Lining(1)",,,,,
11,11/25/2025,TENSAUR COMFORT AC I,901154805,1,901154805-1,India,739,,PASS,,,A,Asc 06-1,25A,624030105,80,MR.NHỨT,CFA,"Poor Attaching(2),Dirty Collar Lining(1)",,,,,
11,11/25/2025,TENSAUR COMFORT AC I,901665708,1,901665708-1,Italy,630,,PASS,,,A,Asc 06-1,25A,624030105,80,MR.THÁI,CFA,Over Cement(3),,,,,
11,11/25/2025,LIGHTSHIFT 2.0,901425716,1,901425716-1,Turkey,276,,PASS,,,A,Asc 02-1,31A,624060331,32,MR.NHỨT,CFA,Thread Ends(1),,,,,
11,11/25/2025,LIGHTSHIFT 2.0,901666173,1,901666173-1,Panama,146,,PASS,,,A,Asc 02-1,31A,624060331,20,MRS.LY,MANAGER,No issue,,CFA(NGÂN)AQL->TOP MANAGER(MRS.LY),,,
11,11/25/2025,LIGHTSHIFT 2.0,901666357,1,901666357-1,Paraguay,108,,PASS,,,A,Asc 01-1,31A,624060331,20,MS.HUỲNH,CFA,Off Center(1),,,,,
11,11/25/2025,LIGHTSHIFT 2.0,901666372,1,901666372-1,Brazil,352,,PASS,,,A,Asc 01-1,31A,624060331,50,MS.HUỲNH,CFA,Dirty Upper(2),,,,,
11,11/25/2025,LIGHTSHIFT 2.0,901666392,1,901666392-1,Brazil,550,,PASS,,,A,Asc 01-2,4A,624060316,80,MS.HUỲNH,CFA,"Dirty M'S(2),Off Center(1),Over Cement(1)",,,,,
11,11/25/2025,LIGHTSHIFT 2.0,901724764,1,901724764-1,USA,450,15D,PASS,,,B3,3,15D,622020913,50,MR.THÁI,CFA,Over Cement(2),,,,,
11,11/25/2025,VS PACE 2.0 CF I,4501116728,3,4501116728-3,South Africa,10,,PASS,,,A,Asc 07-1,20A,623110220,3,MS.HUỲNH,CFA,No issue,,,,,
11,11/25/2025,VL COURT 3.0 K,901483994,1,901483994-1,USA,306,,PASS,,,A,Asc 03-2,8A,624020086,50,MS.HUỲNH,CFA,Bonding Gap(2),,,,,
11,11/25/2025,ADVANTAGE K,901772443,1,901772443-1,Italy,"6,800",,PASS,3200,P2,B,Asc 05-1,6B,621060243,125,MS.NGÂN,CFA,"Sole Laying(1),Wrinkle(2),Thread Ends(2),Dirty Shoe Laces(1)",,,,,
11,11/25/2025,TENSAUR SPORT 3.0  CF K,901274735,1,901274735-1,Brazil,449,,PASS,,,B,Asc 02-1,R2B,621060393,50,MR.MOON,MANAGER,No issue,,CFA(HUỲNH)AQL->TOP MANAGER(MR.MOON),,,
11,11/25/2025,TENSAUR SPORT 3.0  CF K,901675394,1,901675394-1,United Kingdom,300,,PASS,,,B,Asc 04-2,43B,625030363,50,MS.HUỲNH,CFA,Dirty Upper(2),,,,,
11,11/25/2025,TENSAUR SPORT 3.0  CF K,901720082,1,901720082-1,Netherlands,300,,PASS,,,B,Asc 01-2,42B,625030063,50,MS.HUỲNH,CFA,"Dirty Upper(1),Dirty O'S(1),Collar Lining Wrinkle(1)",,,,,
11,11/25/2025,TENSAUR SPORT 3.0  CF K,901773286,1,901773286-1,Brazil,568,,PASS,,,B,Asc 04-1,9B,621030996,80,MS.HUỲNH,CFA,"Wobbling(2),Over Cement(2)",,,,,
11,11/25/2025,TENSAUR SPORT 3.0  CF K,4500681875,1,4500681875-1,South Africa,300,,PASS,,,B,Asc 02-1,R2B,621060393,50,MS.HUỲNH,CFA,Wobbling(2),,,,,
11,11/25/2025,TENSAUR SPORT 3.0  CF K,901670286,1,901670286-1,United Kingdom,"3,000",,PASS,,,B,Asc 06-1,21B,622020056,125,MS.HUỲNH,CFA,"Over Primer O'S(2),Dirty Collar Lining(2),Thread Ends(2)",,,,,
11,11/25/2025,TENSAUR SPORT 3.0  CF K,901773361,1,901773361-1,Brazil,495,,PASS,,,B,Asc 02-1,R2B,621060393,50,MS.HUỲNH,CFA,Wobbling(2),,,,,
11,11/25/2025,TENSAUR SPORT 3.0  CF K,901777989,1,901777989-1,Netherlands,852,,PASS,,,B,Asc 03-2,84L,622030320,80,MS.HUỲNH,CFA,Wobbling(2),,,,,
11,11/25/2025,GALAXY 7 M,901489276,1,901489276-1,Panama,314,,PASS,,,C,Asc 08-1,21D,623030007,50,MS.NGÂN,CFA,"Wrinkle(2),Dirty M'S(2)",,,,,
11,11/25/2025,GALAXY 7 M,901719034,1,901719034-1,Netherlands,"2,110",,PASS,,,C,Asc 09-1,22D,623090063,125,MRS.VY,CFA,"Collar Lining Wrinkle(1),Over Cement(1),Wrinkle(1),Dirty M'S(1)",,,,,
11,11/25/2025,GALAXY 7 M,901719264,1,901719264-1,Netherlands,"3,000",,PASS,,,C,Asc 10-2,19D,625080253,125,MR.NHỨT,CFA,"Wrinkle(2),Wobbling(2),Dirty Upper(1)",,,,,
11,11/25/2025,GALAXY 7 M,901722873,1,901722873-1,Italy,500,,PASS,,,C,Asc 09-1,22D,623090063,50,MR.THÁI,CFA,"Dirty Collar Lining(2),Over Cement(1),Dirty O'S(1)",,,,,
11,11/25/2025,GALAXY 7 M,901723604,1,901723604-1,Colombia,296,,PASS,,,C,Asc 11-2,28D,625080255,50,MS.NGÂN,CFA,"Poor Attaching(1),Dirty M'S(1)",,,,,
11,11/25/2025,GALAXY 7 W,901297076,1,901297076-1,Italy,305,,PASS,,,C,Asc 04-2,27D,623090194,50,MR.NHỨT,CFA,"Wobbling(1),Bonding Gap(1)",,,,,
11,11/25/2025,GALAXY 7 W,901425242,1,901425242-1,Turkey,392,,PASS,,,C,Asc 03-2,20D,624080083,50,MS.NGÂN,CFA,Wrinkle(1),,,,,
11,11/25/2025,GALAXY 7 W,901425597,1,901425597-1,Morocco,144,,PASS,,,C,Asc 04-2,27D,623090194,20,MR.THÁI,CFA,Over Cement(1),,,,,
11,11/25/2025,GALAXY 7 W,901483981,1,901483981-1,Panama,256,,PASS,,,C,Asc 08-1,21D,623030007,32,MR.NHỨT,CFA,Dirty Collar Lining(1),,,,,
11,11/25/2025,GALAXY 7 W,901774403,1,901774403-1,Italy,330,,PASS,,,C,Asc 04-1,33D,624070020,50,MR.NHỨT,CFA,Wobbling(1),,,,,
11,11/25/2025,GALAXY 7 W,901774419,1,901774419-1,Italy,530,,PASS,,,C,Asc 06-1,16,621070084,80,MR.THÁI,CFA,Over Cement(2),,,,,
11,11/25/2025,GALAXY 7 W,901777005,1,901777005-1,Italy,500,,PASS,,,C,Asc 06-2,17D,624060040,50,MR.THÁI,CFA,"Wobbling(2),Wrinkle(2)",,,,,
11,11/25/2025,GALAXY 7 W,901130670,1,901130670-1,Chile,480,,PASS,,,C,Asc 04-2,27D,623090194,50,MRS.VY,CFA,Wrinkle(1),,,,,
11,11/25/2025,GALAXY 7 W,901357741,1,901357741-1,Netherlands,335,,PASS,,,C,Asc 04-1,33D,624070020,50,MS.HUỲNH,CFA,"Wrinkle(2),Dirty Upper(2)",,,,,
11,11/25/2025,GALAXY 7 W,901425584,1,901425584-1,Utd.Arab Emir.,297,,PASS,,,C,Asc 06-2,17D,624060040,50,MR.NHỨT,CFA,Dirty M'S(1),,,,,
11,11/25/2025,GALAXY 7 W,901425643,1,901425643-1,Morocco,694,,PASS,,,C,Asc 05-2,38D,625020419,32,MR.BÌNH,LOP," Dirty M'S(1),Over Cement(1),Collar Lining Wrinkle(1),Dirty O'S(1),Poor Attaching(1)",,,,,
11,11/25/2025,GALAXY 7 W,901662432,1,901662432-1,Netherlands,309,,PASS,,,C,Asc 04-1,33D,624070020,50,MR.NHỨT,CFA,Dirty O'S(1),,,,,
11,11/25/2025,TENSAUR SPORT 3.0 K,901271623,1,901271623-1,Brazil,735,,PASS,,,C,Asc 02-2,4D,625100152,80,MR.THÁI,CFA,"Dirty Collar Lining(2),Dirty Upper(2)",,,,,
11,11/25/2025,TENSAUR SPORT 3.0 K,901726276,1,901726276-1,Netherlands,"1,415",,PASS,,,C,Asc 02-1,17B,621120120,125,MRS.VY,CFA,"Thread Ends(1),Dirty Upper(1),Dirty O'S(1)",,,,,
11,11/25/2025,TENSAUR SPORT 3.0 K,901726276,1,901726276-1,Netherlands,"1,415",,PASS,,,C,Asc 02-1,17B,621120120,32,MR.BÌNH,LOP,Poor Shape(2),,,,,
11,11/25/2025,TENSAUR SPORT 3.0 K,901774443,1,901774443-1,Utd.Arab Emir.,316,,PASS,,,C,Asc 02-1,11D,624080127,50,MRS.VY,CFA,"Dirty Collar Lining(1),Dirty O'S(1)",,,,,
11,11/25/2025,VS PACE 2.0,901777816,1,901777816-1,Netherlands,"1,003",,PASS,,,C,Asc 03-2,20D,624080083,32,MR.BÌNH,LOP,"Wobbling(1),Poor O'S(1),Poor Attaching(1),Wrinkle(1)",,,,,
11,11/25/2025,VS PACE 2.0,901780411,1,901780411-1,United Kingdom,"2,340",,PASS,,,C,Asc 03-2,20D,624080083,125,MR.THÁI,CFA,"Bonding Gap(2),Over Primer O'S(2),Over Cement(1)",,,,,
11,11/25/2025,ADVANTAGE 2.0,901523248,1,901523248-1,Italy,485,,PASS,,,D,Asc 08-1,1C,623090139,50,MR.NHỨT,CFA,Wrinkle(1),,,,,
11,11/25/2025,ADVANTAGE 2.0,901674621,1,901674621-1,Netherlands,331,,PASS,,,D,Asc 08-1,1C,623090139,50,MR.NHỨT,CFA,"Dirty Collar Lining(1),Wrinkle(1)",,,,,
11,11/25/2025,VS PACE 2.0,901438703,1,901438703-1,Utd.Arab Emir.,130,,PASS,,,D,Asc 02-1,11C,624070393,20,MRS.VY,CFA,Over Primer Upper(1),,,,,
11,11/25/2025,VS PACE 2.0,901771029,1,901771029-1,Monaco,424,,PASS,,,D,Asc 03-2,34C,625020591,50,MR.THÁI,CFA,"Dirty Collar Lining(1),Over Primer Upper(2)",,,,,
11,11/25/2025,ADVANTAGE,901672874,1,901672874-1,USA,311,,PASS,,,D,Asc 06-2,19C,622030777,32,MR.BÌNH,LOP,"Bonding Gap(1),Dirty Upper(3),Poor Shape(1),Dirty O'S(4)",,,,,
11,11/25/2025,ADVANTAGE,901725022,1,901725022-1,USA,"4,402",,PASS,3200,P1,D,Asc 09-1,32C,625030234,125,MS.NGÂN,CFA,"Poor Shape(2),Bonding Gap(2),Dirty O'S(2),Dirty Upper(2)",,,,,
11,11/25/2025,VL COURT 3.0 EL C,901086306,1,901086306-1,Canada,699,,PASS,,,D,Asc 05-1,18D,625030163,80,MR.THÁI,CFA,Over Cement(3),,,,,
11,11/25/2025,VL COURT 3.0 EL C,901293117,1,901293117-1,USA,320,,PASS,,,D,Asc 05-1,18D,625030163,50,MR.THÁI,CFA,"Wobbling(1),Bonding Gap(1),Over Cement(1)",,,,,
11,11/25/2025,VL COURT 3.0 K,901292924,1,901292924-1,Netherlands,507,,PASS,,,D,Asc 05-2,40C,625100153,80,MR.NHỨT,CFA,"Over Cement(2),Wobbling(1)",,,,,
11,11/25/2025,GRAND COURT 3.0,901484314,1,901484314-1,Peru,269,,PASS,,,D,Asc 04-1,33C,625030360,32,MR.NHỨT,CFA,Dirty Collar Lining(1),,,,,
11,11/25/2025,GRAND COURT 3.0,901587906,1,901587906-1,Taiwan,900,,PASS,,,D,Asc 03-1,6C,622070194,80,MRS.LY,MANAGER,No issue,,CFA(NGÂN)AQL->TOP MANAGER(MRS.LY),,,
11,11/25/2025,GRAND COURT 3.0,901776692,1,901776692-1,Netherlands,330,,PASS,,,D,Asc 03-1,6C,622070194,50,MR.THÁI,CFA,Over Cement(2),,,,,
11,11/25/2025,VS PACE 2.0,901719871,1,901719871-1,United Kingdom,"1,300",,PASS,,,D,Asc 11-1,38C,625090293,125,MR.NHỨT,CFA,"Dirty Shoe Laces(1),Over Primer Upper(1)",,,,,
11,11/25/2025,VS PACE 2.0,901721619,1,901721619-1,United Kingdom,"2,520",,PASS,,,D,Asc 02-2,35C,625050156,125,MR.NHỨT,CFA,Dirty O'S(2),,,,,
11,11/25/2025,VS PACE 2.0,901739185,1,901739185-1,United Kingdom,"3,160",,PASS,,,D,Asc 04-2,12C,624080082,125,MRS.LY,MANAGER,No issue,,CFA(NGÂN)AQL->TOP MANAGER(MRS.LY),,,
11,11/25/2025,VS PACE 2.0,901842137,1,901842137-1,Italy,660,,PASS,,,D,Asc 11-1,38C,625090293,80,MS.NGÂN,CFA,Dirty Collar Lining(2),,,,,
11,11/25/2025,VS PACE 2.0,901845785,1,901845785-1,United Kingdom,342,,PASS,,,D,Asc 09-1,32C,625030234,50,MR.THÁI,CFA,Dirty O'S(2),,,,,
11,11/25/2025,LIGHTSHIFT 2.0,901272628,1,901272628-1,Netherlands,981,,FAIL,,,A,Asc 01-1,31A,624060331,80,MR.THÁI,CFA,Bonding Gap Stockfit(13),OFFICIAL,,,,
11,11/25/2025,ADVANTAGE,901290437,1,901290437-1,USA,633,,FAIL,,,D,Asc 10-1,36C,625050250,80,MS.NGÂN,CFA,"Dirty O’S(2),Dirty Upper(2),Off Center(3),Poor Shape(4)",OFFICIAL,,,,not update pivot88
11,11/26/2025,Tensaur Sport 2.0 CF I,901664624,1,901664624-1,Morocco,359,,PASS,,,A,Asc 11-1,9A,622080458,50,MS.HUỲNH,CFA,"Wobbling(1),Broken Stitching(1)",,,,,
11,11/26/2025,Tensaur Sport 2.0 CF I,901770890,1,901770890-1,Italy,"10,201",,PASS,601,PC,A,Asc 08-1,41A,625080141,80,MRS.VY,CFA,"Dirty Collar Lining(1),Collar Lining Damaged(1)",,,,,
11,11/26/2025,Tensaur Sport 2.0 CF I,901772164,1,901772164-1,United Kingdom,839,,PASS,,,A,Asc 08-1,41A,625080141,80,MS.NGÂN,CFA,"Dirty Upper(1),Thread Ends(1)",,,,,
11,11/26/2025,VL COURT 3.0 K,901477826,1,901477826-1,Netherlands,688,,PASS,,,A,Asc 02-2,19A,621110258,80,MR.THÁI,CFA,"Dirty O'S(2),Over Cement(1),Wobbling(2)",,,,,
11,11/26/2025,VL COURT 3.0 K,901486540,1,901486540-1,USA,600,,PASS,,,A,Asc 05-2,28A,619060201,80,MS.HUỲNH,CFA,"Dirty Collar Lining(2),Wobbling(2)",,,,,
11,11/26/2025,VL COURT 3.0 K,901580303,1,901580303-1,USA,650,,PASS,,,A,Asc 04-1,18A,623100210,80,MS.NGÂN,CFA,"Dirty Upper(1),Over Cement(1)",,,,,
11,11/26/2025,VL COURT 3.0 K,901671583,1,901671583-1,USA,498,,PASS,,,A,Asc 04-1,18A,623100210,50,MR.THÁI,CFA,"Wobbling(2),Dirty O'S(1)",,,,,
11,11/26/2025,VL COURT 3.0 K,901774637,1,901774637-1,United Kingdom,473,,PASS,,,A,Asc 05-2,28A,619060201,50,MS.HUỲNH,CFA,"Wobbling(1),Over Cement(2)",,,,,
11,11/26/2025,VL COURT 3.0 K,901775119,1,901775119-1,Netherlands,308,,PASS,,,A,Asc 05-2,28A,619060201,50,MR.NHỨT,CFA,"Bonding Gap(1),Wobbling(1)",,,,,
11,11/26/2025,VL COURT 3.0 K,901776936,1,901776936-1,Netherlands,340,,PASS,,,A,Asc 05-2,28A,619060201,50,MS.HUỲNH,CFA,"Over Cement(1),Wrinkle(1),Wobbling(1)",,,,,
11,11/26/2025,LITE RACER ADAPT 7.0 I,901461517,1,901461517-1,USA,300,,PASS,,,A,Asc 09-2,2A,621110407,50,MR.NHỨT,CFA,"Bonding Gap(1),Over Cement(1)",,,,,
11,11/26/2025,LITE RACER ADAPT 7.0 I,901722262,1,901722262-1,USA,300,,PASS,,,A,Asc 08-2,14A,622030023,50,MR.THÁI,CFA,"Over Cement(2),Dirty Collar Lining(1)",,,,,
11,11/26/2025,TENSAUR SPORT 3.0 CF I,901382631,1,901382631-1,Morocco,186,,PASS,,,A,Asc 10-1,22A,624060318,32,MS.HUỲNH,CFA,Wobbling(1),,,,,
11,11/26/2025,TENSAUR SPORT 3.0 CF I,901395278,1,901395278-1,Netherlands,333,,PASS,,,A,Asc 04-2,40A,625060019,50,MR.NHỨT,CFA,Dirty Upper(1),,,,,
11,11/26/2025,TENSAUR SPORT 3.0 CF I,901517256,1,901517256-1,Netherlands,440,,PASS,,,A,Asc 04-2,40A,625060019,50,MR.NHỨT,CFA,"Dirty O'S(1),Collar Lining Wrinkle(1)",,,,,
11,11/26/2025,TENSAUR SPORT 3.0 CF I,901226732,1,901226732-1,United Kingdom,380,,PASS,,,A,Asc 04-2,40A,625060019,50,MR.NHỨT,CFA,Over Cement(1),,,,,
11,11/26/2025,TENSAUR SPORT 3.0 CF I,901618212,1,901618212-1,United Kingdom,400,,PASS,,,A,Asc 04-2,40A,625060019,50,MS.NGÂN,CFA,Over Primer O'S(1),,,,,
11,11/26/2025,TENSAUR SPORT 3.0 CF I,901677209,1,901677209-1,United Kingdom,300,,PASS,,,A,Asc 10-1,R4,620110408,50,MR.THÁI,CFA,"Wobbling(2),Thread Ends(1)",,,,,
11,11/26/2025,TENSAUR SPORT 3.0 CF I,901721265,1,901721265-1,Netherlands,336,,PASS,,,A,Asc 10-1,R4,620110408,50,MR.THÁI,CFA,"Thread Ends(1),Dirty Collar Lining(1),Wobbling(1)",,,,,
11,11/26/2025,TENSAUR SPORT 3.0 CF I,901772486,1,901772486-1,Mexico,405,,PASS,,,A,Asc 05-1,23A,624110228,50,MR.THÁI,CFA,Dirty Collar Lining(2),,,,,
11,11/26/2025,Tensaur Run 3.0 EL I,901166380,1,901166380-1,Utd.Arab Emir.,300,,PASS,,,A,Asc 09-2,2A,621110407,50,MR.THÁI,CFA,"Over Cement(2),OutSole Wrinkle(1)",,,,,
11,11/26/2025,Tensaur Run 3.0 EL I,901666564,1,901666564-1,Mexico,684,,PASS,,,A,Asc 07-2,12A,622021407,80,MS.NGÂN,CFA,"Dirty M'S(1),Poor Attaching(1)",,,,,
11,11/26/2025,Tensaur Run 3.0 EL I,901666597,1,901666597-1,Mexico,780,,PASS,,,A,Asc 07-2,12A,622021407,80,MS.HUỲNH,CFA,"Bonding Gap(1),Collar Lining Wrinkle(2)",,,,,
11,11/26/2025,Tensaur Run 3.0 EL I,901774370,1,901774370-1,Utd.Arab Emir.,100,,PASS,,,A,Asc 06-1,25A,624030105,20,MR.THÁI,CFA,Wobbling(1),,,,,
11,11/26/2025,Tensaur Run 3.0 EL I,901775839,1,901775839-1,Netherlands,"1,607",,PASS,,,A,Asc 06-2,17A,624030271,125,MS.NGÂN,CFA,"Dirty M'S(1),Over Cement(2)",,,,,
11,11/26/2025,TENSAUR COMFORT AC I,901158080,1,901158080-1,Utd.Arab Emir.,150,,PASS,,,A,Asc 06-1,25A,624030105,20,MS.NGÂN,CFA,Off Center(1),,,,,
11,11/26/2025,VL COURT 3.0 K,901671635,1,901671635-1,USA,300,,PASS,,,A,Asc 03-1,11A,622021048,50,MR.NHỨT,CFA,"Dirty Shoe Laces(1),Thread Ends(1)",,,,,
11,11/26/2025,LIGHTSHIFT 2.0,901375886,1,901375886-1,Morocco,134,,PASS,,,A,Asc 01-2,4A,624060316,20,MS.HUỲNH,CFA,Dirty Upper(1),,,,,
11,11/26/2025,LIGHTSHIFT 2.0,901384938,1,901384938-1,Turkey,130,,PASS,,,A,Asc 01-2,4A,624060316,20,MS.HUỲNH,CFA,Dirty Upper(1),,,,,
11,11/26/2025,LIGHTSHIFT 2.0,901385012,1,901385012-1,Turkey,233,,PASS,,,A,Asc 02-1,31A,624060331,32,MR.NHỨT,CFA,No issue,,,,,
11,11/26/2025,LIGHTSHIFT 2.0,901425784,1,901425784-1,Turkey,276,,PASS,,,A,Asc 01-1,31A,624060331,32,MS.HUỲNH,CFA,Over Cement(1),,,,,
11,11/26/2025,LIGHTSHIFT 2.0,901666386,1,901666386-1,Uruguay,102,,PASS,,,A,Asc 01-1,31A,624060331,20,MS.NGÂN,CFA,No issue,,,,,
11,11/26/2025,LIGHTSHIFT 2.0,901666537,1,901666537-1,Mexico,240,,PASS,,,A,Asc 02-1,31A,624060331,32,MR.THÁI,CFA,Over Primer O'S(1),,,,,
11,11/26/2025,LIGHTSHIFT 2.0,901730234,1,901730234-1,USA,316,,PASS,,,A,Asc 02-1,31A,624060331,50,MR.NHỨT,CFA,"Dirty M'S(1),Dirty Collar Lining(1)",,,,,
11,11/26/2025,VL COURT 3.0 K,901489285,1,901489285-1,USA,"8,016",,PASS,4816,P2+PC,A,Asc 03-1,11A,622021048,250,MS.NGÂN,CFA,"Dirty Upper(2),Over Cement(4),Wobbling(3)",,,,,
11,11/26/2025,ADVANTAGE K,901772443,1,901772443-1,Italy,"6,800",,PASS,400,PC,B,Asc 01-1,38A,622020703,50,MS.NGÂN,CFA,"Wrinkle(2),Wobbling(1)",,,,,
11,11/26/2025,Tensaur Sport 2.0 CF K,901774740,1,901774740-1,Italy,"3,402",,PASS,,,B,Asc 02-2,25B,621100361,175,MS.NGÂN,CFA,"Over Cement(3),Thread Ends(1),Dirty O'S(1)",,,,,
11,11/26/2025,TENSAUR SPORT 3.0 K,901395769,1,901395769-1,United Kingdom,537,,PASS,,,B,Asc 06-2,26B,623090198,80,MR.NHỨT,CFA,"Poor Attaching(1),Over Primer O'S(1)",,,,,
11,11/26/2025,TENSAUR SPORT 3.0  CF K,901665143,1,901665143-1,Mexico,621,,PASS,,,B,Asc 01-2,42B,625030063,80,MS.NGÂN,CFA,"Thread Ends(2),Dirty O'S(1)",,,,,
11,11/26/2025,TENSAUR SPORT 3.0  CF K,901772204,1,901772204-1,Mexico,300,,PASS,,,B,Asc 03-1,46B,625100092,50,MS.NGÂN,CFA,Poor Attaching(1),,,,,
11,11/26/2025,TENSAUR SPORT 3.0  CF K,901772374,1,901772374-1,Mexico,300,,PASS,,,B,Asc 01-2,42B,625030063,50,MS.HUỲNH,CFA,"Wobbling(2),Bonding Gap(1)",,,,,
11,11/26/2025,TENSAUR SPORT 3.0  CF K,901727183,1,901727183-1,Netherlands,616,,PASS,,,B,Asc 03-2,84L,622030320,80,MR.MOON,MANAGER,No issue,,CFA(HUỲNH)AQL->TOP MANAGER(MR.MOON),,,
11,11/26/2025,TENSAUR SPORT 3.0  CF K,901772969,1,901772969-1,Netherlands,"1,170",,PASS,,,B,Asc 05-2,40B,625010030,80,MS.NGÂN,CFA,"Dirty Upper(1),Poor Shape(1)",,,,,
11,11/26/2025,TENSAUR SPORT 3.0  CF K,901774185,1,901774185-1,Mexico,317,,PASS,,,B,Asc 04-1,9B,621030996,50,MR.MOON,MANAGER,No issue,,CFA(HUỲNH)AQL->TOP MANAGER(MR.MOON),,,
11,11/26/2025,TENSAUR SPORT 3.0  CF K,901381374,1,901381374-1,Morocco,284,,PASS,,,B,Asc 04-2,43B,625030363,50,MR.THÁI,CFA,"Thread Ends(2),Collar Lining Damaged(1)",,,,,
11,11/26/2025,TENSAUR SPORT 3.0  CF K,901775168,1,901775168-1,Mexico,461,,PASS,,,B,Asc 04-1,9B,621030996,50,MR.THÁI,CFA,"Dirty Collar Lining(1),Poor Shape(1),Dirty O'S(2)",,,,,
11,11/26/2025,GALAXY 7 M,901719120,1,901719120-1,Netherlands,"2,990",,PASS,,,C,Asc 08-2,8D,624080430,125,MR.NHỨT,CFA,"Wrinkle(2),Dirty M'S(2)",,,,,
11,11/26/2025,GALAXY 7 M,901720213,1,901720213-1,Netherlands,800,,PASS,,,C,Asc 08-2,8D,624080430,80,MS.NGÂN,CFA,"Dirty Upper(1),Dirty M'S(1),Toe Cap High/Low(1)",,,,,
11,11/26/2025,GALAXY 7 M,901165018,1,901165018-1,Utd.Arab Emir.,600,,PASS,,,C,Asc 08-1,21D,623030007,80,MS.NGÂN,CFA,"Wrinkle(1),Dirty M'S(1),Poor Attaching(1)",,,,,
11,11/26/2025,GALAXY 7 M,901670131,1,901670131-1,Italy,500,,PASS,,,C,Asc 09-1,22D,623090063,50,MR.THÁI,CFA,"Wrinkle(1),Over Cement(1),Over Primer O'S(1)",,,,,
11,11/26/2025,GALAXY 7 M,901769648,1,901769648-1,Netherlands,359,,PASS,,,C,Asc 09-1,22D,623090063,50,MR.THÁI,CFA,"Dirty M'S(2),Wobbling(2)",,,,,
11,11/26/2025,GALAXY 7 M,901780527,1,901780527-1,Netherlands,"2,084",,PASS,,,C,Asc 08-1,21D,623030007,125,MR.THÁI,CFA,"Wrinkle(2),Wobbling(2),Dirty M'S(2)",,,,,
11,11/26/2025,GALAXY 7 W,901150698,1,901150698-1,Colombia,"1,397",,PASS,,,C,Asc 07-2,29D,624040410,125,MR.THÁI,CFA,"Over Cement(3),Over Primer O'S(3)",,,,,
11,11/26/2025,GALAXY 7 W,901425777,1,901425777-1,Turkey,241,,PASS,,,C,Asc 06-1,8C,624070252,32,MR.NHỨT,CFA,Wrinkle(1),,,,,
11,11/26/2025,GALAXY 7 W,901483865,1,901483865-1,Panama,256,,PASS,,,C,Asc 06-2,17D,624060040,32,MR.THÁI,CFA,Wobbling(1),,,,,
11,11/26/2025,GALAXY 7 W,901665694,1,901665694-1,Peru,"1,152",,PASS,,,C,Asc 07-2,29D,624040410,80,MR.THÁI,CFA,"Dirty M'S(2),Wobbling(3)",,,,,
11,11/26/2025,GALAXY 7 W,901718572,1,901718572-1,Netherlands,300,,PASS,,,C,Asc 06-1,16,621070084,50,MR.THÁI,CFA,"Wrinkle(1),Over Cement(1),Dirty Upper(1)",,,,,
11,11/26/2025,GALAXY 7 W,901773315,1,901773315-1,Mexico,742,,PASS,,,C,Asc 04-2,7D,621110412,80,MS.NGÂN,CFA,"Wobbling(1),Dirty O'S(1)",,,,,
11,11/26/2025,GALAXY 7 W,901773316,1,901773316-1,Peru,300,,PASS,,,C,Asc 04-2,27D,623090194,50,MR.NHỨT,CFA,Poor Attaching(1),,,,,
11,11/26/2025,GALAXY 7 W,901500192,1,901500192-1,Netherlands,922,,PASS,,,C,Asc 06-1,16,621070084,80,MS.NGÂN,CFA,"Poor Attaching(1),Over Cement(2)",,,,,
11,11/26/2025,GALAXY 7 W,901665080,1,901665080-1,Chile,"1,880",,PASS,,,C,Asc 06-1,16,621070084,125,MS.NGÂN,CFA,"Dirty O'S(3),Dirty Collar Lining(4),Wrinkle(1)",,,,,
11,11/26/2025,GALAXY 7 W,901668169,1,901668169-1,Peru,564,,PASS,,,C,Asc 04-1,33D,624070020,80,MR.THÁI,CFA,"Dirty Upper(2),Over Cement(2),Over Primer O'S(1)",,,,,
11,11/26/2025,GALAXY 7 W,901676646,1,901676646-1,United Kingdom,300,,PASS,,,C,Asc 04-2,27D,623090194,50,MS.NGÂN,CFA,"Dirty M'S(1),Wrinkle(1)",,,,,
11,11/26/2025,GALAXY 7 W,901787900,1,901787900-1,Mexico,442,,PASS,,,C,Asc 06-2,17D,624060040,50,MRS.VY,CFA,"Over Primer O'S(1),Wrinkle(1)",,,,,
11,11/26/2025,TENSAUR SPORT 3.0 K,901772588,1,901772588-1,Mexico,924,,PASS,,,C,Asc 02-2,3D,622080106,80,MS.NGÂN,CFA,Dirty O'S(2),,,,,
11,11/26/2025,TENSAUR SPORT 3.0 K,901774471,1,901774471-1,Utd.Arab Emir.,407,,PASS,,,C,Asc 02-2,3D,622080106,50,MRS.LY,MANAGER,No issue,,CFA(HUỲNH)AQL->TOP MANAGER(MRS.LY),,,
11,11/26/2025,VS PACE 2.0,901519815,1,901519815-1,Netherlands,682,,PASS,,,C,Asc 05-1,10D,624040283,80,MR.NHỨT,CFA,"Wrinkle(1),Dirty Upper(1)",,,,,
11,11/26/2025,VS PACE 2.0,901772457,1,901772457-1,Mexico,336,,PASS,,,D,Asc 03-2,34C,625020591,50,MR.NHỨT,CFA,Thread Ends(1),,,,,
11,11/26/2025,VS PACE 2.0,901827435,1,901827435-1,Mexico,"4,280",,PASS,,,D,Asc 03-2,34C,625020591,205,MS.HUỲNH,CFA,"Thread Ends(3),Bonding Gap(3),Over Primer Upper(5),Dirty Collar Lining(3),Wrinkle(1)",,,,,
11,11/26/2025,ADVANTAGE,901725022,1,901725022-1,USA,"4,402",,PASS,1202,PC,D,Asc 06-2,1C,623090139,125,MR.THÁI,CFA,"Wrinkle(2),Bonding Gap(3),Dirty Collar Lining(2),Dirty O'S(2)",,,,,
11,11/26/2025,ADVANTAGE,901774342,1,901774342-1,Japan,345,15D,PASS,,,B3,3,15D,622020913,50,MS.HUỲNH,CFA,"Poor Attaching(1),Bonding Gap(1),Dirty O'S(1)",,,,,
11,11/26/2025,VL COURT 3.0 K,901582618,1,901582618-1,Colombia,530,,PASS,,,D,Asc 07-1,9,621040446,80,MR.NHỨT,CFA,"Wrinkle(1),Wobbling(1)",,,,,
11,11/26/2025,VL COURT 3.0 K,901346074,1,901346074-1,Netherlands,"1,185",,PASS,,,D,Asc 07-1,9,621040446,80,MS.NGÂN,CFA,"Wobbling(2),Over Cement(1),Needle Hole(1)",,,,,
11,11/26/2025,VL COURT 3.0 K,901518745,1,901518745-1,Netherlands,"1,084",,PASS,,,D,Asc 07-1,41C,625100189,80,MS.NGÂN,CFA,"Wobbling(2),Over Cement(1)",,,,,
11,11/26/2025,VL COURT 3.0 K,901775439,1,901775439-1,Morocco,431,,PASS,,,D,Asc 05-2,19C,622030777,50,MRS.LY,MANAGER,No issue,,CFA(HUỲNH)AQL->TOP MANAGER(MRS.LY),,,
11,11/26/2025,VL COURT 3.0 K,901776837,1,901776837-1,USA,430,,PASS,,,D,Asc 05-2,40C,625100153,50,MR.NHỨT,CFA,Broken Stitching(1),,,,,
11,11/26/2025,VL COURT 3.0 K,901777880,1,901777880-1,USA,300,,PASS,,,D,Asc 07-1,41C,625100189,50,MR.NHỨT,CFA,"Dirty Upper(1),Over Cement(1)",,,,,
11,11/26/2025,VL COURT 3.0 K,901779096,1,901779096-1,USA,300,,PASS,,,D,Asc 07-1,41C,625100189,50,MS.NGÂN,CFA,"Dirty Upper(1),Thread Ends(1)",,,,,
11,11/26/2025,VL COURT 3.0 K,901779137,1,901779137-1,Singapore,100,,PASS,,,D,Asc 07-1,9,621040446,20,MR.NHỨT,CFA,No issue,,,,,
11,11/26/2025,URBAN COURT,901703049,1,901703049-1,Netherlands,"3,000",,PASS,,,D,Asc 07-2,17C,624030608,125,MS.HUỲNH,CFA,"Wrinkle(1),Bonding Gap(2),Dirty O'S(2)",,,,,
11,11/26/2025,VS PACE 2.0,901780264,1,901780264-1,Netherlands,304,,PASS,,,D,Asc 11-1,38C,625090293,50,MRS.LY,MANAGER,No issue,,CFA(HUỲNH)AQL->TOP MANAGER(MRS.LY),,,
11,11/26/2025,VS PACE 2.0,901781414,1,901781414-1,United Kingdom,451,,PASS,,,D,Asc 04-2,12C,624080082,50,MR.THÁI,CFA,"Off Center(1),Dirty Upper(1)",,,,,
11,11/26/2025,VS PACE 2.0,901847654,1,901847654-1,Spain,302,,PASS,,,D,Asc 11-1,38C,625090293,50,MR.NHỨT,CFA,Dirty Upper(1),,,,,
11,11/26/2025,VS PACE 2.0,901848138,1,901848138-1,Italy,350,,PASS,,,D,Asc 03-2,34C,625020591,50,MR.THÁI,CFA,"Bonding Gap(1),Over Primer O'S(1)",,,,,
11,11/27/2025,Tensaur Sport 2.0 CF I,901771118,1,901771118-1,Netherlands,"1,399",,PASS,,,A,Asc 10-2,29A,624030533,125,MS.HUỲNH,CFA,"Dirty O'S(3),Dirty Upper(3),Wobbling(2)",,,,,
11,11/27/2025,Tensaur Sport 2.0 CF I,901776239,1,901776239-1,Thailand,200,,PASS,,,A,Asc 08-1,41A,625080141,32,MR.THÁI,CFA,"Wobbling(1),Dirty Upper(1)",,,,,
11,11/27/2025,Tensaur Sport 2.0 CF I,901779063,1,901779063-1,Indonesia,150,,PASS,,,A,Asc 08-1,41A,625080141,20,MS.HUỲNH,CFA,Wobbling(1),,,,,
11,11/27/2025,VL COURT 3.0 K,901278962,1,901278962-1,USA,"1,033",,PASS,,,A,Asc 02-2,19A,621110258,80,MR.NHỨT,CFA,"Bonding Gap(1),Dirty O'S(1),Wobbling(2)",,,,,
11,11/27/2025,LITE RACER ADAPT 7.0 I,901672929,1,901672929-1,USA,"1,200",,PASS,,,A,Asc 09-2,2A,621110407,80,MR.THÁI,CFA,Over Cement(3),,,,,
11,11/27/2025,LITE RACER ADAPT 7.0 I,901673199,1,901673199-1,USA,"1,800",,PASS,,,A,Asc 08-2,14A,622030023,125,MS.NGÂN,CFA,"Dirty M'S(1),Over Cement(1)",,,,,
11,11/27/2025,TENSAUR SPORT 3.0 CF I,901386150,1,901386150-1,Netherlands,372,,PASS,,,A,Asc 04-2,40A,625060019,50,MS.HUỲNH,CFA,Collar Lining Wrinkle(2),,,,,
11,11/27/2025,TENSAUR SPORT 3.0 CF I,901388198,1,901388198-1,Netherlands,542,,PASS,,,A,Asc 05-1,23A,624110228,80,MS.NGÂN,CFA,Dirty O'S(2),,,,,
11,11/27/2025,TENSAUR SPORT 3.0 CF I,901395843,1,901395843-1,Netherlands,"1,108",,PASS,,,A,Asc 04-2,40A,625060019,80,MS.NGÂN,CFA,"Over Primer O'S(1),Dirty Collar Lining(1)",,,,,
11,11/27/2025,TENSAUR SPORT 3.0 CF I,901395976,1,901395976-1,Netherlands,714,,PASS,,,A,Asc 05-1,11A,622021048,80,MS.NGÂN,CFA,Dirty Upper(2),,,,,
11,11/27/2025,TENSAUR SPORT 3.0 CF I,901677186,1,901677186-1,Netherlands,326,,PASS,,,A,Asc 10-1,22A,624060318,50,MS.HUỲNH,CFA,"Dirty Upper(1),Wobbling(2)",,,,,
11,11/27/2025,Tensaur Run 3.0 EL I,901386411,1,901386411-1,Netherlands,650,,PASS,,,A,Asc 06-2,17A,624030271,80,MS.NGÂN,CFA,"Dirty M'S(1),Dirty Upper(1)",,,,,
11,11/27/2025,LIGHTSHIFT 2.0,901155677,1,901155677-1,India,724,12,PASS,,,B3,2,12,625030164,80,MR.THÁI,CFA,"Wrinkle(2),Dirty M'S(1)",,,,,
11,11/27/2025,LIGHTSHIFT 2.0,901155919,1,901155919-1,India,100,15D,PASS,,,B3,3,15D,622020913,20,MS.HUỲNH,CFA,Wrinkle(1),,,,,
11,11/27/2025,LIGHTSHIFT 2.0,901255988,1,901255988-1,India,999,,PASS,,,A,Asc 01-2,4A,624060316,80,MR.THÁI,CFA,"Dirty O'S(1),Over Cement(1),Dirty Upper(2)",,,,,
11,11/27/2025,LIGHTSHIFT 2.0,901272628,1,901272628-1,Netherlands,981,21D,PASS,,,B3,3,21D,623030007,80,MR.THÁI,CFA,"Left/Right Component Mismatch(1),Dirty M'S(2),Bonding Gap(1)",,,,,
11,11/27/2025,LIGHTSHIFT 2.0,901383348,1,901383348-1,Turkey,207,,PASS,,,A,Asc 01-1,31A,624060331,32,MS.NGÂN,CFA,"Wrinkle(1),Dirty M'S(1)",,,,,
11,11/27/2025,LIGHTSHIFT 2.0,901384785,1,901384785-1,Turkey,407,,PASS,,,A,Asc 02-1,31A,624060331,50,MR.NHỨT,CFA,"Over Primer O'S(1),Wrinkle(1)",,,,,
11,11/27/2025,LIGHTSHIFT 2.0,901510574,1,901510574-1,Philippines,100,15D,PASS,,,B3,3,15D,622020913,20,MR.THÁI,CFA,"Over Cement(1),Dirty O'S(1)",,,,,
11,11/27/2025,LIGHTSHIFT 2.0,901730047,1,901730047-1,USA,352,,PASS,,,A,Asc 02-1,31A,624060331,50,MS.NGÂN,CFA,"Dirty Upper(1),Dirty M'S(1)",,,,,
11,11/27/2025,LIGHTSHIFT 2.0,901730619,1,901730619-1,USA,326,,PASS,,,A,Asc 01-2,4A,624060316,50,MS.NGÂN,CFA,"Wrinkle(1),Dirty O'S(1)",,,,,
11,11/27/2025,VS PACE 2.0,901780282,1,901780282-1,United Kingdom,"1,270",,PASS,,,A,Asc 03-1,11A,622021048,125,MS.NGÂN,CFA,"Over Cement(2),Dirty O'S(1)",,,,,
11,11/27/2025,ADVANTAGE BASE 2.0 CF C,901776166,1,901776166-1,Netherlands,"1,908",,PASS,,,B,Asc 01-1,38A,622020703,125,MS.NGÂN,CFA,"Wobbling(2),Over Cement(1),Dirty Upper(1),Dirty O'S(1)",,,,,
11,11/27/2025,Tensaur Sport 2.0 CF K,901770974,1,901770974-1,Netherlands,"1,003",,PASS,,,B,Asc 02-2,25B,621100361,80,MS.NGÂN,CFA,"Over Cement(2),Dirty O'S(1)",,,,,
11,11/27/2025,Tensaur Sport 2.0 CF K,901774089,1,901774089-1,United Kingdom,601,,PASS,,,B,Asc 02-1,R2B,621060393,80,MS.NGÂN,CFA,"Wobbling(1),Dirty O'S(1)",,,,,
11,11/27/2025,TENSAUR SPORT 3.0 K,901396110,1,901396110-1,Netherlands,"1,607",,PASS,,,B,Asc 03-1,46B,625100092,125,MS.HUỲNH,CFA,"Over Cement(4),Over Primer O'S(2),Collar Lining Wrinkle(2)",,,,,
11,11/27/2025,GALAXY 7 M,901533144,1,901533144-1,Netherlands,528,,PASS,,,C,Asc 10-1,13D,624100308,80,MR.NHỨT,CFA,"Dirty Collar Lining(2),Bonding Gap(3)",,,,,
11,11/27/2025,GALAXY 7 M,901675620,1,901675620-1,United Kingdom,351,,PASS,,,C,Asc 09-1,22D,623090063,50,MS.NGÂN,CFA,Over Cement(2),,,,,
11,11/27/2025,GALAXY 7 M,901703315,1,901703315-1,Netherlands,"2,000",,PASS,,,C,Asc 08-2,8D,624080430,125,MR.NHỨT,CFA,"Dirty Upper(3),Over Cement(3)",,,,,
11,11/27/2025,GALAXY 7 M,901717789,1,901717789-1,Netherlands,"1,500",,PASS,,,C,Asc 11-1,11,623120136,125,MS.NGÂN,CFA,"Wobbling(2),Over Primer O'S(2)",,,,,
11,11/27/2025,GALAXY 7 M,901719323,1,901719323-1,Netherlands,"2,170",,PASS,,,C,Asc 11-2,28D,625080255,125,MS.HUỲNH,CFA,"Dirty M'S(2),Wrinkle(2),Over Cement(4)",,,,,
11,11/27/2025,GALAXY 7 M,901719438,1,901719438-1,Netherlands,"2,260",,PASS,,,C,Asc 10-2,19D,625080253,125,MS.HUỲNH,CFA,"Wrinkle(3),Dirty M'S(2),Over Cement(3)",,,,,
11,11/27/2025,GALAXY 7 M,901721433,1,901721433-1,Italy,"1,020",,PASS,,,C,Asc 07-1,24D,623090032,80,MR.THÁI,CFA,"Dirty Collar Lining(2),Wrinkle(1),Over Cement(1)",,,,,
11,11/27/2025,GALAXY 7 M,901378701,1,901378701-1,Utd.Arab Emir.,577,,PASS,,,C,Asc 10-1,13D,624100308,80,MS.HUỲNH,CFA,"Over Cement(2),Dirty M'S(2)",,,,,
11,11/27/2025,GALAXY 7 M,901588119,1,901588119-1,Paraguay,336,,PASS,,,C,Asc 08-1,21D,623030007,50,MS.HUỲNH,CFA,"Dirty O'S(2),Over Cement(2)",,,,,
11,11/27/2025,GALAXY 7 M,901774334,1,901774334-1,Peru,"1,253",,PASS,,,C,Asc 10-1,13D,624100308,125,MR.THÁI,CFA,"Over Cement(4),Dirty M'S(3)",,,,,
11,11/27/2025,GALAXY 7 M,901787901,1,901787901-1,Mexico,983,,PASS,,,C,Asc 10-1,13D,624100308,80,MR.THÁI,CFA,"Wrinkle(2),Dirty M'S(2)",,,,,
11,11/27/2025,GALAXY 7 M,901787905,1,901787905-1,Peru,528,,PASS,,,C,Asc 11-1,11,623120136,80,MR.THÁI,CFA,"Collar Lining Wrinkle(2),Dirty M'S(2),Thread Ends(2)",,,,,
11,11/27/2025,GALAXY 7 W,901297002,1,901297002-1,Italy,620,,PASS,,,C,Asc 06-2,17D,624060040,80,MR.NHỨT,CFA,"Over Cement(2),Bonding Gap(3)",,,,,
11,11/27/2025,GALAXY 7 W,901425616,1,901425616-1,Morocco,352,,PASS,,,C,Asc 05-2,10D,624040283,50,MR.THÁI,CFA,"Over Cement(2),Dirty M'S(1)",,,,,
11,11/27/2025,GALAXY 7 W,901482488,1,901482488-1,Panama,519,,PASS,,,C,Asc 04-1,33D,624070020,80,MR.THÁI,CFA,"Wobbling(2),Dirty M'S(2)",,,,,
11,11/27/2025,GALAXY 7 W,901665880,1,901665880-1,United Kingdom,352,,PASS,,,C,Asc 04-1,33D,624070020,50,MR.NHỨT,CFA,"Wrinkle(1),Dirty O'S(1)",,,,,
11,11/27/2025,GALAXY 7 W,901718383,1,901718383-1,Netherlands,400,,PASS,,,C,Asc 06-2,17D,624060040,50,MR.NHỨT,CFA,Toe Cap High/Low(2),,,,,
11,11/27/2025,GALAXY 7 W,901776796,1,901776796-1,Netherlands,566,,PASS,,,C,Asc 03-2,20D,624080083,80,MR.THÁI,CFA,"Uneven Collar Top Line(1),Dirty M'S(2)",,,,,
11,11/27/2025,GALAXY 7 W,901425710,1,901425710-1,Israel,100,,PASS,,,C,Asc 04-1,33D,624070020,20,MS.HUỲNH,CFA,Wrinkle(1),,,,,
11,11/27/2025,GALAXY 7 W,901665672,1,901665672-1,Colombia,239,,PASS,,,C,Asc 04-2,7D,621110412,32,MS.HUỲNH,CFA,Dirty M'S(2),,,,,
11,11/27/2025,GALAXY 7 W,901691536,1,901691536-1,Peru,"1,044",,PASS,,,C,Asc 06-2,17D,624060040,80,MS.HUỲNH,CFA,"Bonding Gap(2),Dirty M'S(2),Over Primer O'S(1)",,,,,
11,11/27/2025,GALAXY 7 W,901777761,1,901777761-1,Peru,"1,058",,PASS,,,C,Asc 05-2,10D,624040283,80,MR.NHỨT,CFA,Dirty Collar Lining(3),,,,,
11,11/27/2025,GALAXY 7 W,901787902,1,901787902-1,Mexico,462,,PASS,,,C,Asc 07-2,29D,624040410,50,MR.THÁI,CFA,Dirty M'S(2),,,,,
11,11/27/2025,GRAND COURT 2.0,901802675,1,901802675-1,United Kingdom,"1,200",,PASS,,,C,Asc 01-1,2D,625080009,80,MR.THÁI,CFA,"Wobbling(3),Dirty O'S(3),Dirty Upper(2)",,,,,
11,11/27/2025,TENSAUR SPORT 3.0 K,901397214,1,901397214-1,Netherlands,612,,PASS,,,C,Asc 02-1,11D,624080127,80,MS.HUỲNH,CFA,"Off Center Heel(2),Crooked Toe Cap(2)",,,,,
11,11/27/2025,TENSAUR SPORT 3.0 K,901525063,1,901525063-1,United Kingdom,335,,PASS,,,C,Asc 02-1,11D,624080127,50,MS.HUỲNH,CFA,"Dirty Upper(2),Thread Ends(2)",,,,,
11,11/27/2025,ADVANTAGE 2.0,901406255,1,901406255-1,Italy,450,,PASS,,,D,Asc 08-1,1C,623090139,50,MR.NHỨT,CFA,"Dirty O'S(1),Bonding Gap(1)",,,,,
11,11/27/2025,ADVANTAGE 2.0,901775967,1,901775967-1,Netherlands,"5,000",,PASS,3200,P1,D,Asc 10-2,28C,624100065,125,MS.HUỲNH,CFA,"Dirty Upper(3),Dirty O'S(4)",,,,,
11,11/27/2025,ADVANTAGE 2.0,901775967,1,901775967-1,Netherlands,"5,000",,PASS,1800,PC,D,Asc 08-1,1C,623090139,125,MR.NHỨT,CFA,Bonding Gap(3),,,,,
11,11/27/2025,ADVANTAGE,901291464,1,901291464-1,USA,"1,025",,PASS,,,D,Asc 10-1,36C,625050250,80,MR.THÁI,CFA,"Poor Shape(1),Wrinkle(1),Dirty Upper(1),Dirty Collar Lining(1)",,,,,
11,11/27/2025,ADVANTAGE,901779120,1,901779120-1,Indonesia,603,,PASS,,,D,Asc 05-1,11C,624070393,80,MR.THÁI,CFA,"Dirty O'S(2),Wobbling(1),Collar Lining Damaged(1)",,,,,
11,11/27/2025,ADVANTAGE,901780170,1,901780170-1,Indonesia,200,,PASS,,,D,Asc 05-1,11C,624070393,32,MR.NHỨT,CFA,Dirty O'S(1),,,,,
11,11/27/2025,VL COURT 3.0 K,901772863,1,901772863-1,Monaco,248,,PASS,,,D,Asc 05-2,40C,625100153,32,MR.NHỨT,CFA,Wobbling(1),,,,,
11,11/27/2025,GRAND COURT 3.0,901261388,1,901261388-1,Mexico,"1,056",,PASS,,,D,Asc 03-1,6C,622070194,80,MR.NHỨT,CFA,"Dirty Collar Lining(1),Dirty O'S(2)",,,,,
11,11/27/2025,GRAND COURT 3.0,901787904,1,901787904-1,Italy,390,,PASS,,,D,Asc 03-1,6C,622070194,50,MR.THÁI,CFA,"Crooked Toe Cap(1),Uneven Collar Top Line(1),Dirty O'S(1)",,,,,
11,11/27/2025,GRAND COURT 3.0,901676673,1,901676673-1,Netherlands,"4,584",,PASS,,,D,Asc 01-1,R6D,619080327,250,MS.NGÂN,CFA,"Dirty O'S(3),Over Cement(2),Dirty Collar Lining(1),Thread Ends(2)",,,,,
11,11/27/2025,VS PACE 2.0,901777762,1,901777762-1,United Kingdom,"3,020",,PASS,,,D,Asc 02-1,16C,624030295,125,MS.HUỲNH,CFA,"Dirty Upper(3),Dirty Collar Lining(4)",,,,,
11,11/27/2025,VS PACE 2.0,901846253,1,901846253-1,Indonesia,120,,PASS,,,D,Asc 11-1,38C,625090293,20,MR.NHỨT,CFA,Dirty Collar Lining(1),,,,,
11,11/27/2025,Tensaur Run 3.0 EL I,901771115,1,901771115-1,Utd.Arab Emir.,118,,PASS,,,A,Asc 07-2,12A,622021407,20,MR.NHỨT,CFA,No issue,,,,,
11,11/27/2025,LIGHTSHIFT 2.0,901667005,1,901667005-1,Panama,353,,FAIL,,,A,Asc 01-2,4A,624060316,50,MR.BÌNH,LOP,"Bonding Gap Stockfit(1),Dirty O’S(4),Dirty Upper(1),Wrinkle(5),Wobbling(2)",OFFICIAL,,,,not update pivot88
11,11/27/2025,LIGHTSHIFT 2.0,901726419,1,901726419-1,USA,315,,FAIL,,,A,Asc 01-1,31A,624060331,50,MR.BÌNH,LOP,"Bonding Gap Stockfit(7),Dirty O’S(6),Dirty Upper(1)",OFFICIAL,,,,not update pivot88
11,11/28/2025,Tensaur Sport 2.0 CF I,901772378,1,901772378-1,Italy,"4,761",,PASS,3200,P1,A,Asc 08-1,41A,625080141,125,MS.NGÂN,CFA,"Dirty Collar Lining(2),Dirty Upper(2)",,,,,
11,11/28/2025,Tensaur Sport 2.0 CF I,901772378,1,901772378-1,Italy,"4,761",,PASS,1561,PC,A,Asc 11-1,9A,622080458,125,MS.HUỲNH,CFA,"Wrinkle(2),Wobbling(3),Dirty O'S(2),Bonding Gap(2)",,,,,
11,11/28/2025,VL COURT 3.0 K,901486447,1,901486447-1,USA,"2,010",,PASS,,,A,Asc 04-1,18A,623100210,125,MS.HUỲNH,CFA,"Off Center Heel(2),Wobbling(2),Poor Shape(3),Dirty O'S(2)",,,,,
11,11/28/2025,LITE RACER ADAPT 7.0 I,901463243,1,901463243-1,USA,610,,PASS,,,A,Asc 09-2,2A,621110407,80,MR.THÁI,CFA,Over Cement(2),,,,,
11,11/28/2025,LITE RACER ADAPT 7.0 I,901526680,1,901526680-1,USA,"1,800",,PASS,,,A,Asc 09-2,11A,622021048,125,MR.NHỨT,CFA,"Dirty M'S(2),Poor Attaching(1)",,,,,
11,11/28/2025,LITE RACER ADAPT 7.0 I,901598108,1,901598108-1,USA,300,,PASS,,,A,Asc 08-2,14A,622030023,50,MR.NHỨT,CFA,"Over Cement(1),Dirty Collar Lining(1)",,,,,
11,11/28/2025,LITE RACER ADAPT 7.0 I,901673182,1,901673182-1,USA,300,,PASS,,,A,Asc 09-2,11A,622021048,50,MS.NGÂN,CFA,Dirty M'S(1),,,,,
11,11/28/2025,ASPYRE,901772778,1,901772778-1,Netherlands,853,15A,PASS,,,B3,4,15A,624050151,80,MR.THÁI,CFA,"Dirty Upper(1),Dirty O'S(1)",,,,,
11,11/28/2025,ASPYRE,901776561,1,901776561-1,USA,311,,PASS,,,A,Asc 11-2,22A,624060318,50,MR.THÁI,CFA,"Over Cement O'S(2),Dirty Upper(2)",,,,,
11,11/28/2025,ASPYRE,901777700,1,901777700-1,USA,618,,PASS,,,A,Asc 11-2,22A,624060318,80,MS.NGÂN,CFA,Dirty Upper(1),,,,,
11,11/28/2025,Tensaur Run 3.0 EL I,901769157,1,901769157-1,Netherlands,"3,820",,PASS,3200,P1,A,Asc 06-1,25A,624030105,125,MR.THÁI,CFA,"Poor Attaching(2),Dirty Upper(2),Crooked Toe Cap(1),Dirty O'S(2),Over Cement(3)",,,,,
11,11/28/2025,Tensaur Run 3.0 EL I,901769157,1,901769157-1,Netherlands,"3,820",,PASS,620,PC,A,Asc 06-2,17A,624030271,80,MS.NGÂN,CFA,"Dirty M'S(1),Poor Attaching(1)",,,,,
11,11/28/2025,Tensaur Run 3.0 EL I,901771737,1,901771737-1,United Kingdom,309,,PASS,,,A,Asc 07-2,12A,622021407,50,MR.NHỨT,CFA,Dirty M'S(1),,,,,
11,11/28/2025,Tensaur Run 3.0 EL I,901773031,1,901773031-1,Netherlands,786,,PASS,,,A,Asc 06-2,17A,624030271,80,MR.NHỨT,CFA,"Dirty M'S(1),Wobbling(1),Dirty Collar Lining(1)",,,,,
11,11/28/2025,Tensaur Run 3.0 EL I,901774125,1,901774125-1,Italy,620,,PASS,,,A,Asc 06-1,25A,624030105,80,MR.THÁI,CFA,"Thread Ends(2),Dirty Upper(2)",,,,,
11,11/28/2025,Tensaur Run 3.0 EL I,901774662,1,901774662-1,Monaco,445,,PASS,,,A,Asc 07-1,20A,623110220,50,MR.THÁI,CFA,"Off Center Heel(1),Poor Attaching(2)",,,,,
11,11/28/2025,Tensaur Run 3.0 EL I,901774802,1,901774802-1,United Kingdom,300,,PASS,,,A,Asc 07-1,20A,623110220,50,MR.NHỨT,CFA,Over Cement(1),,,,,
11,11/28/2025,Tensaur Run 3.0 EL I,901842062,1,901842062-1,Italy,320,,PASS,,,A,Asc 07-2,12A,622021407,50,MS.NGÂN,CFA,Over Cement(2),,,,,
11,11/28/2025,Tensaur Run 3.0 EL I,901843836,1,901843836-1,Netherlands,985,,PASS,,,A,Asc 06-1,25A,624030105,80,MS.HUỲNH,CFA,"Bonding Gap(2),Wobbling(1)",,,,,
11,11/28/2025,Tensaur Run 3.0 EL I,901843885,1,901843885-1,Netherlands,724,,PASS,,,A,Asc 07-2,12A,622021407,80,MR.NHỨT,CFA,Dirty Upper(2),,,,,
11,11/28/2025,Tensaur Run 3.0 EL I,901845872,1,901845872-1,United Kingdom,353,,PASS,,,A,Asc 06-2,17A,624030271,50,MS.NGÂN,CFA,"Dirty Collar Lining(1),Collar Lining Wrinkle(1)",,,,,
11,11/28/2025,Tensaur Run 3.0 EL I,901847834,1,901847834-1,United Kingdom,345,,PASS,,,A,Asc 07-1,20A,623110220,50,MR.NHỨT,CFA,Dirty Upper(1),,,,,
11,11/28/2025,Tensaur Run 3.0 EL I,901847928,1,901847928-1,Italy,455,,PASS,,,A,Asc 07-1,20A,623110220,50,MS.NGÂN,CFA,Poor Attaching(1),,,,,
11,11/28/2025,TENSAUR COMFORT AC I,901158080,1,901158080-1,Utd.Arab Emir.,150,,PASS,,,A,Asc 06-1,25A,624030105,32,MR.BÌNH,LOP,No issue,,,,,
11,11/28/2025,ADVANTAGE BASE 2.0 CF C,901776198,1,901776198-1,Netherlands,"3,024",,PASS,,,B,Asc 01-1,38A,622020703,125,MS.HUỲNH,CFA,"Wobbling(2),Over Cement(2)",,,,,
11,11/28/2025,VS PACE 2.0,901106087,1,901106087-1,Netherlands,"1,051",,PASS,,,A,Asc 02-2,19A,621110258,80,MR.NHỨT,CFA,"Dirty Collar Lining(1),Over Cement(2)",,,,,
11,11/28/2025,VS PACE 2.0,901827433,1,901827433-1,Mexico,"1,570",,PASS,,,A,Asc 03-1,R4A,620080362,125,MS.NGÂN,CFA,"Dirty Upper(2),Over Cement(2),Over Primer Upper(2)",,,,,
11,11/28/2025,LIGHTSHIFT 2.0,901155836,1,901155836-1,India,774,15A,PASS,,,B3,0,15A,624050151,80,MR.THÁI,CFA,"Off Center(2),Wobbling(1),Over Primer O'S(1)",,,,,
11,11/28/2025,LIGHTSHIFT 2.0,901667005,1,901667005-1,Panama,353,12,PASS,,,B3,2,12,625030164,50,MR.NHỨT,CFA,Wrinkle(1),,,,,
11,11/28/2025,LIGHTSHIFT 2.0,901673304,1,901673304-1,USA,370,,PASS,,,A,Asc 01-2,7A,625020551,50,MR.NHỨT,CFA,"Wobbling(1),Dirty O'S(1)",,,,,
11,11/28/2025,LIGHTSHIFT 2.0,901726419,1,901726419-1,USA,315,15A,PASS,,,B3,4,15A,624050151,50,MR.THÁI,CFA,Wrinkle(1),,,,,
11,11/28/2025,VS PACE 2.0,901842009,1,901842009-1,United Kingdom,551,,PASS,,,A,Asc 03-1,R4A,620080362,80,MR.NHỨT,CFA,"Poor Attaching(1),Over Cement(1)",,,,,
11,11/28/2025,TENSAUR SPORT 3.0  CF K,901564532,1,901564532-1,United Kingdom,750,,PASS,,,B,Asc 04-2,43B,625030363,80,MR.THÁI,CFA,"Over Primer O'S(2),Dirty Collar Lining(2)",,,,,
11,11/28/2025,TENSAUR SPORT 3.0  CF K,901684774,1,901684774-1,Malaysia,"2,121",,PASS,,,B,Asc 05-2,40B,625010030,125,MS.NGÂN,CFA,"Wobbling(2),Over Primer O'S(1)",,,,,
11,11/28/2025,TENSAUR SPORT 3.0  CF K,901719190,1,901719190-1,United Kingdom,802,,PASS,,,B,Asc 01-2,42B,625030063,80,MR.THÁI,CFA,"Dirty O'S(3),Dirty Collar Lining(2)",,,,,
11,11/28/2025,TENSAUR SPORT 3.0  CF K,901778900,1,901778900-1,United Kingdom,"1,040",,PASS,,,B,Asc 06-2,26B,623090198,80,MR.THÁI,CFA,"Wobbling(3),Dirty Upper(2),Over Primer O'S(1)",,,,,
11,11/28/2025,GALAXY 7 M,901425331,1,901425331-1,Morocco,440,,PASS,,,C,Asc 10-2,19D,625080253,50,MS.HUỲNH,CFA,"Wrinkle(1),Dirty Upper(2),Dirty M'S(1)",,,,,
11,11/28/2025,GALAXY 7 M,901551414,1,901551414-1,Netherlands,955,,PASS,,,C,Asc 11-1,11,623120136,80,MR.THÁI,CFA,"Over Cement(3),Dirty O'S(2)",,,,,
11,11/28/2025,GALAXY 7 M,901719502,1,901719502-1,Netherlands,"2,470",,PASS,,,C,Asc 06-2,17D,624060040,125,MR.NHỨT,CFA,"Dirty Upper(2),Dirty O'S(1)",,,,,
11,11/28/2025,GALAXY 7 M,901773205,1,901773205-1,Peru,"1,016",,PASS,,,C,Asc 09-2,5D,625100040,80,MR.NHỨT,CFA,"Wrinkle(2),Dirty Collar Lining(1)",,,,,
11,11/28/2025,GALAXY 7 M,901774477,1,901774477-1,Peru,"2,538",,PASS,,,C,Asc 07-1,24D,623090032,125,MR.THÁI,CFA,"Poor Attaching(2),Over Cement(3)",,,,,
11,11/28/2025,GALAXY 7 M,901776761,1,901776761-1,Peru,582,,PASS,,,C,Asc 07-1,38D,625020419,80,MS.HUỲNH,CFA,"Over Cement(3),Dirty Upper(2)",,,,,
11,11/28/2025,GALAXY 7 M,901777630,1,901777630-1,Netherlands,"2,327",,PASS,,,C,Asc 09-1,22D,623090063,125,MS.HUỲNH,CFA,"Over Cement(2),Wrinkle(2),Wobbling(2)",,,,,
11,11/28/2025,GALAXY 7 M,901780798,1,901780798-1,Netherlands,306,,PASS,,,C,Asc 08-1,21D,623030007,50,MR.THÁI,CFA,"Over Cement(2),Dirty O'S(1)",,,,,
11,11/28/2025,GALAXY 7 M,901780906,1,901780906-1,Netherlands,356,,PASS,,,C,Asc 08-2,8D,624080430,50,MS.HUỲNH,CFA,"Over Cement(1),Dirty O'S(1)",,,,,
11,11/28/2025,GALAXY 7 M,901780922,1,901780922-1,United Kingdom,393,,PASS,,,C,Asc 06-1,16,621070084,50,MS.NGÂN,CFA,Dirty O'S(1),,,,,
11,11/28/2025,GALAXY 7 M,901320113,1,901320113-1,Netherlands,606,,PASS,,,C,Asc 08-1,21D,623030007,80,MR.THÁI,CFA,"Dirty Upper(2),Collar Lining Wrinkle(3)",,,,,
11,11/28/2025,GALAXY 7 M,901667718,1,901667718-1,Netherlands,"2,000",,PASS,,,C,Asc 07-1,38D,625020419,125,MS.HUỲNH,CFA,"Wrinkle(2),Dirty Upper(2),Over Cement(2),Crooked Eyestay(2)",,,,,
11,11/28/2025,GALAXY 7 M,901721642,1,901721642-1,Italy,500,,PASS,,,C,Asc 09-1,25D,622070156,50,MS.NGÂN,CFA,Dirty M'S(2),,,,,
11,11/28/2025,GALAXY 7 M,901739607,1,901739607-1,Netherlands,510,,PASS,,,C,Asc 08-1,21D,623030007,80,MS.NGÂN,CFA,"Dirty M'S(1),Wobbling(1),Wrinkle(1)",,,,,
11,11/28/2025,GALAXY 7 M,901769383,1,901769383-1,Italy,400,,PASS,,,C,Asc 05-2,10D,624040283,50,MR.THÁI,CFA,Wobbling(2),,,,,
11,11/28/2025,GALAXY 7 M,901770025,1,901770025-1,United Kingdom,300,,PASS,,,C,Asc 07-1,24D,623090032,50,MR.THÁI,CFA,Dirty O'S(2),,,,,
11,11/28/2025,GALAXY 7 M,901772431,1,901772431-1,Mexico,300,,PASS,,,C,Asc 08-2,8D,624080430,50,MR.NHỨT,CFA,Over Cement(2),,,,,
11,11/28/2025,GALAXY 7 M,901772525,1,901772525-1,Mexico,"1,000",,PASS,,,C,Asc 06-1,16,621070084,80,MS.HUỲNH,CFA,Wrinkle(2),,,,,
11,11/28/2025,GALAXY 7 M,901773853,1,901773853-1,Mexico,"2,136",,PASS,,,C,Asc 11-1,11,623120136,125,MR.THÁI,CFA,Over Cement(3),,,,,
11,11/28/2025,GALAXY 7 M,901777615,1,901777615-1,Italy,600,,PASS,,,C,Asc 10-1,13D,624100308,80,MR.NHỨT,CFA,"Wrinkle(2),Dirty Collar Lining(1)",,,,,
11,11/28/2025,GALAXY 7 M,901781829,1,901781829-1,Italy,325,,PASS,,,C,Asc 11-1,11,623120136,50,MS.HUỲNH,CFA,Over Primer O'S(1),,,,,
11,11/28/2025,GALAXY 7 W,901774523,1,901774523-1,Peru,965,,PASS,,,C,Asc 04-1,33D,624070020,80,MR.THÁI,CFA,Over Cement(2),,,,,
11,11/28/2025,GALAXY 7 W,901774587,1,901774587-1,Peru,"1,913",,PASS,,,C,Asc 05-2,10D,624040283,125,MR.NHỨT,CFA,"Over Cement(3),Dirty Upper(1)",,,,,
11,11/28/2025,GALAXY 7 W,901774623,1,901774623-1,Peru,"1,490",,PASS,,,C,Asc 04-2,27D,623090194,125,MR.NHỨT,CFA,"Wobbling(2),Wrinkle(2)",,,,,
11,11/28/2025,GALAXY 7 W,901774755,1,901774755-1,Italy,800,,PASS,,,C,Asc 07-2,29D,624040410,80,MR.THÁI,CFA,"Dirty O'S(2),Dirty Collar Lining(1),Wobbling(1),Over Cement(2)",,,,,
11,11/28/2025,GALAXY 7 W,901776252,1,901776252-1,Italy,400,,PASS,,,C,Asc 03-2,20D,624080083,50,MR.THÁI,CFA,Dirty M'S(2),,,,,
11,11/28/2025,GALAXY 7 W,901776894,1,901776894-1,Netherlands,300,,PASS,,,C,Asc 07-2,29D,624040410,50,MR.NHỨT,CFA,Dirty Upper(2),,,,,
11,11/28/2025,GALAXY 7 W,901263839,1,901263839-1,Peru,112,,PASS,,,C,Asc 04-1,33D,624070020,20,MS.HUỲNH,CFA,Dirty O'S(1),,,,,
11,11/28/2025,GALAXY 7 W,901723100,1,901723100-1,Italy,500,,PASS,,,C,Asc 04-2,27D,623090194,50,MR.THÁI,CFA,"Toe Spring(1),Dirty M'S(1)",,,,,
11,11/28/2025,VS PACE 2.0,901721985,1,901721985-1,Japan,"2,407",1D,PASS,,,B3,0,1D,622050542,125,MS.HUỲNH,CFA,"Thread Ends(2),Wrinkle(2),Over Cement(1),Dirty O'S(1)",,,,,
11,11/28/2025,VS PACE 2.0,901780438,1,901780438-1,Netherlands,"4,800",,PASS,3200,P1,C,Asc 03-1,8C,624070252,125,MR.THÁI,CFA,"Thread Ends(3),Wrinkle(2),Crooked Toe Cap(2),Over Cement(2)",,,,,
11,11/28/2025,VS PACE 2.0,901780438,1,901780438-1,Netherlands,"4,800",,PASS,1600,PC,C,Asc 05-1,10D,624040283,125,MR.THÁI,CFA,"Dirty O'S(3),Thread Ends(3)",,,,,
11,11/28/2025,VS PACE 2.0,901721839,1,901721839-1,Japan,"2,609",15A,PASS,,,B3,4,15A,624050151,125,MR.THÁI,CFA,Over Cement(5),,,,,
11,11/28/2025,VS PACE 2.0,901827434,1,901827434-1,Mexico,"4,000",,PASS,3200,P1,D,Asc 03-2,34C,625020591,125,MR.NHỨT,CFA,"Thread Ends(3),Dirty Upper(2)",,,,,
11,11/28/2025,VS PACE 2.0,901827434,1,901827434-1,Mexico,"4,000",,PASS,800,PC,D,Asc 02-2,35C,625050156,80,MR.THÁI,CFA,Dirty Collar Lining(2),,,,,
11,11/28/2025,ADVANTAGE,901290437,1,901290437-1,USA,633,15A,PASS,,,B3,0,15A,624050151,80,MS.NGÂN,CFA,No issue,,,,,
11,11/28/2025,ADVANTAGE,901772645,1,901772645-1,Japan,"4,068",9,PASS,3200,P1,B3,0,9,621040446,125,MS.HUỲNH,CFA,"Dirty Collar Lining(1),Off Center(2)",,,,,
11,11/28/2025,ADVANTAGE,901774447,1,901774447-1,Japan,762,4C,PASS,,,B3,0,4C,624020153,80,MR.THÁI,CFA,"Off Center Heel(1),Over Cement(2),Bonding Gap(2)",,,,,
11,11/28/2025,ADVANTAGE,901775192,1,901775192-1,South Korea,500,,PASS,,,D,Asc 10-1,36C,625050250,50,MS.HUỲNH,CFA,"Dirty O'S(1),Dirty Shoe Laces(2),Dirty Upper(1)",,,,,
11,11/28/2025,ADVANTAGE,901779060,1,901779060-1,USA,"1,072",,PASS,,,D,Asc 10-1,36C,625050250,80,MS.HUỲNH,CFA,"Dirty Upper(2),Dirty O'S(2)",,,,,
11,11/28/2025,GRAND COURT 3.0,901263049,1,901263049-1,Mexico,"1,500",,PASS,,,D,Asc 01-1,16C,624030295,125,MS.NGÂN,CFA,"Wobbling(2),Dirty O'S(2),Poor Attaching(1)",,,,,
11,11/28/2025,GRAND COURT 3.0,901780488,1,901780488-1,Netherlands,"1,308",,PASS,,,D,Asc 04-1,R5C,620120148,125,MS.NGÂN,CFA,"Dirty Upper(2),Dirty O'S(2)",,,,,
11,11/28/2025,GRAND COURT 3.0,901780550,1,901780550-1,Netherlands,324,21D,PASS,,,B3,3,21D,623030007,50,MS.NGÂN,CFA,Dirty O'S(2),,,,,
11,11/28/2025,GRAND COURT 3.0,901787899,1,901787899-1,Mexico,246,,PASS,,,D,Asc 04-1,33C,625030360,32,MS.NGÂN,CFA,Dirty O'S(2),,,,,
11,11/28/2025,URBAN COURT,901337956,1,901337956-1,India,"2,156",12,PASS,,,B3,2,12,625030164,125,MS.NGÂN,CFA,"Dirty Upper(2),Dirty Collar Lining(2)",,,,,
11,11/28/2025,URBAN COURT,901770505,1,901770505-1,Netherlands,"3,000",,PASS,,,D,Asc 06-1,2C,623080380,125,MR.THÁI,CFA,"Dirty Shoe Laces(1),Dirty Upper(2)",,,,,
11,11/28/2025,VS PACE 2.0,901827432,1,901827432-1,Mexico,"9,410",,PASS,3200,P2,D,Asc 05-2,R5C,620120148,125,MR.THÁI,CFA,"Over Primer Upper(2),Dirty O'S(3),Thread Ends(3),Over Cement(3)",,,,,
11,11/28/2025,VS PACE 2.0,901827432,1,901827432-1,Mexico,"9,410",,PASS,3200,P1,D,Asc 04-2,12C,624080082,125,MS.NGÂN,CFA,"Dirty O'S(2),Over Cement(2),Thread Ends(1)",,,,,
11,11/28/2025,VS PACE 2.0,901827432,1,901827432-1,Mexico,"9,410",,PASS,3010,PC,C,Asc 01-1,2D,625080009,125,MS.NGÂN,CFA,"Over Primer Upper(2),Thread Ends(2),Dirty Collar Lining(1)",,,,,
11,11/28/2025,VS PACE 2.0,901516812,1,901516812-1,United Kingdom,"1,590",,PASS,,,D,Asc 01-2,37C,625080102,125,MS.HUỲNH,CFA,"Over Cement(2),Bonding Gap(2)",,,,,
11,11/28/2025,VS PACE 2.0,901719931,1,901719931-1,Netherlands,"3,000",,PASS,,,D,Asc 04-2,12C,624080082,125,MR.THÁI,CFA,"Thread Ends(3),Over Cement(4),Dirty Collar Lining(3)",,,,,
11,11/28/2025,VS PACE 2.0,901721677,1,901721677-1,Japan,"1,607",R5C,PASS,,,B3,0,R5C,620120148,125,MR.NHỨT,CFA,Dirty O'S(3),,,,,
11,11/29/2025,VL COURT 3.0 K,901667897,1,901667897-1,Netherlands,446,,PASS,,,A,Asc 04-1,18A,623100210,50,MR.THÁI,CFA,"Over Cement(2),Uneven Collar Top Line(1)",,,,,
11,11/29/2025,LITE RACER ADAPT 7.0 I,901720982,1,901720982-1,USA,576,,PASS,,,A,Asc 08-2,14A,622030023,80,MS.NGÂN,CFA,Over Cement(1),,,,,
11,11/29/2025,TENSAUR SPORT 3.0 CF I,901243622,1,901243622-1,Brazil,460,,PASS,,,A,Asc 10-1,22A,624060318,50,MS.NGÂN,CFA,"Collar Lining Wrinkle(1),Dirty Upper(1)",,,,,
11,11/29/2025,TENSAUR SPORT 3.0 CF I,901666918,1,901666918-1,Argentina,414,,PASS,,,A,Asc 11-1,10A,622021050,50,MS.HUỲNH,CFA,"Thread Ends(1),Collar Lining Wrinkle(1)",,,,,
11,11/29/2025,TENSAUR SPORT 3.0 CF I,901166170,1,901166170-1,Utd.Arab Emir.,300,,PASS,,,A,Asc 10-1,22A,624060318,50,MS.NGÂN,CFA,"Dirty Collar Lining(1),Dirty O'S(1)",,,,,
11,11/29/2025,TENSAUR SPORT 3.0 CF I,901395652,1,901395652-1,Netherlands,408,,PASS,,,A,Asc 04-2,40A,625060019,50,MS.NGÂN,CFA,Dirty Upper(1),,,,,
11,11/29/2025,TENSAUR SPORT 3.0 CF I,901618214,1,901618214-1,United Kingdom,490,,PASS,,,A,Asc 05-1,23A,624110228,50,MS.NGÂN,CFA,Dirty Collar Lining(2),,,,,
11,11/29/2025,TENSAUR SPORT 3.0 CF I,901675313,1,901675313-1,United Kingdom,998,,PASS,,,A,Asc 05-1,11A,622021048,80,MS.NGÂN,CFA,"Dirty O'S(1),Dirty Collar Lining(2)",,,,,
11,11/29/2025,TENSAUR SPORT 3.0 CF I,901677287,1,901677287-1,Netherlands,686,,PASS,,,A,Asc 04-2,40A,625060019,80,MS.HUỲNH,CFA,"Off Center(1),Dirty Collar Lining(1),Thread Ends(2)",,,,,
11,11/29/2025,TENSAUR SPORT 3.0 CF I,901705040,1,901705040-1,Italy,300,,PASS,,,A,Asc 05-1,23A,624110228,50,MS.NGÂN,CFA,"Dirty Upper(1),Thread Ends(1)",,,,,
11,11/29/2025,TENSAUR SPORT 3.0 CF I,901777952,1,901777952-1,United Kingdom,310,,PASS,,,A,Asc 10-1,22A,624060318,50,MS.NGÂN,CFA,Thread Ends(2),,,,,
11,11/29/2025,TENSAUR SPORT 3.0 CF I,901779026,1,901779026-1,United Kingdom,569,,PASS,,,A,Asc 10-1,22A,624060318,80,MR.THÁI,CFA,"Dirty Collar Lining(2),Wobbling(1),Thread Ends(2),Over Cement(1)",,,,,
11,11/29/2025,TENSAUR COMFORT AC I,901182301,1,901182301-1,Netherlands,563,,PASS,,,A,Asc 06-1,25A,624030105,80,MR.THÁI,CFA,Over Cement(3),,,,,
11,11/29/2025,VL COURT 3.0 K,901463569,1,901463569-1,USA,"3,006",,PASS,,,A,Asc 03-1,11A,622021048,125,MR.NHỨT,CFA,Over Cement(3),,,,,
11,11/29/2025,VL COURT 3.0 K,901716280,1,901716280-1,Netherlands,335,,PASS,,,A,Asc 03-2,7A,625020551,50,MR.THÁI,CFA,"Wrinkle(1),Dirty Upper(1)",,,,,
11,11/29/2025,LIGHTSHIFT 2.0,901480337,1,901480337-1,USA,"3,600",,PASS,3200,P1,A,Asc 01-1,31A,624060331,125,MS.NGÂN,CFA,"Over Cement(3),Thread Ends(1)",,,,,
11,11/29/2025,LIGHTSHIFT 2.0,901480337,1,901480337-1,USA,"3,600",,PASS,400,PC,A,Asc 01-2,4A,624060316,50,MR.NHỨT,CFA,Wrinkle(1),,,,,
11,11/29/2025,VL COURT 3.0 K,901779913,1,901779913-1,Netherlands,504,,PASS,,,A,Asc 05-2,28A,619060201,80,MR.THÁI,CFA,"Off Center Heel(1),Wobbling(1),Over Cement(1),Dirty Upper(2)",,,,,
11,11/29/2025,ADVANTAGE BASE 2.0 CF C,4501118833,2,4501118833-2,South Africa,20,,PASS,,,B,Asc 05-1,6B,621060243,5,MR.THÁI,CFA,No issue,,,,,
11,11/29/2025,Tensaur Sport 2.0 CF K,901663982,1,901663982-1,Saudi Arabia,"2,496",,PASS,,,B,Asc 02-1,R2B,621060393,125,MR.NHỨT,CFA,"Over Cement(1),Dirty O'S(1),Dirty Upper(2)",,,,,
11,11/29/2025,Tensaur Sport 2.0 CF K,901665786,1,901665786-1,Utd.Arab Emir.,"1,910",,PASS,,,B,Asc 05-1,6B,621060243,125,MR.THÁI,CFA,"Poor Attaching(1),Off Center Toe Cap(2),Wobbling(1),Collar Lining Wrinkle(3)",,,,,
11,11/29/2025,Tensaur Sport 2.0 CF K,901772323,1,901772323-1,Colombia,501,,PASS,,,B,Asc 03-1,46B,625100092,80,MS.NGÂN,CFA,Dirty Upper(1),,,,,
11,11/29/2025,Tensaur Sport 2.0 K,901664969,1,901664969-1,Ukraine,360,,PASS,,,B,Asc 02-1,R2B,621060393,50,MR.THÁI,CFA,"Dirty O'S(2),Dirty Upper(1),Off Center Heel(1)",,,,,
11,11/29/2025,Tensaur Sport 2.0 K,901665318,1,901665318-1,Utd.Arab Emir.,160,,PASS,,,B,Asc 02-1,R2B,621060393,32,MS.NGÂN,CFA,Wobbling(2),,,,,
11,11/29/2025,Tensaur Sport 2.0 K,901772621,1,901772621-1,Utd.Arab Emir.,100,,PASS,,,B,Asc 03-1,46B,625100092,20,MS.NGÂN,CFA,No issue,,,,,
11,11/29/2025,Tensaur Sport 2.0 K,901775333,1,901775333-1,Colombia,501,,PASS,,,B,Asc 03-1,46B,625100092,80,MS.HUỲNH,CFA,"Over Primer O'S(1),Over Cement(1)",,,,,
11,11/29/2025,TENSAUR SPORT 3.0  CF K,901166278,1,901166278-1,Utd.Arab Emir.,400,,PASS,,,B,Asc 01-2,42B,625030063,50,MR.THÁI,CFA,"Wobbling(2),Collar Lining Wrinkle(1)",,,,,
11,11/29/2025,TENSAUR SPORT 3.0  CF K,901389886,1,901389886-1,Netherlands,"2,654",,PASS,,,B,Asc 01-2,42B,625030063,125,MS.HUỲNH,CFA,"Collar Lining Wrinkle(2),Dirty Upper(1),Dirty O'S(3)",,,,,
11,11/29/2025,TENSAUR SPORT 3.0  CF K,901391282,1,901391282-1,United Kingdom,885,,PASS,,,B,Asc 03-2,84L,622030320,80,MS.HUỲNH,CFA,"Wobbling(1),Dirty O'S(1),Collar Lining Wrinkle(2)",,,,,
11,11/29/2025,TENSAUR SPORT 3.0  CF K,901389725,1,901389725-1,Netherlands,816,,PASS,,,B,Asc 01-1,38A,622020703,80,MR.THÁI,CFA,"Collar Lining Wrinkle(1),Dirty O'S(2),Thread Ends(3)",,,,,
11,11/29/2025,TENSAUR SPORT 3.0  CF K,901392867,1,901392867-1,United Kingdom,"1,673",,PASS,,,B,Asc 06-1,21B,622020056,125,MS.HUỲNH,CFA,"Thread Ends(3),Over Primer O'S(2)",,,,,
11,11/29/2025,TENSAUR SPORT 3.0  CF K,901394273,1,901394273-1,Netherlands,"5,488",,PASS,3200,P1,B,Asc 04-2,43B,625030363,125,MR.THÁI,CFA,"Thread Ends(2),Wrinkle(3),Dirty Upper(3),Collar Lining Wrinkle(2)",,,,,
11,11/29/2025,TENSAUR SPORT 3.0  CF K,901394273,1,901394273-1,Netherlands,"5,488",,PASS,2288,PC,B,Asc 04-2,43B,625030363,125,MR.THÁI,CFA,"Collar Lining Wrinkle(2),Thread Ends(3),Over Primer O'S(2),Dirty O'S(2)",,,,,
11,11/29/2025,TENSAUR SPORT 3.0  CF K,901564587,1,901564587-1,Netherlands,335,,PASS,,,B,Asc 01-2,42B,625030063,50,MR.NHỨT,CFA,Poor Attaching(1),,,,,
11,11/29/2025,TENSAUR SPORT 3.0  CF K,901775557,1,901775557-1,United Kingdom,391,12,PASS,,,B3,2,12,625030164,50,MR.NHỨT,CFA,Dirty Collar Lining(1),,,,,
11,11/29/2025,TENSAUR SPORT 3.0  CF K,901777920,1,901777920-1,United Kingdom,775,,PASS,,,B,Asc 06-1,21B,622020056,80,MR.THÁI,CFA,"Thread Ends(3),Dirty O'S(2)",,,,,
11,11/29/2025,TENSAUR SPORT 3.0  CF K,901778723,1,901778723-1,Italy,300,,PASS,,,B,Asc 04-2,43B,625030363,50,MR.THÁI,CFA,"Thread Ends(2),Dirty Upper(1)",,,,,
11,11/29/2025,TENSAUR SPORT 3.0  CF K,901778751,1,901778751-1,Malaysia,500,,PASS,,,B,Asc 06-2,26B,623090198,50,MR.THÁI,CFA,Poor Shape(2),,,,,
11,11/29/2025,TENSAUR SPORT 3.0  CF K,901778808,1,901778808-1,United Kingdom,490,,PASS,,,B,Asc 06-2,26B,623090198,50,MS.NGÂN,CFA,Dirty O'S(1),,,,,
11,11/29/2025,TENSAUR SPORT 3.0  CF K,901778966,1,901778966-1,United Kingdom,"1,040",,PASS,,,B,Asc 04-1,9B,621030996,80,MS.NGÂN,CFA,Wobbling(2),,,,,
11,11/29/2025,TENSAUR SPORT 3.0  CF K,4500682480,2,4500682480-2,South Africa,180,,PASS,,,B,Asc 01-2,42B,625030063,32,MS.HUỲNH,CFA,Dirty O'S(1),,,,,
11,11/29/2025,TENSAUR SPORT 3.0  CF K,901167697,1,901167697-1,Utd.Arab Emir.,400,,PASS,,,B,Asc 04-2,43B,625030363,50,MS.HUỲNH,CFA,"Bonding Gap(1),Dirty O'S(1)",,,,,
11,11/29/2025,GALAXY 7 M,901584972,1,901584972-1,Uruguay,270,,PASS,,,C,Asc 11-2,28D,625080255,32,MS.NGÂN,CFA,Dirty Upper(1),,,,,
11,11/29/2025,TENSAUR SPORT 3.0 K,901377951,1,901377951-1,Monaco,200,,PASS,,,C,Asc 01-2,31D,624040282,32,MS.NGÂN,CFA,Bonding Gap(1),,,,,
11,11/29/2025,TENSAUR SPORT 3.0 K,901380152,1,901380152-1,Monaco,500,,PASS,,,C,Asc 02-1,11D,624080127,50,MS.NGÂN,CFA,Dirty Collar Lining(2),,,,,
11,11/29/2025,TENSAUR SPORT 3.0 K,901380214,1,901380214-1,Monaco,500,,PASS,,,C,Asc 02-1,11D,624080127,50,MS.NGÂN,CFA,"Dirty Upper(1),Poor Shape(1)",,,,,
11,11/29/2025,TENSAUR SPORT 3.0 K,901380276,1,901380276-1,Monaco,500,,PASS,,,C,Asc 02-2,4D,625100152,50,MS.NGÂN,CFA,"Dirty Collar Lining(1),Wobbling(1)",,,,,
11,11/29/2025,TENSAUR SPORT 3.0 K,901380340,1,901380340-1,Monaco,500,,PASS,,,C,Asc 02-1,11D,624080127,50,MS.NGÂN,CFA,Wrinkle(1),,,,,
11,11/29/2025,TENSAUR SPORT 3.0 K,901529369,1,901529369-1,Spain,600,,PASS,,,C,Asc 02-2,17B,621120120,80,MR.THÁI,CFA,"Dirty Upper(2),Off Center Heel(2),Thread Ends(3)",,,,,
11,11/29/2025,TENSAUR SPORT 3.0 K,901584652,1,901584652-1,Uruguay,875,,PASS,,,C,Asc 01-1,2D,625080009,80,MS.NGÂN,CFA,Bonding Gap(2),,,,,
11,11/29/2025,TENSAUR SPORT 3.0 K,901584829,1,901584829-1,Uruguay,674,,PASS,,,C,Asc 02-2,4D,625100152,80,MS.NGÂN,CFA,Wobbling(2),,,,,
11,11/29/2025,TENSAUR SPORT 3.0 K,901706371,1,901706371-1,Italy,300,,PASS,,,C,Asc 02-1,11D,624080127,50,MR.THÁI,CFA,Poor Shape(1),,,,,
11,11/29/2025,ADVANTAGE,901772645,1,901772645-1,Japan,"4,068",9,PASS,868,PC,B3,0,9,621040446,80,MR.THÁI,CFA,"Wobbling(2),Dirty O'S(2)",,,,,
11,11/29/2025,ADVANTAGE,901774248,1,901774248-1,Japan,"4,051",5C,PASS,3200,P1,B3,0,5C,621120400,125,MS.NGÂN,CFA,"Wrinkle(2),Dirty O'S(2),Thread Ends(1)",,,,,
11,11/29/2025,ADVANTAGE,901774248,1,901774248-1,Japan,"4,051",15A,PASS,851,PC,B3,4,15A,624050151,80,MR.THÁI,CFA,Dirty Upper(4),,,,,
11,11/29/2025,ADVANTAGE,901774572,1,901774572-1,Japan,"5,179",9,PASS,3200,P1,B3,0,9,621040446,125,MS.NGÂN,CFA,"Bonding Gap(2),Dirty O'S(2)",,,,,
11,11/29/2025,ADVANTAGE,901774572,1,901774572-1,Japan,"5,179",R6D,PASS,1979,PC,B3,0,R6D,619080327,125,MS.NGÂN,CFA,"Dirty O'S(2),Wrinkle(1),Dirty Upper(1)",,,,,
11,11/29/2025,ADVANTAGE,901826726,1,901826726-1,USA,"1,983",,PASS,,,D,Asc 05-1,18D,625030163,125,MS.HUỲNH,CFA,"Bonding Gap(1),Dirty Upper(2),Dirty O'S(2)",,,,,
11,11/29/2025,TENSAUR SPORT 3.0  CF K,901775557,1,901775557-1,United Kingdom,391,,FAIL,,,B,Asc 02-1,R2B,621060393,50,MS.NGÂN,CFA,Collar Lining Wrinkle(12),OFFICIAL,,,,
