MONTH,DATE,MODEL,PO NO 1.,Item,PO NO 2.,DEST,QTY,REPACKING ,RESULT,PARTIAL Q'TY,"PARTIAL
NO",BUILDING,LINE,TQC NUM,EMPLOYEE NO,QTY INSPECTION,OFFICIAL INSPECTOR,INSPECTOR TYPE,DESCRIPTION,REMARKS,INTERNAL INSPECTOR,Stitching issue,Wrong Packing issue(prs),NOTE
1,1/2/2026,VL COURT 3.0 K,901797729,1,901797729-1,USA,"5,000",,PASS,3200,P1,A,Asc 03-2,8A,624020086,125,MR.THÁI,CFA,"Dirty Collar Lining(2),Dirty Upper(2),Over Cement(2)",,,,,
1,1/2/2026,VL COURT 3.0 K,901710695,1,901710695-1,USA,"4,800",,PASS,3200,P1,A,Asc 04-2,40A,625060019,125,MR.NHỨT,CFA,"Thread Ends(2),Off Center(2),Dirty Upper(1)",,,,,
1,1/2/2026,VL COURT 3.0 K,901868557,1,901868557-1,Netherlands,530,,PASS,,,A,Asc 04-1,18A,623100210,80,MS.HUỲNH,CFA,"Dirty Upper(2),Bonding Gap(1),Over Primer O'S(2)",,,,,
1,1/2/2026,ASPYRE,901985727,1,901985727-1,Spain,549,,PASS,,,A,Asc 11-2,22A,624060318,80,MR.THÁI,CFA,Dirty Upper(3),,,,,
1,1/2/2026,TENSAUR SPORT 3.0 CF I,901727598,1,901727598-1,Italy,825,,PASS,,,A,Asc 08-2,14A,622030023,80,MS.NGÂN,CFA,"Dirty Upper(2),Dirty Collar Lining(2)",,,,,
1,1/2/2026,TENSAUR SPORT 3.0 CF I,901907242,1,901907242-1,Netherlands,"1,463",,PASS,,,A,Asc 05-1,23A,624110228,125,MS.NGÂN,CFA,"Dirty Collar Lining(3)Dirty Upper(2),Left/Right Quarter Mismatch(1)",,,,,
1,1/2/2026,TENSAUR SPORT 3.0 CF I,901987227,1,901987227-1,Netherlands,302,,PASS,,,A,Asc 10-1,16A,624100316,50,MR.THÁI,CFA,"Dirty Upper(1),Wobbling(1)",,,,,
1,1/2/2026,TENSAUR SPORT 3.0 CF I,901777956,1,901777956-1,United Kingdom,369,,PASS,,,A,Asc 11-1,9A,622080458,50,MS.NGÂN,CFA,Over Primer O'S(2),,,,,
1,1/2/2026,TENSAUR SPORT 3.0 CF I,901846318,1,901846318-1,Brazil,500,,PASS,,,A,Asc 10-1,16A,624100316,50,MS.NGÂN,CFA,"Dirty Collar Lining(1),Bonding Gap(1),Dirty M'S(1)",,,,,
1,1/2/2026,TENSAUR SPORT 3.0 CF I,901988135,1,901988135-1,Italy,490,,PASS,,,A,Asc 10-1,16A,624100316,50,MR.THÁI,CFA,Dirty Collar Lining(2),,,,,
1,1/2/2026,TENSAUR SPORT 3.0 K,901842999,1,901842999-1,Mexico,846,,PASS,,,A,Asc 07-2,12A,622021407,80,MS.HUỲNH,CFA,Over Primer O'S(3),,,,,
1,1/2/2026,TENSAUR SPORT 3.0 K,901849536,1,901849536-1,Argentina,192,,PASS,,,A,Asc 05-1,23A,624110228,32,MR.THÁI,CFA,Off Center(1),,,,,
1,1/2/2026,TENSAUR SPORT 3.0 K,901883440,1,901883440-1,United Kingdom,505,,PASS,,,A,Asc 05-1,23A,624110228,80,MS.NGÂN,CFA,"Dirty O'S(2),Thread Ends(2)",,,,,
1,1/2/2026,TENSAUR SPORT 3.0 K,901907999,1,901907999-1,Netherlands,313,,PASS,,,A,Asc 08-2,45A,625110021,50,MRS.VY,CFA,"Poor Shape(1),Over Cement(1)",,,,,
1,1/2/2026,TENSAUR SPORT 3.0 K,901909700,1,901909700-1,Netherlands,"1,065",,PASS,,,A,Asc 09-2,43A,625100258,80,MR.THÁI,CFA,"Dirty Collar Lining(2),Over Cement(2)",,,,,
1,1/2/2026,TENSAUR SPORT 3.0 K,901994233,1,901994233-1,Italy,375,,PASS,,,A,Asc 09-2,43A,625100258,50,MS.HUỲNH,CFA,"Poor Attaching(1),Dirty O'S(1)",,,,,
1,1/2/2026,TENSAUR SPORT 3.0 K,902026505,1,902026505-1,Monaco,300,,PASS,,,A,Asc 07-1,20A,623110220,50,MS.HUỲNH,CFA,Dirty Upper(2),,,,,
1,1/2/2026,TENSAUR SPORT 3.0 K,902026510,1,902026510-1,Monaco,300,,PASS,,,A,Asc 07-1,20A,623110220,50,MS.NGÂN,CFA,"Dirty Upper(1),Bonding Gap(1)",,,,,
1,1/2/2026,LIGHTSHIFT 2.0,901161209,1,901161209-1,Utd.Arab Emir.,153,12,PASS,,,B3,2,12,625030164,32,MS.HUỲNH,CFA,Over Cement(1),,,,,
1,1/2/2026,LIGHTSHIFT 2.0,901493690,1,901493690-1,Netherlands,371,,PASS,,,A,Asc 01-2,4A,624060316,50,MS.NGÂN,CFA,"Dirty O'S(1),Off Center(1)",,,,,
1,1/2/2026,LIGHTSHIFT 2.0,901905338,1,901905338-1,Peru,108,15D,PASS,,,B3,3,15D,622020913,20,MR.NHỨT,CFA,No issue,,,,,
1,1/2/2026,VL COURT 3.0 K,901857085,1,901857085-1,Netherlands,320,,PASS,,,A,Asc 05-2,44A,625110020,50,MR.THÁI,CFA,"Wobbling(1),Over Cement(1)",,,,,
1,1/2/2026,VL COURT 3.0 K,901859705,1,901859705-1,Italy,400,,PASS,,,A,Asc 04-2,40A,625060019,50,MS.HUỲNH,CFA,"Bonding Gap(1),Over Cement(1)",,,,,
1,1/2/2026,Tensaur Sport 2.0 CF K,901840166,1,901840166-1,Netherlands,797,,PASS,,,B,Asc 02-2,25B,621100361,80,MR.THÁI,CFA,"Wobbling(2),Over Cement(2)",,,,,
1,1/2/2026,Tensaur Sport 2.0 CF K,901905158,1,901905158-1,United Kingdom,961,,PASS,,,B,Asc 02-2,25B,621100361,80,MRS.VY,CFA,Wobbling(2),,,,,
1,1/2/2026,Tensaur Sport 2.0 K,901906671,1,901906671-1,United Kingdom,719,,PASS,,,B,Asc 03-1,46B,625100092,80,MS.NGÂN,CFA,"Dirty O'S(2),Dirty Collar Lining(2)",,,,,
1,1/2/2026,TENSAUR SPORT 3.0  CF K,901485878,1,901485878-1,Israel,"1,406",18B,PASS,,,B3,0,18B,620030032,125,MRS.VY,CFA,"Bonding Gap(2),Dirty Upper(1)",,,,,
1,1/2/2026,TENSAUR SPORT 3.0  CF K,901905072,1,901905072-1,Netherlands,251,,PASS,,,B,Asc 04-2,43B,625030363,32,MR.THÁI,CFA,Dirty O'S(2),,,,,
1,1/2/2026,TENSAUR SPORT 3.0  CF K,901911680,1,901911680-1,Netherlands,"1,633",,PASS,,,B,Asc 01-1,38A,622020703,125,MS.HUỲNH,CFA,"Wobbling(3),Collar Lining Wrinkle(2)",,,,,
1,1/2/2026,TENSAUR SPORT 3.0  CF K,901903872,1,901903872-1,Netherlands,121,,PASS,,,B,Asc 04-2,43B,625030363,20,MR.THÁI,CFA,Off Center Heel(1),,,,,
1,1/2/2026,TENSAUR SPORT 3.0  CF K,901907968,1,901907968-1,Netherlands,853,,PASS,,,B,Asc 02-1,33B,624050450,80,MR.THÁI,CFA,"Wobbling(2),Dirty Upper(2)",,,,,
1,1/2/2026,TENSAUR SPORT 3.0  CF K,901910132,1,901910132-1,Netherlands,"3,435",,PASS,235,PC,B,Asc 04-1,9B,621030996,32,MRS.VY,CFA,No issue,,,,,
1,1/2/2026,TENSAUR SPORT 3.0  CF K,901911183,1,901911183-1,United Kingdom,"1,000",,PASS,,,B,Asc 03-2,84L,622030320,80,MRS.VY,CFA,"Wobbling(2),Over Cement(1),Dirty Collar Lining(1)",,,,,
1,1/2/2026,TENSAUR SPORT 3.0  CF K,901987288,1,901987288-1,Netherlands,312,,PASS,,,B,Asc 04-2,43B,625030363,50,MS.NGÂN,CFA,"Wobbling(1),Bonding Gap(1)",,,,,
1,1/2/2026,TENSAUR SPORT 3.0  CF K,902010830,1,902010830-1,United Kingdom,300,,PASS,,,B,Asc 01-2,42B,625030063,50,MR.NHỨT,CFA,Dirty Collar Lining(1),,,,,
1,1/2/2026,TENSAUR SPORT 3.0  CF K,902026395,1,902026395-1,Italy,475,,PASS,,,B,Asc 03-2,84L,622030320,50,MR.THÁI,CFA,"Wobbling(1),Over Primer O'S(1)",,,,,
1,1/2/2026,TENSAUR SPORT 3.0  CF K,901988695,1,901988695-1,Italy,300,,PASS,,,B,Asc 06-2,26B,623090198,50,MRS.VY,CFA,Wobbling(2),,,,,
1,1/2/2026,TENSAUR SPORT 3.0  CF K,901988857,1,901988857-1,Italy,"1,272",,PASS,,,B,Asc 06-2,26B,623090198,125,MR.THÁI,CFA,"Dirty Collar Lining(2),Wrinkle(2),Dirty O'S(2)",,,,,
1,1/2/2026,TENSAUR SPORT 3.0  CF K,901988943,1,901988943-1,Italy,440,,PASS,,,B,Asc 01-1,38A,622020703,50,MR.NHỨT,CFA,Dirty Collar Lining(2),,,,,
1,1/2/2026,TENSAUR SPORT 3.0  CF K,902003271,1,902003271-1,Netherlands,383,,PASS,,,B,Asc 01-2,42B,625030063,50,MS.NGÂN,CFA,Over Cement(2),,,,,
1,1/2/2026,TENSAUR SPORT 3.0  CF K,902003320,1,902003320-1,Netherlands,469,,PASS,,,B,Asc 04-1,9B,621030996,50,MR.NHỨT,CFA,"Dirty Collar Lining(1),Wobbling(1)",,,,,
1,1/2/2026,GALAXY 7 M,901586780,1,901586780-1,Panama,538,,PASS,,,C,Asc 08-1,21D,623030007,80,MS.NGÂN,CFA,"Dirty O'S(2),Poor Attaching(2),Over Cement(1)",,,,,
1,1/2/2026,GALAXY 7 M,901780716,1,901780716-1,Netherlands,997,,PASS,,,C,Asc 11-1,11,623120136,80,MS.HUỲNH,CFA,"Dirty M'S(1),Collar Lining Wrinkle(1),Dirty Upper(1)",,,,,
1,1/2/2026,GALAXY 7 M,901854583,1,901854583-1,Netherlands,310,,PASS,,,C,Asc 08-1,21D,623030007,50,MS.HUỲNH,CFA,"Wrinkle(1),Over Cement(1)",,,,,
1,1/2/2026,GALAXY 7 M,901855742,1,901855742-1,Netherlands,636,,PASS,,,C,Asc 05-2,10D,624040283,80,MS.NGÂN,CFA,"Over Cement(1),Wrinkle(1),Dirty O'S(1),Wobbling(1)",,,,,
1,1/2/2026,GALAXY 7 W,901270069,1,901270069-1,United Kingdom,689,,PASS,,,C,Asc 06-2,17D,624060040,80,MRS.VY,CFA,Wobbling(2),,,,,
1,1/2/2026,GRAND COURT 2.0,901900545,1,901900545-1,Italy,"2,901",,PASS,,,C,Asc 05-1,1D,622050542,125,MS.NGÂN,CFA,"Dirty O'S(2),Collar Lining Wrinkle(2),Bonding Gap(1),Wobbling(2)",,,,,
1,1/2/2026,TENSAUR SPORT 3.0 K,901780763,1,901780763-1,Netherlands,380,,PASS,,,C,Asc 03-1,8C,624070252,50,MRS.VY,CFA,Dirty Upper(1),,,,,
1,1/2/2026,URBAN COURT,901805876,1,901805876-1,Netherlands,"5,196",,PASS,1996,PC,C,Asc 03-2,20D,624080083,125,MR.THÁI,CFA,"Bonding Gap(2),Dirty O'S(2),Dirty Upper(2)",,,,,
1,1/2/2026,URBAN COURT,901806121,1,901806121-1,Netherlands,"6,960",,PASS,3200,P2,C,Asc 01-2,31D,624040282,125,MS.HUỲNH,CFA,"Bonding Gap(2),Dirty Upper(2),Dirty Collar Lining(2)",,,,,
1,1/2/2026,URBAN COURT,901838954,1,901838954-1,Netherlands,729,,PASS,,,C,Asc 03-1,8C,624070252,80,MS.HUỲNH,CFA,"Dirty Upper(2),Dirty O'S(2)",,,,,
1,1/2/2026,URBAN COURT,901841244,1,901841244-1,Philippines,129,,PASS,,,C,Asc 04-1,33D,624070020,20,MS.NGÂN,CFA,Dirty O'S(1),,,,,
1,1/2/2026,ADVANTAGE 2.0,901373411,1,901373411-1,Italy,350,,PASS,,,D,Asc 08-1,1C,623090139,50,MRS.VY,CFA,"Dirty Upper(1),Dirty O'S(1)",,,,,
1,1/2/2026,GRAND COURT 3.0,901781667,1,901781667-1,Netherlands,330,,PASS,,,D,Asc 04-1,33C,625030360,50,MRS.VY,CFA,"Bonding Gap(1),Dirty O'S(1)",,,,,
1,1/2/2026,TENSAUR SPORT 3.0 K,901846544,1,901846544-1,Brazil,559,,FAIL,,,C,Asc 02-1,11D,624080127,80,MRS.VY,CFA,"Bonding Gap(14),Off Center Heel(5)",OFFICIAL,,,,
1,1/3/2026,Tensaur Sport 2.0 CF I,901899162,1,901899162-1,United Kingdom,601,,PASS,,,A,Asc 10-2,42A,625100252,80,MS.HUỲNH,CFA,Wobbling(3),,,,,
1,1/3/2026,Tensaur Sport 2.0 CF I,901900441,1,901900441-1,Italy,"2,899",,PASS,,,A,Asc 10-2,42A,625100252,125,MR.NHỨT,CFA,"Dirty O'S(2),Wobbling(2),Wrinkle(1)",,,,,
1,1/3/2026,VL COURT 3.0 K,901868616,1,901868616-1,Netherlands,498,,PASS,,,A,Asc 02-2,7A,625020551,50,MR.NHỨT,CFA,"Wrinkle(1),Wobbling(1)",,,,,
1,1/3/2026,TENSAUR SPORT 3.0 CF I,901908219,1,901908219-1,United Kingdom,330,,PASS,,,A,Asc 10-1,45A,625110021,50,MS.NGÂN,CFA,"Wobbling(1),Dirty Collar Lining(1)",,,,,
1,1/3/2026,TENSAUR COMFORT AC I,901857162,1,901857162-1,Netherlands,428,,PASS,,,A,Asc 06-1,25A,624030105,50,MR.THÁI,CFA,Over Cement(2),,,,,
1,1/3/2026,TENSAUR SPORT 3.0 K,901908432,1,901908432-1,United Kingdom,355,,PASS,,,A,Asc 07-1,20A,623110220,50,MS.HUỲNH,CFA,Dirty O'S(2),,,,,
1,1/3/2026,TENSAUR SPORT 3.0 K,901983632,1,901983632-1,Italy,370,,PASS,,,A,Asc 07-2,12A,622021407,50,MR.THÁI,CFA,Over Primer O'S(2),,,,,
1,1/3/2026,TENSAUR SPORT 3.0 K,901984216,1,901984216-1,Italy,435,,PASS,,,A,Asc 08-2,45A,625110021,50,MS.HUỲNH,CFA,Bonding Gap(2),,,,,
1,1/3/2026,LIGHTSHIFT 2.0,901665744,1,901665744-1,Peru,124,15A,PASS,,,B3,4,15A,624050151,20,MR.THÁI,CFA,Over Cement(1),,,,,
1,1/3/2026,LIGHTSHIFT 2.0,901721849,1,901721849-1,Philippines,101,,PASS,,,A,Asc 01-2,4A,624060316,20,MR.NHỨT,CFA,Off Center(1),,,,,
1,1/3/2026,LIGHTSHIFT 2.0,901727303,1,901727303-1,Thailand,177,,PASS,,,A,Asc 01-1,30A,624070060,32,MS.HUỲNH,CFA,Dirty M'S(1),,,,,
1,1/3/2026,LIGHTSHIFT 2.0,901727633,1,901727633-1,Philippines,150,,PASS,,,A,Asc 02-1,30A,624070060,20,MS.NGÂN,CFA,Dirty M'S(1),,,,,
1,1/3/2026,LIGHTSHIFT 2.0,901843592,1,901843592-1,Brazil,218,,PASS,,,A,Asc 01-2,4A,624060316,32,MR.THÁI,CFA,Dirty Collar Lining(1),,,,,
1,1/3/2026,LIGHTSHIFT 2.0,901856216,1,901856216-1,Brazil,177,,PASS,,,A,Asc 02-1,30A,624070060,32,MS.NGÂN,CFA,Over Cement(1),,,,,
1,1/3/2026,LIGHTSHIFT 2.0,901905239,1,901905239-1,Peru,110,15D,PASS,,,B3,3,15D,622020913,20,MS.HUỲNH,CFA,Dirty M'S(1),,,,,
1,1/3/2026,ADVANTAGE K,901899485,1,901899485-1,Italy,"4,060",,PASS,3200,P1,B,Asc 05-1,6B,621060243,125,MS.NGÂN,CFA,"Dirty Upper(2),Dirty O'S(2),Collar Lining Wrinkle(2),Bonding Gap(2)",,,,,
1,1/3/2026,TENSAUR SPORT 3.0  CF K,901961911,1,901961911-1,Utd.Arab Emir.,586,,PASS,,,B,Asc 03-2,84L,622030320,80,MS.NGÂN,CFA,"Poor Attaching(1),Collar Lining Wrinkle(1),Dirty O'S(2)",,,,,
1,1/3/2026,TENSAUR SPORT 3.0  CF K,901723320,1,901723320-1,Netherlands,343,,PASS,,,B,Asc 01-1,38A,622020703,50,MS.NGÂN,CFA,Collar Lining Wrinkle(2),,,,,
1,1/3/2026,TENSAUR SPORT 3.0  CF K,901987957,1,901987957-1,Italy,502,,PASS,,,B,Asc 06-2,26B,623090198,80,MS.NGÂN,CFA,"Poor Painting OutSole(1),Collar Lining Wrinkle(2)",,,,,
1,1/3/2026,TENSAUR SPORT 3.0  CF K,901985862,1,901985862-1,United Kingdom,309,,PASS,,,B,Asc 01-1,38A,622020703,50,MS.HUỲNH,CFA,"Over Primer O'S(1),Dirty Upper(2)",,,,,
1,1/3/2026,GALAXY 7 M,901577928,1,901577928-1,Panama,493,,PASS,,,C,Asc 10-1,13D,624100308,50,MRS.VY,CFA,Bonding Gap(1),,,,,
1,1/3/2026,GALAXY 7 M,901580348,1,901580348-1,South Korea,517,,PASS,,,C,Asc 06-1,19D,625080253,80,MRS.VY,CFA,"Off Center(1),Dirty Collar Lining(1)",,,,,
1,1/3/2026,GALAXY 7 M,901732555,1,901732555-1,Italy,"1,630",,PASS,,,C,Asc 06-2,17D,624060040,125,MRS.VY,CFA,"Off Center(2),Dirty O'S(2)",,,,,
1,1/3/2026,GALAXY 7 M,901775290,1,901775290-1,Spain,"2,510",,PASS,,,C,Asc 10-1,3D,622080106,125,MR.THÁI,CFA,"Dirty O'S(2),Over Cement(3)",,,,,
1,1/3/2026,GALAXY 7 M,901775370,1,901775370-1,Netherlands,"4,800",,PASS,3200,P1,C,Asc 10-2,16,621070084,125,MR.NHỨT,CFA,"Over Cement(1),Wobbling(2),Wrinkle(2),Dirty O'S(2)",,,,,
1,1/3/2026,GALAXY 7 M,901775370,1,901775370-1,Netherlands,"4,800",,PASS,1600,PC,C,Asc 10-2,16,621070084,125,MR.THÁI,CFA,"Over Cement(2),Dirty O'S(2),Collar Lining Wrinkle(2)",,,,,
1,1/3/2026,GALAXY 7 M,901776148,1,901776148-1,Mexico,"1,566",,PASS,,,C,Asc 10-2,16,621070084,125,MS.HUỲNH,CFA,"Over Cement(2),Wrinkle(2),Dirty M'S(2)",,,,,
1,1/3/2026,GALAXY 7 M,901779428,1,901779428-1,Spain,"1,032",,PASS,,,C,Asc 10-2,16,621070084,80,MR.THÁI,CFA,"Over Cement(2),Dirty O'S(2)",,,,,
1,1/3/2026,GALAXY 7 M,901803685,1,901803685-1,Italy,"2,110",,PASS,,,C,Asc 08-1,21D,623030007,125,MRS.VY,CFA,"Wrinkle(3),Over Primer O'S(1)",,,,,
1,1/3/2026,GALAXY 7 M,901852692,1,901852692-1,Netherlands,600,,PASS,,,C,Asc 11-1,11,623120136,80,MS.HUỲNH,CFA,"Wobbling(1),Poor Attaching(1),Dirty Upper(1)",,,,,
1,1/3/2026,GALAXY 7 W,901155347,1,901155347-1,USA,617,,PASS,,,C,Asc 06-2,17D,624060040,80,MR.THÁI,CFA,Dirty M'S(3),,,,,
1,1/3/2026,GALAXY 7 W,901779225,1,901779225-1,Netherlands,300,,PASS,,,C,Asc 10-1,13D,624100308,50,MRS.LY,MANAGER,No issue,,CFA(NHỨT)AQL->TOP MANAGER(MRS.LY),,,
1,1/3/2026,GALAXY 7 W,901254878,1,901254878-1,Peru,480,,PASS,,,C,Asc 08-2,8D,624080430,50,MS.HUỲNH,CFA,"Over Cement(2),Over Primer O'S(1)",,,,,
1,1/3/2026,GALAXY 7 W,901426056,1,901426056-1,Utd.Arab Emir.,105,,PASS,,,C,Asc 08-2,8D,624080430,20,MS.NGÂN,CFA,Over Cement(1),,,,,
1,1/3/2026,GALAXY 7 W,901714802,1,901714802-1,New Zealand,429,,PASS,,,C,Asc 08-1,21D,623030007,50,MRS.VY,CFA,Over Cement(2),,,,,
1,1/3/2026,GALAXY 7 W,901775009,1,901775009-1,Netherlands,391,,PASS,,,C,Asc 08-2,8D,624080430,50,MRS.VY,CFA,"Wrinkle(1),Wobbling(1)",,,,,
1,1/3/2026,GALAXY 7 W,901776865,1,901776865-1,Netherlands,301,,PASS,,,C,Asc 07-1,25D,622070156,50,MS.HUỲNH,CFA,Dirty O'S(2),,,,,
1,1/3/2026,TENSAUR SPORT 3.0 K,901288059,1,901288059-1,Netherlands,360,,PASS,,,C,Asc 02-1,11D,624080127,50,MRS.LY,MANAGER,No issue,,CFA(NHỨT)AQL->TOP MANAGER(MRS.LY),,,
1,1/3/2026,TENSAUR SPORT 3.0 K,901772932,1,901772932-1,Italy,317,,PASS,,,C,Asc 03-1,8C,624070252,50,MR.THÁI,CFA,Over Cement(2),,,,,
1,1/3/2026,TENSAUR SPORT 3.0 K,901780777,1,901780777-1,Netherlands,340,,PASS,,,C,Asc 03-1,8C,624070252,50,MRS.LY,MANAGER,No issue,,CFA(NHỨT)AQL->TOP MANAGER(MRS.LY),,,
1,1/3/2026,URBAN COURT,901339939,1,901339939-1,Italy,590,,PASS,,,C,Asc 03-2,20D,624080083,80,MRS.VY,CFA,"Dirty Collar Lining(1),Wrinkle(1)",,,,,
1,1/3/2026,URBAN COURT,901709033,1,901709033-1,Philippines,121,,PASS,,,C,Asc 03-2,20D,624080083,20,MRS.LY,MANAGER,No issue,,CFA(VY)AQL->TOP MANAGER(MRS.LY),,,
1,1/3/2026,URBAN COURT,901806121,1,901806121-1,Netherlands,"6,960",,PASS,560,PC,C,Asc 04-2,27D,623090194,80,MR.THÁI,CFA,"Bonding Gap(2),Dirty O'S(2)",,,,,
1,1/3/2026,VS PACE 2.0,901851988,1,901851988-1,Netherlands,681,,PASS,,,D,Asc 01-2,37C,625080102,80,MR.THÁI,CFA,Dirty O'S(3),,,,,
1,1/3/2026,GRAND COURT 3.0,901835507,1,901835507-1,Italy,300,,PASS,,,D,Asc 01-1,39C,625090192,50,MS.HUỲNH,CFA,Dirty Shoelace(1),,,,,
1,1/3/2026,GRAND COURT 3.0,901835643,1,901835643-1,Italy,317,,PASS,,,D,Asc 03-1,R6D,619080327,50,MS.HUỲNH,CFA,"Dirty Collar Lining(1),Thread Ends(1)",,,,,
1,1/3/2026,GRAND COURT 3.0,901840575,1,901840575-1,Netherlands,322,,PASS,,,D,Asc 01-1,39C,625090192,50,MRS.LY,MANAGER,No issue,,CFA(NHỨT)AQL->TOP MANAGER(MRS.LY),,,
1,1/3/2026,VS PACE 2.0,901804566,1,901804566-1,Netherlands,720,,PASS,,,D,Asc 10-1,4C,624020153,80,MRS.VY,CFA,Wrinkle(2),,,,,
1,1/3/2026,VS PACE 2.0,901868491,1,901868491-1,Netherlands,380,,PASS,,,D,Asc 02-2,35C,625050156,50,MRS.VY,CFA,Dirty Upper(1),,,,,
1,1/3/2026,VS PACE 2.0,901909768,1,901909768-1,Netherlands,"1,600",,PASS,,,D,Asc 03-2,34C,625020591,125,MS.HUỲNH,CFA,"Dirty O'S(2),Dirty Collar Lining(2),Over Cement(2)",,,,,
1,1/3/2026,VS PACE 2.0,901910462,1,901910462-1,Netherlands,308,,PASS,,,D,Asc 11-1,38C,625090293,50,MR.NHỨT,CFA,"Thread Ends(1),Dirty Upper(1)",,,,,
1,1/3/2026,VS PACE 2.0,901910589,1,901910589-1,Netherlands,300,,PASS,,,D,Asc 03-2,34C,625020591,50,MRS.LY,MANAGER,No issue,,CFA(VY)AQL->TOP MANAGER(MRS.LY),,,
1,1/3/2026,VS PACE 2.0,4500810313,1,4500810313-1,South Africa,"1,096",,PASS,,,D,Asc 03-2,34C,625020591,80,MRS.VY,CFA,Dirty Collar Lining(2),,,,,
1,1/5/2026,VL COURT 3.0 K,901523972,1,901523972-1,Netherlands,525,,PASS,,,A,Asc 02-2,30A,624070060,80,MR.THÁI,CFA,"Off Center Heel(2),Poor Shape(2)",,,,,
1,1/5/2026,VL COURT 3.0 K,901710695,1,901710695-1,USA,"4,800",,PASS,1600,PC,A,Asc 04-1,18A,623100210,125,MS.HUỲNH,CFA,"Thread Ends(2),Over Cement(3),Dirty Upper(2)",,,,,
1,1/5/2026,VL COURT 3.0 K,901900809,1,901900809-1,United Kingdom,960,,PASS,,,A,Asc 05-2,44A,625110020,80,MS.NGÂN,CFA,"Bonding Gap(2),Wobbling(1),Dirty Upper(1)",,,,,
1,1/5/2026,VL COURT 3.0 K,901901197,1,901901197-1,Italy,"4,638",,PASS,3200,P1,A,Asc 02-2,7A,625020551,125,MS.HUỲNH,CFA,"Off Center(2),Thread Ends(2),Dirty O'S(2)",,,,,
1,1/5/2026,TENSAUR SPORT 3.0 CF I,901806321,1,901806321-1,United Kingdom,"1,610",,PASS,,,A,Asc 05-1,23A,624110228,125,MR.NHỨT,CFA,"Broken Stitching(1),Over Primer O'S(2)",,,,,
1,1/5/2026,TENSAUR SPORT 3.0 CF I,901806335,1,901806335-1,United Kingdom,790,,PASS,,,A,Asc 10-2,42A,625100252,80,MR.THÁI,CFA,"Wrinkle(2),Over Cement(1),Wobbling(1)",,,,,
1,1/5/2026,TENSAUR SPORT 3.0 CF I,901846320,1,901846320-1,United Kingdom,410,,PASS,,,A,Asc 10-1,16A,624100316,50,MS.NGÂN,CFA,"Wobbling(1),Bonding Gap(1)",,,,,
1,1/5/2026,TENSAUR SPORT 3.0 CF I,901858369,1,901858369-1,Italy,330,,PASS,,,A,Asc 10-1,16A,624100316,50,MS.NGÂN,CFA,"Wobbling(2),Collar Lining Wrinkle(2)",,,,,
1,1/5/2026,TENSAUR SPORT 3.0 CF I,901910304,1,901910304-1,Netherlands,300,,PASS,,,A,Asc 10-2,42A,625100252,50,MRS.VY,CFA,"Wobbling(1),Dirty Collar Lining(1)",,,,,
1,1/5/2026,Tensaur Run 3.0 EL I,901594960,1,901594960-1,Thailand,126,,PASS,,,A,Asc 06-1,25A,624030105,20,MR.THÁI,CFA,Left/Right Component Mismatch(1),,,,,
1,1/5/2026,TENSAUR SPORT 3.0 K,901892990,1,901892990-1,Utd.Arab Emir.,102,,PASS,,,A,Asc 07-2,12A,622021407,20,MRS.VY,CFA,No issue,,,,,
1,1/5/2026,TENSAUR SPORT 3.0 K,901906071,1,901906071-1,Italy,"1,255",,PASS,,,A,Asc 05-1,23A,624110228,125,MS.NGÂN,CFA,"Bonding Gap(2),Dirty O'S(2),Uneven Collar Top Line(2)",,,,,
1,1/5/2026,TENSAUR SPORT 3.0 K,901907832,1,901907832-1,Italy,365,,PASS,,,A,Asc 07-1,20A,623110220,50,MR.THÁI,CFA,"Dirty O'S(1),Dirty Collar Lining(1)",,,,,
1,1/5/2026,TENSAUR SPORT 3.0 K,901911376,1,901911376-1,Italy,375,,PASS,,,A,Asc 08-2,45A,625110021,50,MS.NGÂN,CFA,"Dirty O'S(1),Thread Ends(2)",,,,,
1,1/5/2026,TENSAUR SPORT 3.0 K,901985938,1,901985938-1,United Kingdom,317,,PASS,,,A,Asc 07-2,12A,622021407,50,MR.NHỨT,CFA,"Over Cement(1),Thread Ends(1)",,,,,
1,1/5/2026,TENSAUR SPORT 3.0 K,901999510,1,901999510-1,Netherlands,304,,PASS,,,A,Asc 07-2,12A,622021407,50,MR.THÁI,CFA,Over Primer O'S(2),,,,,
1,1/5/2026,LIGHTSHIFT 2.0,901721951,1,901721951-1,Philippines,234,,PASS,,,A,Asc 01-1,30A,624070060,32,MRS.VY,CFA,"Over Primer O'S(1),Dirty M'S(1)",,,,,
1,1/5/2026,LIGHTSHIFT 2.0,901723171,1,901723171-1,Philippines,100,,PASS,,,A,Asc 02-1,30A,624070060,20,MR.NHỨT,CFA,No issue,,,,,
1,1/5/2026,LIGHTSHIFT 2.0,901725952,1,901725952-1,Thailand,737,,PASS,,,A,Asc 01-2,4A,624060316,80,MR.NHỨT,CFA,"Wrinkle(1),Dirty M'S(1)",,,,,
1,1/5/2026,LIGHTSHIFT 2.0,901726134,1,901726134-1,Thailand,200,,PASS,,,A,Asc 02-1,30A,624070060,32,MS.NGÂN,CFA,Dirty M'S(2),,,,,
1,1/5/2026,LIGHTSHIFT 2.0,901727211,1,901727211-1,Thailand,237,,PASS,,,A,Asc 02-1,30A,624070060,32,MS.NGÂN,CFA,"Dirty Upper(1),Bonding Gap(1)",,,,,
1,1/5/2026,LIGHTSHIFT 2.0,901905426,1,901905426-1,Peru,498,15D,PASS,,,B3,3,15D,622020913,50,MRS.VY,CFA,"Dirty M'S(1),Over Cement(1)",,,,,
1,1/5/2026,Tensaur Sport 2.0 K,901900981,1,901900981-1,Italy,"3,479",,PASS,279,PC,B,Asc 03-1,46B,625100092,32,MS.HUỲNH,CFA,"Dirty O'S(1),Off Center(1)",,,,,
1,1/5/2026,Tensaur Sport 2.0 K,901907733,1,901907733-1,Netherlands,"1,800",,PASS,,,B,Asc 02-1,33B,624050450,125,MR.NHỨT,CFA,"Bonding Gap(2),Dirty Upper(2),Broken Stitching(1)",,,,,
1,1/5/2026,TENSAUR SPORT 3.0  CF K,901906139,1,901906139-1,Netherlands,300,,PASS,,,B,Asc 04-2,43B,625030363,50,MR.NHỨT,CFA,"Needle Hole(1),Wrinkle(1),Wobbling(1)",,,,,
1,1/5/2026,TENSAUR SPORT 3.0  CF K,901908562,1,901908562-1,Italy,390,,PASS,,,B,Asc 06-2,26B,623090198,50,MR.NHỨT,CFA,Collar Lining Wrinkle(2),,,,,
1,1/5/2026,TENSAUR SPORT 3.0  CF K,901968087,1,901968087-1,Saudi Arabia,"1,500",,PASS,,,B,Asc 01-2,42B,625030063,125,MR.THÁI,CFA,"Collar Lining Wrinkle(2),Dirty Upper(2),Bonding Gap(1),Wobbling(1)",,,,,
1,1/5/2026,TENSAUR SPORT 3.0  CF K,901983200,1,901983200-1,United Kingdom,510,,PASS,,,B,Asc 02-1,33B,624050450,80,MS.NGÂN,CFA,"Off Center(1),Over Primer O'S(1),Dirty O'S(2)",,,,,
1,1/5/2026,TENSAUR SPORT 3.0  CF K,902037574,1,902037574-1,Netherlands,826,,PASS,,,B,Asc 06-1,21B,622020056,80,MS.NGÂN,CFA,"Over Cement(2),Thread Ends(2)",,,,,
1,1/5/2026,TENSAUR SPORT 3.0  CF K,901988309,1,901988309-1,Netherlands,332,,PASS,,,B,Asc 01-1,38A,622020703,50,MRS.VY,CFA,"Bonding Gap(1),Thread Ends(1)",,,,,
1,1/5/2026,GALAXY 7 M,901835154,1,901835154-1,Italy,600,,PASS,,,C,Asc 06-2,17D,624060040,80,MR.THÁI,CFA,"Thread Ends(2),Dirty Upper(2),Over Cement(2)",,,,,
1,1/5/2026,GALAXY 7 M,901837767,1,901837767-1,Italy,783,,PASS,,,C,Asc 06-2,17D,624060040,80,MR.THÁI,CFA,"Over Cement(2),Wrinkle(2)",,,,,
1,1/5/2026,GALAXY 7 W,901775201,1,901775201-1,Spain,800,,PASS,,,C,Asc 04-1,33D,624070020,80,MS.NGÂN,CFA,"Wobbling(2),Dirty M'S(2)",,,,,
1,1/5/2026,GALAXY 7 W,901780748,1,901780748-1,Netherlands,737,,PASS,,,C,Asc 07-1,25D,622070156,80,MS.HUỲNH,CFA,"Wrinkle(2),Dirty Collar Lining(2)",,,,,
1,1/5/2026,GALAXY 7 W,901794486,1,901794486-1,Netherlands,540,,PASS,,,C,Asc 06-1,19D,625080253,80,MRS.VY,CFA,"Dirty M'S(1),Bonding Gap(1),Wrinkle(1)",,,,,
1,1/5/2026,GALAXY 7 W,901149354,1,901149354-1,Colombia,329,,PASS,,,C,Asc 08-1,21D,623030007,50,MRS.VY,CFA,"Wobbling(1),Dirty M'S(1)",,,,,
1,1/5/2026,GALAXY 7 W,901711632,1,901711632-1,Colombia,564,,PASS,,,C,Asc 08-2,8D,624080430,80,MR.MOON,MANAGER,No issue,,CFA(THÁI)AQL->TOP MANAGER(MR.MOON),,,
1,1/5/2026,GALAXY 7 W,901840524,1,901840524-1,Italy,350,,PASS,,,C,Asc 06-1,19D,625080253,50,MR.MOON,MANAGER,No issue,,CFA(NGÂN)AQL->TOP MANAGER(MR.MOON),,,
1,1/5/2026,GRAND COURT 2.0,901907073,1,901907073-1,United Kingdom,315,,PASS,,,C,Asc 05-1,7D,621110412,50,MR.THÁI,CFA,"Dirty Upper(1),Bonding Gap(1)",,,,,
1,1/5/2026,GRAND COURT 2.0,901910874,1,901910874-1,Netherlands,390,,PASS,,,C,Asc 05-1,7D,621110412,50,MS.HUỲNH,CFA,Dirty O'S(2),,,,,
1,1/5/2026,VS PACE 2.0,901858297,1,901858297-1,Spain,"3,160",,PASS,,,D,Asc 09-2,14C,624020152,125,MR.THÁI,CFA,"Poor Attaching(2),Dirty O'S(2),Bonding Gap(2)",,,,,
1,1/5/2026,ADVANTAGE,901773638,1,901773638-1,Japan,"2,400",R9C,PASS,,,B3,0,R9C,621030557,125,MS.HUỲNH,CFA,"Dirty O'S(2),Over Cement(2),Bonding Gap(2)",,,,,
1,1/5/2026,ADVANTAGE,901850360,1,901850360-1,Netherlands,"4,000",,PASS,3200,P1,D,Asc 07-2,42C,625110069,125,MS.NGÂN,CFA,"Poor Shape(1),Bonding Gap(2),Dirty O'S(2),Dirty Upper(2)",,,,,
1,1/5/2026,ADVANTAGE,901850360,1,901850360-1,Netherlands,"4,000",,PASS,800,PC,D,Asc 07-2,42C,625110069,80,MR.NHỨT,CFA,"Dirty Upper(1),Bonding Gap(1)",,,,,
1,1/5/2026,VL COURT 3.0 K,901807955,1,901807955-1,USA,"1,200",,PASS,,,D,Asc 04-2,12C,624080082,80,MS.NGÂN,CFA,"Bonding Gap(1),Dirty Upper(2),Over Cement(2)",,,,,
1,1/5/2026,VL COURT 3.0 K,901847082,1,901847082-1,USA,"1,030",,PASS,,,D,Asc 04-2,12C,624080082,80,MS.NGÂN,CFA,"Wobbling(2),Dirty Upper(2)",,,,,
1,1/5/2026,VL COURT 3.0 K,901984279,1,901984279-1,Italy,"1,120",,PASS,,,D,Asc 04-2,12C,624080082,80,MR.THÁI,CFA,"Over Cement(2),Uneven Collar Top Line(2)",,,,,
1,1/5/2026,GRAND COURT 3.0,901285395,1,901285395-1,Netherlands,325,,PASS,,,D,Asc 03-1,R6D,619080327,50,MS.HUỲNH,CFA,"Over Cement(1),High/Low Heel(1)",,,,,
1,1/5/2026,GRAND COURT 3.0,901840109,1,901840109-1,Netherlands,343,,PASS,,,D,Asc 01-1,39C,625090192,50,MS.NGÂN,CFA,Over Cement(2),,,,,
1,1/5/2026,VS PACE 2.0,901676187,1,901676187-1,United Kingdom,450,,PASS,,,D,Asc 08-1,1C,623090139,50,MRS.VY,CFA,Broken Stitching(1),,,,,
1,1/5/2026,VS PACE 2.0,901855573,1,901855573-1,Spain,"2,400",,PASS,,,D,Asc 11-1,38C,625090293,125,MS.NGÂN,CFA,"Dirty Collar Lining(2),Dirty Upper(3)",,,,,
1,1/5/2026,VS PACE 2.0,901883505,1,901883505-1,Netherlands,"1,161",,PASS,,,D,Asc 10-2,28C,624100065,80,MR.THÁI,CFA,"Over Cement(2),Dirty Collar Lining(2)",,,,,
1,1/5/2026,VS PACE 2.0,901907823,1,901907823-1,Netherlands,"1,122",,PASS,,,D,Asc 02-1,11C,624070393,80,MR.THÁI,CFA,"Poor Shape(3),Thread Ends(2),Dirty Upper(2)",,,,,
1,1/5/2026,VS PACE 2.0,901987294,1,901987294-1,United Kingdom,136,,PASS,,,D,Asc 09-1,32C,625030234,20,MS.NGÂN,CFA,Over Cement(1),,,,,
1,1/5/2026,TENSAUR SPORT 3.0 CF I,901248619,1,901248619-1,Brazil,148,,FAIL,,,A,Asc 10-1,16A,624100316,20,MR.NHỨT,CFA,"Wobbling(4),Poor Shape(5),Dirty Collar Lining(2)",OFFICIAL,,,,
1,1/6/2026,VL COURT 3.0 K,901797729,1,901797729-1,USA,"5,000",,PASS,1800,PC,A,Asc 03-2,8A,624020086,125,MS.NGÂN,CFA,"Off Center(2),Wobbling(1),Dirty Upper(1)",,,,,
1,1/6/2026,ASPYRE,901985727,1,901985727-1,Spain,549,,PASS,,,A,Asc 11-2,22A,624060318,32,MR.BÌNH,LOP,"Off Center(1),Thead Ends(1)",,,,,
1,1/6/2026,TENSAUR SPORT 3.0 CF I,901395207,1,901395207-1,Netherlands,425,,PASS,,,A,Asc 11-1,9A,622080458,50,MR.NHỨT,CFA,Poor Stitching(1),,,,,
1,1/6/2026,TENSAUR SPORT 3.0 CF I,901486915,1,901486915-1,Netherlands,308,,PASS,,,A,Asc 08-1,14A,622030023,50,MR.NHỨT,CFA,"Bonding Gap(1),Wobbling(1)",,,,,
1,1/6/2026,TENSAUR SPORT 3.0 CF I,901248490,1,901248490-1,Brazil,362,,PASS,,,A,Asc 05-1,23A,624110228,50,MS.HUỲNH,CFA,Dirty Upper(2),,,,,
1,1/6/2026,TENSAUR SPORT 3.0 CF I,901618570,1,901618570-1,Panama,457,,PASS,,,A,Asc 08-1,14A,622030023,50,MR.NHỨT,CFA,"Dirty Collar Lining(1),Over Cement(1)",,,,,
1,1/6/2026,TENSAUR SPORT 3.0 CF I,901966571,1,901966571-1,Utd.Arab Emir.,148,,PASS,,,A,Asc 11-1,9A,622080458,20,MS.NGÂN,CFA,Collar Lining Damaged(1),,,,,
1,1/6/2026,TENSAUR SPORT 3.0 CF I,901974682,1,901974682-1,Utd.Arab Emir.,490,,PASS,,,A,Asc 11-1,9A,622080458,50,MR.NHỨT,CFA,Poor Attaching(1),,,,,
1,1/6/2026,TENSAUR SPORT 3.0 CF I,901984289,1,901984289-1,Italy,340,,PASS,,,A,Asc 10-2,42A,625100252,50,MS.HUỲNH,CFA,"Bonding Gap(2),Dirty Upper(1)",,,,,
1,1/6/2026,TENSAUR SPORT 3.0 CF I,901989760,1,901989760-1,United Kingdom,305,,PASS,,,A,Asc 11-1,9A,622080458,50,MS.HUỲNH,CFA,Thread Ends(2),,,,,
1,1/6/2026,Tensaur Run 3.0 EL I,901595034,1,901595034-1,Thailand,146,,PASS,,,A,Asc 06-1,25A,624030105,20,MS.NGÂN,CFA,Dirty Collar Lining(1),,,,,
1,1/6/2026,TENSAUR SPORT 3.0  CF K,902026277,1,902026277-1,United Kingdom,500,,PASS,,,A,Asc 09-2,43A,625100258,50,MR.NHỨT,CFA,"Dirty Collar Lining(1),Wobbling(1),Dirty O'S(1)",,,,,
1,1/6/2026,TENSAUR SPORT 3.0 K,901578106,1,901578106-1,Panama,539,,PASS,,,A,Asc 08-2,45A,625110021,80,MR.THÁI,CFA,"Over Cement(2),Dirty Collar Lining(1)",,,,,
1,1/6/2026,TENSAUR SPORT 3.0 K,901778092,1,901778092-1,United Kingdom,536,,PASS,,,A,Asc 09-2,43A,625100258,80,MS.NGÂN,CFA,"Over Primer O'S(2),Thread Ends(2)",,,,,
1,1/6/2026,TENSAUR SPORT 3.0 K,901907158,1,901907158-1,Netherlands,"1,069",,PASS,,,A,Asc 07-2,12A,622021407,80,MS.NGÂN,CFA,"Dirty Upper(2),Over Primer O'S(2)",,,,,
1,1/6/2026,TENSAUR SPORT 3.0 K,901968182,1,901968182-1,Monaco,685,,PASS,,,A,Asc 05-1,23A,624110228,80,MR.THÁI,CFA,"Dirty O'S(2),Dirty Collar Lining(2)",,,,,
1,1/6/2026,TENSAUR SPORT 3.0 K,901985821,1,901985821-1,United Kingdom,216,,PASS,,,A,Asc 08-2,45A,625110021,32,MS.NGÂN,CFA,Poor Shape(1),,,,,
1,1/6/2026,TENSAUR SPORT 3.0 K,901999622,1,901999622-1,Netherlands,680,,PASS,,,A,Asc 11-2,22A,624060318,80,MRS.VY,CFA,"Dirty Collar Lining(1),Dirty O'S(1)",,,,,
1,1/6/2026,LIGHTSHIFT 2.0,901720367,1,901720367-1,Philippines,324,,PASS,,,A,Asc 02-1,30A,624070060,50,MR.NHỨT,CFA,Off Center(1),,,,,
1,1/6/2026,LIGHTSHIFT 2.0,901720477,1,901720477-1,Philippines,100,,PASS,,,A,Asc 02-1,30A,624070060,20,MR.MOON,MANAGER,No issue,,CFA(HUỲNH)AQL->TOP MANAGER(MR.MOON),,,
1,1/6/2026,LIGHTSHIFT 2.0,901732334,1,901732334-1,Singapore,120,,PASS,,,A,Asc 02-1,30A,624070060,20,MS.NGÂN,CFA,Dirty O'S(1),,,,,
1,1/6/2026,LIGHTSHIFT 2.0,901732397,1,901732397-1,Singapore,120,,PASS,,,A,Asc 02-1,30A,624070060,20,MR.THÁI,CFA,Wrinkle(1),,,,,
1,1/6/2026,Tensaur Sport 2.0 CF K,901905689,1,901905689-1,Netherlands,"2,400",,PASS,,,B,Asc 05-2,40B,625010030,125,MR.NHỨT,CFA,"Over Cement(1),Wrinkle(1),Wobbling(2)",,,,,
1,1/6/2026,TENSAUR SPORT 3.0  CF K,901969633,1,901969633-1,Morocco,"1,691",,PASS,,,B,Asc 04-2,43B,625030363,125,MS.HUỲNH,CFA,"Wobbling(2),Dirty O'S(2),Dirty Collar Lining(2)",,,,,
1,1/6/2026,TENSAUR SPORT 3.0  CF K,901984583,1,901984583-1,United Kingdom,309,,PASS,,,B,Asc 01-2,27A,621030280,50,MS.HUỲNH,CFA,"Thread Ends(1),Dirty O'S(1),Bonding Gap(1)",,,,,
1,1/6/2026,TENSAUR SPORT 3.0  CF K,901907827,1,901907827-1,Italy,365,,PASS,,,B,Asc 04-1,9B,621030996,50,MR.MOON,MANAGER,No issue,,CFA(HUỲNH)AQL->TOP MANAGER(MR.MOON),,,
1,1/6/2026,TENSAUR SPORT 3.0  CF K,901910132,1,901910132-1,Netherlands,"3,435",,PASS,3200,P1,B,Asc 04-1,9B,621030996,32,MR.BÌNH,LOP,Off Center(2),,,,,
1,1/6/2026,TENSAUR SPORT 3.0  CF K,901982642,1,901982642-1,United Kingdom,350,,PASS,,,B,Asc 06-1,21B,622020056,50,MRS.VY,CFA,"Wobbling(1),Dirty Collar Lining(1)",,,,,
1,1/6/2026,TENSAUR SPORT 3.0  CF K,901983167,1,901983167-1,United Kingdom,"1,040",,PASS,,,B,Asc 03-2,84L,622030320,80,MS.HUỲNH,CFA,Dirty O'S(2),,,,,
1,1/6/2026,TENSAUR SPORT 3.0  CF K,901983237,1,901983237-1,United Kingdom,320,,PASS,,,B,Asc 06-1,21B,622020056,50,MR.NHỨT,CFA,"Bonding Gap(1),Over Primer O'S(1)",,,,,
1,1/6/2026,TENSAUR SPORT 3.0  CF K,901983267,1,901983267-1,United Kingdom,410,,PASS,,,B,Asc 06-2,26B,623090198,50,MR.THÁI,CFA,"Wobbling(2),Left/Right Component Mismatch(1)",,,,,
1,1/6/2026,TENSAUR SPORT 3.0  CF K,901984297,1,901984297-1,United Kingdom,440,,PASS,,,B,Asc 06-1,21B,622020056,50,MR.NHỨT,CFA,Dirty Collar Lining(1),,,,,
1,1/6/2026,TENSAUR SPORT 3.0  CF K,901984432,1,901984432-1,United Kingdom,"1,670",,PASS,,,B,Asc 01-1,38A,622020703,125,MR.NHỨT,CFA,"Over Primer O'S(2),Thread Ends(2)",,,,,
1,1/6/2026,TENSAUR SPORT 3.0  CF K,901986324,1,901986324-1,Netherlands,300,,PASS,,,B,Asc 01-1,38A,622020703,50,MRS.VY,CFA,Broken Stitching(1),,,,,
1,1/6/2026,TENSAUR SPORT 3.0  CF K,902026278,1,902026278-1,United Kingdom,470,,PASS,,,B,Asc 06-2,26B,623090198,50,MRS.VY,CFA,"Dirty O'S(1),Thread Ends(1)",,,,,
1,1/6/2026,TENSAUR SPORT 3.0  CF K,901988583,1,901988583-1,United Kingdom,335,,PASS,,,B,Asc 04-2,43B,625030363,50,MS.HUỲNH,CFA,"Dirty Collar Lining(1),Dirty Upper(2)",,,,,
1,1/6/2026,GALAXY 7 M,901896971,1,901896971-1,United Kingdom,305,,PASS,,,C,Asc 07-1,17B,621120120,50,MS.NGÂN,CFA,"Over Cement(1),Dirty M'S(1)",,,,,
1,1/6/2026,GALAXY 7 M,901857513,1,901857513-1,Netherlands,"2,460",,PASS,,,C,Asc 06-2,17D,624060040,125,MS.NGÂN,CFA,"Wrinkle(2),Dirty Upper(3)",,,,,
1,1/6/2026,GALAXY 7 W,901779621,1,901779621-1,Spain,753,,PASS,,,C,Asc 08-1,21D,623030007,80,MS.HUỲNH,CFA,"Dirty Upper(2),Dirty O'S(1),Bonding Gap(1)",,,,,
1,1/6/2026,GALAXY 7 W,901776844,1,901776844-1,Netherlands,321,15D,PASS,,,B3,7,15D,622020913,50,MRS.VY,CFA,Wobbling(2),,,,,
1,1/6/2026,GALAXY 7 W,901942141,1,901942141-1,Netherlands,107,,PASS,,,C,Asc 04-1,33D,624070020,20,MS.HUỲNH,CFA,Dirty Collar Lining(1),,,,,
1,1/6/2026,GRAND COURT 2.0,901902877,1,901902877-1,Netherlands,"2,399",,PASS,,,C,Asc 01-1,11D,624080127,125,MS.NGÂN,CFA,"Dirty O'S(2),Dirty Upper(2)",,,,,
1,1/6/2026,VS PACE 2.0,901910531,1,901910531-1,United Kingdom,155,,PASS,,,C,Asc 03-2,20D,624080083,32,MS.HUỲNH,CFA,Over Cement(2),,,,,
1,1/6/2026,VS PACE 2.0,901911262,1,901911262-1,Italy,240,,PASS,,,C,Asc 03-2,20D,624080083,32,MRS.VY,CFA,Dirty Upper(1),,,,,
1,1/6/2026,VS PACE 2.0,901858603,1,901858603-1,Spain,"1,690",,PASS,,,D,Asc 09-2,14C,624020152,125,MRS.VY,CFA,"Dirty Collar Lining(1),Bonding Gap(2),Dirty O'S(1)",,,,,
1,1/6/2026,GRAND COURT 3.0,901847955,1,901847955-1,Mexico,"2,449",,PASS,,,D,Asc 04-1,33C,625030360,125,MR.THÁI,CFA,"Dirty O'S(2),Dirty Upper(2),Over Cement(2),Bonding Gap(1)",,,,,
1,1/6/2026,VS PACE 2.0,901906386,1,901906386-1,Netherlands,"1,419",,PASS,,,D,Asc 08-1,1C,623090139,125,MS.HUỲNH,CFA,"Over Cement(2),Dirty O'S(2),Dirty Upper(1)",,,,,
1,1/6/2026,VS PACE 2.0,902001331,1,902001331-1,Netherlands,350,,PASS,,,D,Asc 10-1,4C,624020153,50,MS.NGÂN,CFA,Over Cement(2),,,,,
1,1/6/2026,VS PACE 2.0,902229733,1,902229733-1,Spain,325,,PASS,,,D,Asc 09-1,32C,625030234,50,MS.NGÂN,CFA,"Poor Shape(2),Dirty Collar Lining(2)",,,,,
1,1/6/2026,GALAXY 7 M,901895183,1,901895183-1,Italy,125,,FAIL,,,C,Asc 04-2,27D,623090194,20,MS.HUỲNH,CFA,"Dirty M’S(3),Bonding Gap(5)",OFFICIAL,,,,
1,1/6/2026,VL COURT 3.0 K,901847082,1,901847082-1,USA,"1,030",,FAIL,,,D,Asc 04-2,12C,624080082,32,MR.BÌNH,LOP,Over Cement(6),OFFICIAL,,,,not update pivot88
1,1/6/2026,GALAXY 7 M,901775290,1,901775290-1,Spain,"2,510",,FAIL,,,C,Asc 08-1,21D,623030007,32,MR.BÌNH,LOP,"Wrinkle(4),Dirty M’S(2),Dirty Upper(1)",OFFICIAL,,,,not update pivot88
1,1/6/2026,LIGHTSHIFT 2.0,901720139,1,901720139-1,USA,500,,FAIL,,,A,Asc 01-2,4A,624060316,32,MR.BÌNH,LOP,"Wrinkle(6),Dirty Collar Lining(2)",OFFICIAL,,,,not update pivot88
1,1/7/2026,VL COURT 3.0 K,901806316,1,901806316-1,USA,702,,PASS,,,A,Asc 02-1,30A,624070060,80,MS.NGÂN,CFA,"Over Cement(2),Off Center(2)",,,,,
1,1/7/2026,ASPYRE,901847850,1,901847850-1,Netherlands,310,,PASS,,,A,Asc 11-2,22A,624060318,50,MR.THÁI,CFA,"Wrinkle(1),Dirty Upper(1)",,,,,
1,1/7/2026,ASPYRE,901967554,1,901967554-1,USA,520,,PASS,,,A,Asc 11-2,14A,622030023,80,MR.NHỨT,CFA,"Dirty Upper(1),Wrinkle(1)",,,,,
1,1/7/2026,ASPYRE,901968371,1,901968371-1,United Kingdom,345,,PASS,,,A,Asc 11-2,22A,624060318,50,MR.THÁI,CFA,"Dirty Upper(1),Over Cement(1),Wrinkle(1)",,,,,
1,1/7/2026,ASPYRE,901969222,1,901969222-1,Netherlands,318,,PASS,,,A,Asc 11-2,22A,624060318,50,MRS.VY,CFA,"Off Center(1),Dirty Upper(1)",,,,,
1,1/7/2026,TENSAUR SPORT 3.0 CF I,901983561,1,901983561-1,Italy,622,,PASS,,,A,Asc 08-1,41A,625080141,80,MS.HUỲNH,CFA,"Dirty Upper(2),Dirty O'S(2)",,,,,
1,1/7/2026,TENSAUR SPORT 3.0 CF I,901984213,1,901984213-1,Italy,674,,PASS,,,A,Asc 08-1,41A,625080141,80,MS.HUỲNH,CFA,"Dirty Upper(1),Thread Ends(1),Poor Attaching(1)",,,,,
1,1/7/2026,TENSAUR SPORT 3.0 CF I,901973045,1,901973045-1,Utd.Arab Emir.,180,,PASS,,,A,Asc 10-1,16A,624100316,32,MS.HUỲNH,CFA,Dirty Collar Lining(1),,,,,
1,1/7/2026,TENSAUR SPORT 3.0 CF I,902053075,1,902053075-1,Saudi Arabia,971,,PASS,,,A,Asc 11-1,9A,622080458,80,MS.NGÂN,CFA,"Wobbling(2),Bonding Gap(2)",,,,,
1,1/7/2026,TENSAUR SPORT 3.0  CF K,901988088,1,901988088-1,United Kingdom,350,,PASS,,,A,Asc 08-2,45A,625110021,50,MR.THÁI,CFA,"Wobbling(2),Over Primer O'S(1)",,,,,
1,1/7/2026,TENSAUR SPORT 3.0  CF K,902026609,1,902026609-1,Malaysia,270,,PASS,,,A,Asc 11-2,22A,624060318,32,MR.THÁI,CFA,"Over Primer O'S(1),Dirty Collar Lining(1)",,,,,
1,1/7/2026,LIGHTSHIFT 2.0,901722201,1,901722201-1,USA,600,,PASS,,,A,Asc 01-2,31A,624060331,80,MS.NGÂN,CFA,"Over Cement(2),Dirty Collar Lining(2)",,,,,
1,1/7/2026,LIGHTSHIFT 2.0,901905153,1,901905153-1,Panama,735,15D,PASS,,,B3,3,15D,622020913,80,MR.THÁI,CFA,"Over Cement(2),Over Cement O'S(2)",,,,,
1,1/7/2026,LIGHTSHIFT 2.0,4500809828,1,4500809828-1,South Africa,"1,050",,PASS,,,A,Asc 01-1,31A,624060331,80,MR.THÁI,CFA,"Left/Right Component Mismatch(1),Over Cement(1),Dirty Collar Lining(2),Over Primer O'S(1)",,,,,
1,1/7/2026,LIGHTSHIFT,901862254,1,901862254-1,USA,"1,091",,PASS,,,A,Asc 01-1,31A,624060331,80,MS.NGÂN,CFA,"Wrinkle(2),Over Cement(2)",,,,,
1,1/7/2026,Tensaur Sport 2.0 K,901899323,1,901899323-1,Italy,"4,640",,PASS,3200,P1,B,Asc 03-1,46B,625100092,125,MS.NGÂN,CFA,"Thread Ends(2),Over Primer O'S(2),Poor Shape(2)",,,,,
1,1/7/2026,TENSAUR SPORT 3.0  CF K,901988252,1,901988252-1,Netherlands,311,,PASS,,,B,Asc 04-2,43B,625030363,50,MRS.LY,MANAGER,No issue,,CFA(NGÂN)AQL->TOP MANAGER(MRS.LY),,,
1,1/7/2026,TENSAUR SPORT 3.0  CF K,901983976,1,901983976-1,Chile,151,,PASS,,,B,Asc 01-1,38A,622020703,32,MR.THÁI,CFA,Poor Shape(1),,,,,
1,1/7/2026,TENSAUR SPORT 3.0  CF K,901988107,1,901988107-1,United Kingdom,530,,PASS,,,B,Asc 06-2,26B,623090198,80,MR.THÁI,CFA,"Wobbling(2),Poor Attaching(2)",,,,,
1,1/7/2026,TENSAUR SPORT 3.0  CF K,901972796,1,901972796-1,Utd.Arab Emir.,673,,PASS,,,B,Asc 01-2,27A,621030280,80,MS.HUỲNH,CFA,"Dirty O'S(2),Dirty Collar Lining(2)",,,,,
1,1/7/2026,GALAXY 7 M,901854058,1,901854058-1,Netherlands,"3,154",,PASS,,,C,Asc 05-2,10D,624040283,125,MS.NGÂN,CFA,"Over Cement(2),Wobbling(2),Dirty Upper(2)",,,,,
1,1/7/2026,GALAXY 7 M,901897709,1,901897709-1,Netherlands,300,,PASS,,,C,Asc 10-2,16,621070084,50,MRS.VY,CFA,"Over Cement(1),Dirty M'S(1)",,,,,
1,1/7/2026,GALAXY 7 M,901911450,1,901911450-1,Italy,205,,PASS,,,C,Asc 05-2,10D,624040283,32,MS.HUỲNH,CFA,Over Cement(2),,,,,
1,1/7/2026,GALAXY 7 M,901318524,1,901318524-1,Netherlands,453,,PASS,,,C,Asc 10-2,9D,625120023,50,MRS.VY,CFA,"Bonding Gap(1),Dirty M'S(1)",,,,,
1,1/7/2026,GALAXY 7 M,901836942,1,901836942-1,Italy,600,,PASS,,,C,Asc 08-1,21D,623030007,80,MS.HUỲNH,CFA,"Over Cement(2),Dirty O'S(1)",,,,,
1,1/7/2026,GALAXY 7 M,901845007,1,901845007-1,Spain,"2,510",,PASS,,,C,Asc 10-2,9D,625120023,125,MR.THÁI,CFA,"Over Cement(2),Bonding Gap(2),Dirty O'S(2)",,,,,
1,1/7/2026,GALAXY 7 M,901855654,1,901855654-1,Netherlands,598,,PASS,,,C,Asc 06-2,17D,624060040,80,MS.HUỲNH,CFA,"Over Cement(2),Dirty Collar Lining(2)",,,,,
1,1/7/2026,GALAXY 7 M,901895183,1,901895183-1,Italy,125,R4A,PASS,,,B3,4,R4A,620080362,20,MS.HUỲNH,CFA,Collar Lining Wrinkle(1),,,,,
1,1/7/2026,GALAXY 7 W,901775460,1,901775460-1,Netherlands,"2,400",,PASS,,,C,Asc 07-2,29D,624040410,125,MS.NGÂN,CFA,"Dirty M'S(3),Dirty Collar Lining(3)",,,,,
1,1/7/2026,VS PACE 2.0,901851844,1,901851844-1,Netherlands,"2,000",,PASS,,,C,Asc 03-1,8C,624070252,125,MRS.VY,CFA,Thread Ends(2),,,,,
1,1/7/2026,VS PACE 2.0,901910371,1,901910371-1,Netherlands,320,,PASS,,,C,Asc 05-1,6D,625120024,50,MRS.VY,CFA,Dirty O'S(1),,,,,
1,1/7/2026,VS PACE 2.0,4500810296,2,4500810296-2,South Africa,27,,PASS,,,C,Asc 03-2,20D,624080083,8,MS.HUỲNH,CFA,No issue,,,,,
1,1/7/2026,VS PACE 2.0,901856873,1,901856873-1,Netherlands,600,,PASS,,,D,Asc 11-1,38C,625090293,80,MRS.VY,CFA,"Dirty Upper(1),Poor Stitching(1)",,,,,
1,1/7/2026,VS PACE 2.0,901858229,1,901858229-1,Netherlands,300,,PASS,,,D,Asc 10-2,28C,624100065,50,MR.THÁI,CFA,Dirty O'S(2),,,,,
1,1/7/2026,VS PACE 2.0,901858640,1,901858640-1,Netherlands,390,,PASS,,,D,Asc 10-2,28C,624100065,50,MR.THÁI,CFA,"Wrinkle(2),Dirty O'S(2)",,,,,
1,1/7/2026,ADVANTAGE,901775312,1,901775312-1,Japan,516,9,PASS,,,B3,0,9,621040446,80,MRS.VY,CFA,"Poor Stitching(1),Dirty Upper(1)",,,,,
1,1/7/2026,VL COURT 3.0 K,901848362,1,901848362-1,USA,"2,100",,PASS,,,D,Asc 05-1,18D,625030163,125,MRS.VY,CFA,Wobbling(3),,,,,
1,1/7/2026,VL COURT 3.0 K,901984337,1,901984337-1,Italy,322,,PASS,,,D,Asc 05-1,18D,625030163,50,MRS.LY,MANAGER,No issue,,CFA(NGÂN)AQL->TOP MANAGER(MRS.LY),,,
1,1/7/2026,GRAND COURT 3.0,901776727,1,901776727-1,Netherlands,411,,PASS,,,D,Asc 01-1,R6D,619080327,50,MS.HUỲNH,CFA,"Thread Ends(1),Over Cement(1)",,,,,
1,1/7/2026,URBAN COURT,901770196,1,901770196-1,Netherlands,462,,PASS,,,D,Asc 01-2,37C,625080102,50,MRS.VY,CFA,Dirty O'S(1),,,,,
1,1/7/2026,URBAN COURT,901770456,1,901770456-1,Netherlands,373,,PASS,,,D,Asc 02-2,35C,625050156,50,MS.HUỲNH,CFA,"Wrinkle(2),Dirty O'S(2)",,,,,
1,1/7/2026,URBAN COURT,901804610,1,901804610-1,Netherlands,"3,600",,PASS,3200,P1,D,Asc 02-2,35C,625050156,125,MS.NGÂN,CFA,"Poor Shape(2),Bonding Gap(2),Dirty Upper(2)",,,,,
1,1/7/2026,URBAN COURT,901806026,1,901806026-1,Netherlands,"6,960",,PASS,3200,P1,D,Asc 02-1,16C,624030295,125,MRS.VY,CFA,"Dirty Upper(1),Dirty O'S(1),Poor Shape(2)",,,,,
1,1/7/2026,VS PACE 2.0,901424916,1,901424916-1,Netherlands,342,,PASS,,,D,Asc 09-1,32C,625030234,50,MR.THÁI,CFA,Over Cement(2),,,,,
1,1/7/2026,VS PACE 2.0,901675365,1,901675365-1,Netherlands,383,,PASS,,,D,Asc 09-1,32C,625030234,50,MS.HUỲNH,CFA,"Wrinkle(2),Thread Ends(2)",,,,,
1,1/7/2026,VS PACE 2.0,901676165,1,901676165-1,United Kingdom,460,,PASS,,,D,Asc 10-1,4C,624020153,50,MRS.VY,CFA,Off Center(1),,,,,
1,1/7/2026,VS PACE 2.0,901676351,1,901676351-1,Netherlands,457,,PASS,,,D,Asc 09-2,41C,625100189,50,MS.HUỲNH,CFA,Over Cement(2),,,,,
1,1/7/2026,VS PACE 2.0,901773557,1,901773557-1,Japan,808,4C,PASS,,,B3,0,4C,624020153,80,MR.THÁI,CFA,"Dirty Collar Lining(2),Poor Shape(2),Dirty O'S(1)",,,,,
1,1/7/2026,VS PACE 2.0,902001202,1,902001202-1,Netherlands,609,,PASS,,,D,Asc 10-2,28C,624100065,80,MRS.VY,CFA,"Dirty Upper(1),Dirty Collar Lining(1),Over Cement(1)",,,,,
1,1/8/2026,VL COURT 3.0 K,901797748,1,901797748-1,USA,"1,338",,PASS,,,A,Asc 03-2,8A,624020086,125,MR.NHỨT,CFA,"Dirty Collar Lining(2),Wobbling(2)",,,,,
1,1/8/2026,VL COURT 3.0 K,901709572,1,901709572-1,USA,"3,000",,PASS,,,A,Asc 03-1,19A,621110258,125,MR.THÁI,CFA,"Poor Shape(3),Over Cement(3),Off Center Heel(2)",,,,,
1,1/8/2026,VL COURT 3.0 K,901901197,1,901901197-1,Italy,"4,638",,PASS,1438,PC,A,Asc 02-1,30A,624070060,125,MRS.VY,CFA,"Dirty O'S(1),Wobbling(2)",,,,,
1,1/8/2026,TENSAUR SPORT 3.0 CF I,901386729,1,901386729-1,Netherlands,371,R4A,PASS,,,B3,4,R4A,620080362,50,MR.NHỨT,CFA,"Wobbling(1),Poor Attaching(1)",,,,,
1,1/8/2026,TENSAUR SPORT 3.0 CF I,901248619,1,901248619-1,Brazil,148,R4A,PASS,,,B3,4,R4A,620080362,20,MR.NHỨT,CFA,Dirty Collar Lining(1),,,,,
1,1/8/2026,TENSAUR SPORT 3.0 CF I,901908726,1,901908726-1,United Kingdom,400,R4A,PASS,,,B3,4,R4A,620080362,50,MS.HUỲNH,CFA,"Wrinkle(1),Dirty Collar Lining(1),Left/Right Component Mismatch(1)",,,,,
1,1/8/2026,TENSAUR SPORT 3.0 CF I,901965301,1,901965301-1,Utd.Arab Emir.,166,,PASS,,,A,Asc 10-2,42A,625100252,32,MR.NHỨT,CFA,Wobbling(1),,,,,
1,1/8/2026,TENSAUR SPORT 3.0  CF K,901987567,1,901987567-1,United Kingdom,647,,PASS,,,A,Asc 05-1,23A,624110228,80,MS.HUỲNH,CFA,Dirty Collar Lining(2),,,,,
1,1/8/2026,TENSAUR SPORT 3.0  CF K,901964024,1,901964024-1,Utd.Arab Emir.,401,,PASS,,,A,Asc 08-2,45A,625110021,50,MS.NGÂN,CFA,"Dirty Upper(1),Over Cement(1)",,,,,
1,1/8/2026,TENSAUR SPORT 3.0 K,901580212,1,901580212-1,Panama,593,,PASS,,,A,Asc 11-2,22A,624060318,80,MS.HUỲNH,CFA,Off Center Heel(2),,,,,
1,1/8/2026,TENSAUR SPORT 3.0 K,901907701,1,901907701-1,Netherlands,300,,PASS,,,A,Asc 06-1,25A,624030105,50,MS.NGÂN,CFA,"Over Primer O'S(2),Dirty Collar Lining(1)",,,,,
1,1/8/2026,VL COURT 3.0 K,901846211,1,901846211-1,USA,"1,338",,PASS,,,A,Asc 03-1,29A,624030533,125,MS.NGÂN,CFA,"Wrinkle(3),Dirty Upper(2),Dirty O'S(2)",,,,,
1,1/8/2026,LIGHTSHIFT 2.0,901917265,1,901917265-1,USA,349,15D,PASS,,,B3,3,15D,622020913,50,MS.NGÂN,CFA,Dirty M'S(2),,,,,
1,1/8/2026,LIGHTSHIFT 2.0,901917357,1,901917357-1,USA,425,,PASS,,,A,Asc 01-1,31A,624060331,50,MR.THÁI,CFA,"Wrinkle(2),Dirty Collar Lining(1),Over Cement(1)",,,,,
1,1/8/2026,Tensaur Sport 2.0 K,901899323,1,901899323-1,Italy,"4,640",,PASS,1440,PC,B,Asc 03-1,46B,625100092,125,MS.HUỲNH,CFA,"Thread Ends(2),Poor Shape(2),Over Primer O'S(3)",,,,,
1,1/8/2026,TENSAUR SPORT 3.0  CF K,901777876,1,901777876-1,United Kingdom,883,,PASS,,,B,Asc 04-1,18B,620030032,80,MR.NHỨT,CFA,"Dirty Upper(1),Bonding Gap(1)",,,,,
1,1/8/2026,TENSAUR SPORT 3.0  CF K,901984269,1,901984269-1,United Kingdom,"1,270",,PASS,,,B,Asc 06-1,21B,622020056,125,MS.HUỲNH,CFA,"Over Primer O'S(3),Dirty Collar Lining(2),Wobbling(2)",,,,,
1,1/8/2026,TENSAUR SPORT 3.0  CF K,902037577,1,902037577-1,Netherlands,982,,PASS,,,B,Asc 04-1,33B,624050450,80,MS.HUỲNH,CFA,"Thread Ends(2),Bonding Gap(2)",,,,,
1,1/8/2026,TENSAUR SPORT 3.0  CF K,902037579,1,902037579-1,Netherlands,523,,PASS,,,B,Asc 06-1,18B,620030032,80,MS.NGÂN,CFA,"Poor OutSole Quality(1),Uneven Collar Top Line(1),Wobbling(2)",,,,,
1,1/8/2026,TENSAUR SPORT 3.0  CF K,902037582,1,902037582-1,Netherlands,466,,PASS,,,B,Asc 04-1,9B,621030996,50,MS.NGÂN,CFA,"Thread Ends(1),Poor Attaching(2)",,,,,
1,1/8/2026,TENSAUR SPORT 3.0  CF K,901974338,1,901974338-1,Chile,340,,PASS,,,B,Asc 04-2,43B,625030363,50,MS.HUỲNH,CFA,Dirty Upper(2),,,,,
1,1/8/2026,TENSAUR SPORT 3.0  CF K,901977597,1,901977597-1,Colombia,140,,PASS,,,B,Asc 04-2,43B,625030363,20,MRS.VY,CFA,Wobbling(1),,,,,
1,1/8/2026,TENSAUR SPORT 3.0  CF K,901983427,1,901983427-1,United Kingdom,776,,PASS,,,B,Asc 06-2,26B,623090198,80,MR.NHỨT,CFA,"Dirty Upper(1),Dirty Collar Lining(1)",,,,,
1,1/8/2026,GALAXY 7 M,901779480,1,901779480-1,Spain,"2,010",,PASS,,,C,Asc 11-2,28D,625080255,125,MRS.VY,CFA,"Over Cement(2),Poor Attaching(1),Dirty M'S(1)",,,,,
1,1/8/2026,GALAXY 7 M,901911450,1,901911450-1,Italy,205,R6C,PASS,,,B3,6,R6C,621020445,32,MS.HUỲNH,CFA,Over Cement(2),,,,,
1,1/8/2026,GALAXY 7 M,901847869,1,901847869-1,Netherlands,"2,400",,PASS,,,C,Asc 08-1,21D,623030007,125,MR.THÁI,CFA,"Dirty O'S(3),Over Cement(2),Wobbling(2),Off Center Heel(2)",,,,,
1,1/8/2026,GALAXY 7 W,901775246,1,901775246-1,Netherlands,"1,000",,PASS,,,C,Asc 06-1,3D,622080106,80,MS.HUỲNH,CFA,"Wrinkle(2),Wobbling(2),Poor Attaching(2)",,,,,
1,1/8/2026,GALAXY 7 W,901779468,1,901779468-1,Netherlands,326,,PASS,,,C,Asc 08-2,8D,624080430,50,MR.THÁI,CFA,"Dirty O'S(1),Collar Lining Wrinkle(1)",,,,,
1,1/8/2026,GALAXY 7 W,901780687,1,901780687-1,Netherlands,"2,832",,PASS,,,C,Asc 06-1,19D,625080253,125,MS.NGÂN,CFA,Dirty O'S(4),,,,,
1,1/8/2026,TENSAUR SPORT 3.0 K,901666284,1,901666284-1,Panama,432,,PASS,,,C,Asc 02-1,2D,625080009,50,MR.THÁI,CFA,"Collar Lining Wrinkle(1),Wobbling(2)",,,,,
1,1/8/2026,TENSAUR SPORT 3.0 K,901846544,1,901846544-1,Brazil,559,1D,PASS,,,B3,7,1D,622050542,80,MR.NHỨT,CFA,Dirty Upper(2),,,,,
1,1/8/2026,URBAN COURT,901596136,1,901596136-1,Netherlands,"6,332",,PASS,3200,P1,C,Asc 07-1,25D,622070156,125,MRS.VY,CFA,"Dirty O'S(3),Dirty Upper(2),Wobbling(3)",,,,,
1,1/8/2026,URBAN COURT,901596136,1,901596136-1,Netherlands,"6,332",,PASS,3132,PC,C,Asc 04-2,27D,623090194,125,MR.THÁI,CFA,"Collar Lining Wrinkle(2),Off Center(2),Bonding Gap(2)",,,,,
1,1/8/2026,ADVANTAGE 2.0,901773545,1,901773545-1,Netherlands,331,,PASS,,,D,Asc 08-1,1C,623090139,50,MS.NGÂN,CFA,"Wrinkle(1),Peel Off Logo Insole(1)",,,,,
1,1/8/2026,ADVANTAGE 2.0,901777559,1,901777559-1,Netherlands,579,,PASS,,,D,Asc 08-1,1C,623090139,80,MRS.VY,CFA,"Wrinkle(1),Dirty Upper(1)",,,,,
1,1/8/2026,VS PACE 2.0,901855832,1,901855832-1,Netherlands,533,,PASS,,,D,Asc 11-1,38C,625090293,80,MS.NGÂN,CFA,Poor Stitching(2),,,,,
1,1/8/2026,VS PACE 2.0,901910260,1,901910260-1,Netherlands,450,,PASS,,,D,Asc 11-1,38C,625090293,50,MR.THÁI,CFA,"Dirty Upper(1),Bonding Gap(2)",,,,,
1,1/8/2026,ADVANTAGE,901774194,1,901774194-1,Japan,"2,400",9,PASS,,,B3,0,9,621040446,125,MS.HUỲNH,CFA,"Dirty O'S(3),Wrinkle(2)",,,,,
1,1/8/2026,ADVANTAGE,901774526,1,901774526-1,Japan,540,R9C,PASS,,,B3,0,R9C,621030557,80,MS.NGÂN,CFA,"Dirty Collar Lining(2),Dirty Upper(2)",,,,,
1,1/8/2026,ADVANTAGE,901914717,1,901914717-1,Thailand,116,,PASS,,,D,Asc 07-2,42C,625110069,20,MR.THÁI,CFA,Wrinkle(1),,,,,
1,1/8/2026,VL COURT 3.0 K,901984584,1,901984584-1,USA,300,,PASS,,,D,Asc 05-2,40C,625100153,50,MR.MOON,MANAGER,No issue,,CFA(THÁI)AQL->TOP MANAGER(MR.MOON),,,
1,1/8/2026,GRAND COURT 3.0,901282512,1,901282512-1,Netherlands,320,,PASS,,,D,Asc 01-1,39C,625090192,50,MR.MOON,MANAGER,No issue,,CFA(THÁI)AQL->TOP MANAGER(MR.MOON),,,
1,1/8/2026,GRAND COURT 3.0,901839231,1,901839231-1,Netherlands,637,,PASS,,,D,Asc 04-1,33C,625030360,80,MS.HUỲNH,CFA,"Over Cement(2),Thread Ends(2),Bonding Gap(1)",,,,,
1,1/8/2026,GRAND COURT 3.0,901843791,1,901843791-1,United Kingdom,790,,PASS,,,D,Asc 01-1,39C,625090192,80,MS.NGÂN,CFA,"Dirty O'S(2),Dirty Upper(2)",,,,,
1,1/8/2026,URBAN COURT,901804610,1,901804610-1,Netherlands,"3,600",,PASS,400,PC,D,Asc 01-2,37C,625080102,50,MR.THÁI,CFA,"Wrinkle(2),Wobbling(1),Bonding Gap(1)",,,,,
1,1/8/2026,URBAN COURT,901846865,1,901846865-1,Netherlands,"6,420",,PASS,3200,P1,D,Asc 01-1,39C,625090192,125,MS.NGÂN,CFA,"Dirty Upper(2),Dirty O'S(2),Poor Shape(2)",,,,,
1,1/8/2026,VS PACE 2.0,902001561,1,902001561-1,Netherlands,344,,PASS,,,D,Asc 03-2,34C,625020591,50,MS.NGÂN,CFA,Dirty Upper(1),,,,,
1,1/8/2026,VS PACE 2.0,902228352,1,902228352-1,Spain,530,,PASS,,,D,Asc 10-2,28C,624100065,80,MS.HUỲNH,CFA,"Over Primer Upper(1),Dirty O'S(1)",,,,,
1,1/9/2026,VL COURT 3.0 K,901806350,1,901806350-1,United Kingdom,460,,PASS,,,A,Asc 05-2,44A,625110020,50,MS.HUỲNH,CFA,"Wobbling(2),Over Cement(1)",,,,,
1,1/9/2026,VL COURT 3.0 K,901897816,1,901897816-1,Netherlands,"3,500",,PASS,3200,P1,A,Asc 04-2,40A,625060019,125,MR.THÁI,CFA,"Over Cement(3),Dirty O'S(3)",,,,,
1,1/9/2026,TENSAUR SPORT 3.0 CF I,901993303,1,901993303-1,Netherlands,320,,PASS,,,A,Asc 11-1,9A,622080458,50,MRS.VY,CFA,Dirty Upper(1),,,,,
1,1/9/2026,TENSAUR SPORT 3.0 CF I,901963735,1,901963735-1,Utd.Arab Emir.,180,,PASS,,,A,Asc 10-2,42A,625100252,32,MS.HUỲNH,CFA,Dirty Collar Lining(2),,,,,
1,1/9/2026,TENSAUR SPORT 3.0 CF I,901975778,1,901975778-1,Chile,100,,PASS,,,A,Asc 08-1,41A,625080141,20,MS.HUỲNH,CFA,Dirty Collar Lining(1),,,,,
1,1/9/2026,TENSAUR SPORT 3.0 CF I,902069968,1,902069968-1,United Kingdom,380,,PASS,,,A,Asc 08-1,41A,625080141,50,MRS.VY,CFA,"Over Cement(1),Dirty Collar Lining(1)",,,,,
1,1/9/2026,TENSAUR SPORT 3.0  CF K,901908082,1,901908082-1,Netherlands,"1,350",,PASS,,,A,Asc 06-1,25A,624030105,125,MS.HUỲNH,CFA,"Needle Hole(1),Dirty O'S(3)",,,,,
1,1/9/2026,TENSAUR SPORT 3.0  CF K,901962946,1,901962946-1,Utd.Arab Emir.,"1,221",,PASS,,,A,Asc 08-2,45A,625110021,125,MRS.VY,CFA,Dirty Collar Lining(3),,,,,
1,1/9/2026,LIGHTSHIFT 2.0,901977365,1,901977365-1,Colombia,398,,PASS,,,A,Asc 01-2,31A,624060331,50,MR.THÁI,CFA,Over Cement(2),,,,,
1,1/9/2026,VL COURT 3.0 K,901900325,1,901900325-1,Netherlands,"2,399",,PASS,,,A,Asc 04-1,19A,621110258,125,MRS.VY,CFA,"Dirty Upper(1),Bonding Gap(2),Off Center(1)",,,,,
1,1/9/2026,ADVANTAGE K,901899485,1,901899485-1,Italy,"4,060",,PASS,860,PC,B,Asc 05-1,6B,621060243,80,MR.THÁI,CFA,"Wobbling(2),Bonding Gap(2),Wrinkle(2)",,,,,
1,1/9/2026,Tensaur Sport 2.0 CF K,901907873,1,901907873-1,Italy,"4,639",,PASS,3200,P1,B,Asc 03-1,33B,624050450,125,MR.NHỨT,CFA,"Wrinkle(2),Wobbling(3)",,,,,
1,1/9/2026,TENSAUR SPORT 3.0  CF K,901965483,1,901965483-1,Utd.Arab Emir.,"1,425",,PASS,,,B,Asc 03-2,84L,622030320,125,MR.THÁI,CFA,"Wobbling(2),Poor Attaching(1),Over Cement(2)",,,,,
1,1/9/2026,TENSAUR SPORT 3.0  CF K,902053697,1,902053697-1,Italy,350,,PASS,,,B,Asc 04-2,43B,625030363,50,MRS.VY,CFA,"Dirty Upper(1),Wobbling(1)",,,,,
1,1/9/2026,TENSAUR SPORT 3.0  CF K,901972934,1,901972934-1,Utd.Arab Emir.,521,,PASS,,,B,Asc 05-1,6B,621060243,80,MRS.VY,CFA,Wobbling(3),,,,,
1,1/9/2026,TENSAUR SPORT 3.0  CF K,901989006,1,901989006-1,Spain,"1,010",,PASS,,,B,Asc 05-1,6B,621060243,80,MRS.LY,MANAGER,No issue,,CFA(NHỨT)AQL->TOP MANAGER(MRS.LY),,,
1,1/9/2026,GALAXY 7 M,901841308,1,901841308-1,United Kingdom,"2,500",,PASS,,,C,Asc 11-1,11,623120136,125,MRS.VY,CFA,"Dirty O'S(3),Over Cement(3),Wobbling(3)",,,,,
1,1/9/2026,GALAXY 7 M,901911844,1,901911844-1,United Kingdom,352,,PASS,,,C,Asc 10-1,13D,624100308,50,MR.THÁI,CFA,Over Cement(2),,,,,
1,1/9/2026,GALAXY 7 W,901847323,1,901847323-1,Mexico,696,,PASS,,,C,Asc 04-2,27D,623090194,80,MS.NGÂN,CFA,Dirty O'S(2),,,,,
1,1/9/2026,VS PACE 2.0,901883508,1,901883508-1,Netherlands,570,,PASS,,,C,Asc 05-1,6D,625120024,80,MRS.LY,MANAGER,No issue,,CFA(NHỨT)AQL->TOP MANAGER(MRS.LY),,,
1,1/9/2026,VS PACE 2.0,4500810318,1,4500810318-1,South Africa,504,,PASS,,,C,Asc 03-2,20D,624080083,80,MRS.VY,CFA,Dirty Collar Lining(2),,,,,
1,1/9/2026,ADVANTAGE 2.0,901773476,1,901773476-1,Netherlands,552,,PASS,,,D,Asc 08-1,1C,623090139,80,MS.NGÂN,CFA,"Wrinkle(1),Dirty Upper(1)",,,,,
1,1/9/2026,ADVANTAGE 2.0,901851481,1,901851481-1,Netherlands,614,,PASS,,,D,Asc 08-1,1C,623090139,80,MR.THÁI,CFA,Over Cement(2),,,,,
1,1/9/2026,VS PACE 2.0,901905884,1,901905884-1,Netherlands,"1,194",,PASS,,,D,Asc 09-2,14C,624020152,80,MR.THÁI,CFA,Bonding Gap(3),,,,,
1,1/9/2026,ADVANTAGE,901773425,1,901773425-1,Japan,"3,000",R9C,PASS,,,B3,0,R9C,621030557,125,MR.NHỨT,CFA,Dirty O'S(2),,,,,
1,1/9/2026,ADVANTAGE,901809296,1,901809296-1,Singapore,109,,PASS,,,D,Asc 05-1,18D,625030163,20,MS.NGÂN,CFA,Dirty Collar Lining(1),,,,,
1,1/9/2026,ADVANTAGE,901810627,1,901810627-1,Philippines,215,,PASS,,,D,Asc 08-2,17C,624030608,32,MRS.LY,MANAGER,No issue,,CFA(VY)AQL->TOP MANAGER(MRS.LY),,,
1,1/9/2026,ADVANTAGE,901946451,1,901946451-1,USA,856,,PASS,,,D,Asc 06-1,36C,625050250,80,MS.NGÂN,CFA,"Dirty Upper(2),Dirty O'S(2)",,,,,
1,1/9/2026,VL COURT 3.0 K,901907476,1,901907476-1,Netherlands,"1,964",,PASS,,,D,Asc 05-2,40C,625100153,125,MS.NGÂN,CFA,Dirty Upper(4),,,,,
1,1/9/2026,GRAND COURT 3.0,901837087,1,901837087-1,Italy,302,,PASS,,,D,Asc 04-1,33C,625030360,50,MR.THÁI,CFA,"Dirty Collar Lining(1),Over Cement(1)",,,,,
1,1/9/2026,GRAND COURT 3.0,901838348,1,901838348-1,Taiwan,300,,PASS,,,D,Asc 04-1,33C,625030360,50,MR.THÁI,CFA,"Dirty M'S(1),Bonding Gap(1)",,,,,
1,1/9/2026,GRAND COURT 3.0,901838835,1,901838835-1,Netherlands,370,,PASS,,,D,Asc 03-1,R6D,619080327,50,MS.HUỲNH,CFA,Collar Lining Damaged(1),,,,,
1,1/9/2026,GRAND COURT 3.0,901845932,1,901845932-1,Netherlands,308,,PASS,,,D,Asc 04-1,33C,625030360,50,MR.THÁI,CFA,Dirty O'S(2),,,,,
1,1/9/2026,GRAND COURT 3.0,901896979,1,901896979-1,Netherlands,351,,PASS,,,D,Asc 04-1,33C,625030360,50,MR.THÁI,CFA,"Bonding Gap(2),Dirty Collar Lining(2)",,,,,
1,1/9/2026,URBAN COURT,901806026,1,901806026-1,Netherlands,"6,960",,PASS,3200,P2,D,Asc 02-1,11C,624070393,125,MR.THÁI,CFA,"Bonding Gap(2),Wobbling(2),Dirty O'S(2)",,,,,
1,1/9/2026,GRAND COURT 3.0 AUDI,901721742,1,901721742-1,Uruguay,100,,PASS,,,D,Asc 01-1,16C,624030295,20,MRS.VY,CFA,Over Cement(1),,,,,
1,1/9/2026,VS PACE 2.0,901805669,1,901805669-1,Netherlands,732,,PASS,,,D,Asc 09-1,32C,625030234,80,MR.NHỨT,CFA,Dirty Upper(2),,,,,
1,1/9/2026,VS PACE 2.0,901848852,1,901848852-1,Netherlands,880,,PASS,,,D,Asc 10-2,28C,624100065,80,MRS.VY,CFA,Dirty Collar Lining(2),,,,,
1,1/9/2026,VS PACE 2.0,901850236,1,901850236-1,Netherlands,"1,800",,PASS,,,D,Asc 03-2,34C,625020591,125,MR.THÁI,CFA,"Over Cement(2),Over Primer Upper(2),Thread Ends(2),Over Primer O'S(1)",,,,,
1,1/9/2026,VS PACE 2.0,901852608,1,901852608-1,United Kingdom,470,,PASS,,,D,Asc 09-1,32C,625030234,50,MRS.VY,CFA,"Needle Hole(1),Dirty Upper(2)",,,,,
1,1/9/2026,VS PACE 2.0,901908828,1,901908828-1,Netherlands,401,,PASS,,,D,Asc 10-2,28C,624100065,50,MRS.VY,CFA,Dirty Collar Lining(2),,,,,
1,1/9/2026,VS PACE 2.0,901984571,1,901984571-1,United Kingdom,403,,PASS,,,D,Asc 10-2,28C,624100065,50,MR.NHỨT,CFA,"Dirty Upper(1),Off Center(1)",,,,,
1,1/10/2026,VL COURT 3.0 K,901776748,1,901776748-1,USA,"5,000",,PASS,3200,P1,A,Asc 05-2,44A,625110020,125,MR.THÁI,CFA,"Over Cement(2),Wobbling(2),Thread Ends(2)",,,,,
1,1/10/2026,VL COURT 3.0 K,901807980,1,901807980-1,USA,"4,500",,PASS,3200,P1,A,Asc 07-1,20A,623110220,125,MRS.VY,CFA,"Poor Shape(2),Off Center(3)",,,,,
1,1/10/2026,VL COURT 3.0 K,901845799,1,901845799-1,Netherlands,"3,500",,PASS,3200,P1,A,Asc 04-2,40A,625060019,125,MS.NGÂN,CFA,"Wobbling(2),Dirty Upper(2),Off Center(2)",,,,,
1,1/10/2026,VL COURT 3.0 K,901897816,1,901897816-1,Netherlands,"3,500",,PASS,300,PC,A,Asc 05-2,44A,625110020,50,MS.NGÂN,CFA,Dirty Upper(2),,,,,
1,1/10/2026,ASPYRE,900987561,1,900987561-1,Italy,605,,PASS,,,A,Asc 11-2,29A,624030533,80,MS.NGÂN,CFA,"Off Center(2),Dirty Upper(2)",,,,,
1,1/10/2026,ASPYRE,901990881,1,901990881-1,Netherlands,165,,PASS,,,A,Asc 11-1,22A,624060318,32,MRS.VY,CFA,Dirty Collar Lining(1),,,,,
1,1/10/2026,ASPYRE,901993644,1,901993644-1,Italy,285,,PASS,,,A,Asc 11-2,22A,624060318,50,MR.THÁI,CFA,Wobbling(2),,,,,
1,1/10/2026,TENSAUR SPORT 3.0 CF I,901985766,1,901985766-1,United Kingdom,300,,PASS,,,A,Asc 10-1,16A,624100316,50,MR.THÁI,CFA,"Wobbling(1),Over Primer O'S(1)",,,,,
1,1/10/2026,TENSAUR SPORT 3.0 CF I,901910193,1,901910193-1,Netherlands,"1,272",,PASS,,,A,Asc 10-1,16A,624100316,125,MS.HUỲNH,CFA,"Dirty O'S(2),Poor Attaching(2)",,,,,
1,1/10/2026,TENSAUR SPORT 3.0 CF I,901960601,1,901960601-1,Kazakhstan,236,,PASS,,,A,Asc 10-2,42A,625100252,32,MR.THÁI,CFA,"Poor Attaching(1),Dirty Collar Lining(1)",,,,,
1,1/10/2026,TENSAUR SPORT 3.0 CF I,901973529,1,901973529-1,Colombia,130,,PASS,,,A,Asc 10-2,42A,625100252,20,MR.THÁI,CFA,Dirty Collar Lining(1),,,,,
1,1/10/2026,TENSAUR SPORT 3.0 CF I,901979775,1,901979775-1,Kazakhstan,416,,PASS,,,A,Asc 11-1,10A,622021050,50,MRS.VY,CFA,"Dirty Collar Lining(1),Dirty Upper(1)",,,,,
1,1/10/2026,TENSAUR SPORT 3.0 CF I,901984351,1,901984351-1,Italy,"1,595",,PASS,,,A,Asc 08-1,41A,625080141,125,MR.THÁI,CFA,"Collar Lining Wrinkle(2),Poor Attaching(3)",,,,,
1,1/10/2026,TENSAUR SPORT 3.0 CF I,902049965,1,902049965-1,Utd.Arab Emir.,"1,830",,PASS,,,A,Asc 11-1,9A,622080458,125,MRS.VY,CFA,"Over Cement(2),Dirty O'S(1)",,,,,
1,1/10/2026,TENSAUR SPORT 3.0 CF I,902053328,1,902053328-1,Utd.Arab Emir.,"1,353",,PASS,,,A,Asc 10-2,42A,625100252,125,MR.THÁI,CFA,"Wobbling(2),Dirty Upper(2),Bonding Gap(2)",,,,,
1,1/10/2026,TENSAUR SPORT 3.0 CF I,902061533,1,902061533-1,Netherlands,301,,PASS,,,A,Asc 08-1,41A,625080141,50,MR.THÁI,CFA,Poor Attaching(2),,,,,
1,1/10/2026,TENSAUR SPORT 3.0  CF K,902001448,1,902001448-1,Netherlands,980,,PASS,,,A,Asc 08-2,45A,625110021,80,MS.HUỲNH,CFA,"Over Cement(2),Dirty Upper(2)",,,,,
1,1/10/2026,TENSAUR SPORT 3.0 K,901773473,1,901773473-1,Japan,"1,455",11A,PASS,,,B3,0,11A,622021048,125,MR.NHỨT,CFA,"Dirty Collar Lining(1),Wobbling(2)",,,,,
1,1/10/2026,TENSAUR SPORT 3.0 K,901774773,1,901774773-1,Brazil,639,,PASS,,,A,Asc 05-1,23A,624110228,80,MR.THÁI,CFA,"Left/Right Component Mismatch(2),Dirty O'S(2)",,,,,
1,1/10/2026,LIGHTSHIFT 2.0,901720139,1,901720139-1,USA,500,11A,PASS,,,B3,5,11A,622021048,50,MR.NHỨT,CFA,"Dirty Collar Lining(1),Wrinkle(1)",,,,,
1,1/10/2026,LIGHTSHIFT 2.0,901914794,1,901914794-1,USA,314,R6C,PASS,,,B3,6,R6C,621020445,50,MS.NGÂN,CFA,"Wobbling(1),Over Cement(1)",,,,,
1,1/10/2026,LIGHTSHIFT 2.0,902228363,1,902228363-1,Spain,585,,PASS,,,A,Asc 01-2,31A,624060331,80,MRS.VY,CFA,"Dirty M'S(1),Wrinkle(1)",,,,,
1,1/10/2026,LIGHTSHIFT 2.0,902229743,1,902229743-1,Spain,245,,PASS,,,A,Asc 01-1,31A,624060331,32,MS.HUỲNH,CFA,Dirty Collar Lining(1),,,,,
1,1/10/2026,VL COURT 3.0 K,901850317,1,901850317-1,USA,557,,PASS,,,A,Asc 06-1,25A,624030105,80,MS.HUỲNH,CFA,"Dirty O'S(2),Bonding Gap(2)",,,,,
1,1/10/2026,VL COURT 3.0 K,901905858,1,901905858-1,United Kingdom,961,,PASS,,,A,Asc 05-1,23A,624110228,80,MRS.VY,CFA,Wobbling(2),,,,,
1,1/10/2026,Tensaur Sport 2.0 CF K,901907873,1,901907873-1,Italy,"4,639",,PASS,1439,PC,B,Asc 03-1,46B,625100092,125,MR.THÁI,CFA,"Over Primer O'S(3),Over Cement(3)",,,,,
1,1/10/2026,Tensaur Sport 2.0 CF K,901914890,1,901914890-1,Philippines,129,,PASS,,,B,Asc 02-1,27A,621030280,20,MRS.VY,CFA,Dirty Collar Lining(1),,,,,
1,1/10/2026,TENSAUR SPORT 3.0  CF K,902062712,1,902062712-1,Netherlands,600,,PASS,,,B,Asc 04-1,9B,621030996,80,MRS.VY,CFA,Dirty O'S(1),,,,,
1,1/10/2026,TENSAUR SPORT 3.0  CF K,901906503,1,901906503-1,Spain,"1,010",,PASS,,,B,Asc 03-2,84L,622030320,80,MRS.VY,CFA,"Dirty Collar Lining(1),Bonding Gap(1)",,,,,
1,1/10/2026,TENSAUR SPORT 3.0  CF K,902053612,1,902053612-1,Monaco,150,,PASS,,,B,Asc 03-2,84L,622030320,20,MR.THÁI,CFA,Off Center(1),,,,,
1,1/10/2026,TENSAUR SPORT 3.0  CF K,902063298,1,902063298-1,Utd.Arab Emir.,"1,783",,PASS,,,B,Asc 05-2,40B,625010030,125,MRS.VY,CFA,"Dirty Collar Lining(1),Dirty O'S(1),Bonding Gap(2)",,,,,
1,1/10/2026,GALAXY 7 M,901368397,1,901368397-1,United Kingdom,319,,PASS,,,C,Asc 07-1,25D,622070156,50,MRS.LY,MANAGER,No issue,,CFA(VY)AQL->TOP MANAGER(MRS.LY),,,
1,1/10/2026,GALAXY 7 M,901778583,1,901778583-1,Netherlands,"4,348",,PASS,1148,PC,C,Asc 09-2,24D,623090032,80,MR.THÁI,CFA,"Over Cement(2),Wobbling(2)",,,,,
1,1/10/2026,GALAXY 7 M,901811869,1,901811869-1,Netherlands,329,,PASS,,,C,Asc 08-1,21D,623030007,50,MS.HUỲNH,CFA,"Dirty M'S(2),Over Cement(2)",,,,,
1,1/10/2026,GALAXY 7 M,901896876,1,901896876-1,Spain,139,,PASS,,,C,Asc 11-1,11,623120136,20,MS.HUỲNH,CFA,Over Cement(1),,,,,
1,1/10/2026,GALAXY 7 M,901775290,1,901775290-1,Spain,"2,510",17B,PASS,,,B3,2,17B,621120120,125,MR.THÁI,CFA,"Over Cement(3),Dirty O'S(2)",,,,,
1,1/10/2026,GALAXY 7 M,901894064,1,901894064-1,Italy,425,,PASS,,,C,Asc 09-2,24D,623090032,50,MRS.VY,CFA,"Wobbling(1),Wrinkle(1)",,,,,
1,1/10/2026,GALAXY 7 M,901895600,1,901895600-1,Netherlands,507,,PASS,,,C,Asc 04-2,27D,623090194,80,MS.HUỲNH,CFA,Dirty Collar Lining(2),,,,,
1,1/10/2026,TENSAUR SPORT 3.0 K,901296626,1,901296626-1,United Kingdom,"1,099",,PASS,,,C,Asc 02-2,4D,625100152,80,MS.NGÂN,CFA,"Bonding Gap(1),Dirty Upper(3)",,,,,
1,1/10/2026,TENSAUR SPORT 3.0 K,901966260,1,901966260-1,Utd.Arab Emir.,120,,PASS,,,C,Asc 02-1,2D,625080009,20,MR.THÁI,CFA,Over Primer O'S(1),,,,,
1,1/10/2026,TENSAUR SPORT 3.0 K,901973277,1,901973277-1,Colombia,100,,PASS,,,C,Asc 03-1,8C,624070252,20,MS.HUỲNH,CFA,Thread Ends(1),,,,,
1,1/10/2026,TENSAUR SPORT 3.0 K,902053446,1,902053446-1,Monaco,200,,PASS,,,C,Asc 03-1,8C,624070252,32,MR.NHỨT,CFA,Dirty O'S(1),,,,,
1,1/10/2026,TENSAUR SPORT 3.0 K,902053606,1,902053606-1,Utd.Arab Emir.,"1,039",,PASS,,,C,Asc 01-1,11D,624080127,80,MRS.VY,CFA,"Thread Ends(2),Bonding Gap(2)",,,,,
1,1/10/2026,VS PACE 2.0,901910690,1,901910690-1,Netherlands,"2,000",,PASS,,,C,Asc 05-1,6D,625120024,125,MR.THÁI,CFA,"Over Cement(3),Dirty Upper(2)",,,,,
1,1/10/2026,VS PACE 2.0,901974734,1,901974734-1,Monaco,325,,PASS,,,C,Asc 03-1,8C,624070252,50,MS.HUỲNH,CFA,Over Cement(2),,,,,
1,1/10/2026,VS PACE 2.0,902007246,1,902007246-1,Netherlands,"1,371",,PASS,,,C,Asc 03-2,20D,624080083,125,MS.HUỲNH,CFA,"Over Primer O'S(2),Bonding Gap(2),Over Cement(2)",,,,,
1,1/10/2026,VS PACE 2.0,901777830,1,901777830-1,Japan,"1,607",4C,PASS,,,B3,0,4C,624020153,125,MR.THÁI,CFA,"Dirty Upper(2),Dirty O'S(2),Dirty Collar Lining(2)",,,,,
1,1/10/2026,ADVANTAGE,901851284,1,901851284-1,Philippines,126,,PASS,,,D,Asc 07-2,42C,625110069,20,MR.THÁI,CFA,Dirty Upper(1),,,,,
1,1/10/2026,ADVANTAGE,901946453,1,901946453-1,USA,766,,PASS,,,D,Asc 05-1,18D,625030163,80,MRS.VY,CFA,Bonding Gap(1),,,,,
1,1/10/2026,GRAND COURT 3.0,901846024,1,901846024-1,United Kingdom,300,,PASS,,,D,Asc 03-1,12C,624080082,50,MS.HUỲNH,CFA,Over Primer O'S(2),,,,,
1,1/10/2026,GRAND COURT 3.0,901892635,1,901892635-1,Netherlands,300,,PASS,,,D,Asc 03-1,R6D,619080327,50,MS.HUỲNH,CFA,"Dirty Upper(1),Dirty O'S(1),Bonding Gap(1)",,,,,
1,1/10/2026,GRAND COURT 3.0,901895129,1,901895129-1,Netherlands,303,,PASS,,,D,Asc 04-1,33C,625030360,50,MRS.VY,CFA,Bonding Gap(1),,,,,
1,1/10/2026,URBAN COURT,901846865,1,901846865-1,Netherlands,"6,420",,PASS,3220,P2+PC,D,Asc 01-1,39C,625090192,130,MS.HUỲNH,CFA,"Collar Lining Wrinkle(2),Wrinkle(2),Bonding Gap(2)",,,,,
1,1/10/2026,VS PACE 2.0,901909369,1,901909369-1,Netherlands,380,,PASS,,,D,Asc 03-2,5C,621120400,50,MRS.VY,CFA,Dirty Upper(1),,,,,
1,1/10/2026,VS PACE 2.0,901909459,1,901909459-1,United Kingdom,530,,PASS,,,D,Asc 03-2,34C,625020591,80,MR.THÁI,CFA,"Thread Ends(2),Dirty Upper(2)",,,,,
1,1/10/2026,VS PACE 2.0,901971281,1,901971281-1,Mexico,300,,PASS,,,D,Asc 11-1,38C,625090293,50,MRS.VY,CFA,Dirty Upper(1),,,,,
1,1/10/2026,VS PACE 2.0,901986051,1,901986051-1,United Kingdom,647,,PASS,,,D,Asc 03-2,34C,625020591,80,MS.HUỲNH,CFA,"Over Primer O'S(2),Over Cement(2)",,,,,
1,1/10/2026,VS PACE 2.0,902009258,1,902009258-1,Netherlands,"1,044",,PASS,,,D,Asc 10-1,14C,624020152,80,MS.HUỲNH,CFA,"Dirty Upper(2),Thread Ends(2)",,,,,
1,1/10/2026,URBAN COURT,901968515,1,901968515-1,Spain,"1,153",,FAIL,,,D,Asc 02-2,35C,625050156,125,MS.NGÂN,CFA,Bonding Gap(13),OFFICIAL,,,,
1,1/12/2026,TENSAUR SPORT 3.0 CF I,901390559,1,901390559-1,Netherlands,410,,PASS,,,A,Asc 10-1,16A,624100316,50,MS.NGÂN,CFA,"Dirty Collar Lining(2),Dirty Upper(1),Over Primer O'S(1)",,,,,
1,1/12/2026,TENSAUR SPORT 3.0 CF I,901853236,1,901853236-1,United Kingdom,400,,PASS,,,A,Asc 10-1,16A,624100316,50,MR.THÁI,CFA,"Wobbling(2),Over Primer O'S(1)",,,,,
1,1/12/2026,TENSAUR SPORT 3.0 CF I,901974836,1,901974836-1,Utd.Arab Emir.,166,,PASS,,,A,Asc 11-1,9A,622080458,32,MR.THÁI,CFA,Wrinkle(1),,,,,
1,1/12/2026,TENSAUR SPORT 3.0 CF I,901977454,1,901977454-1,Colombia,693,,PASS,,,A,Asc 10-1,16A,624100316,80,MR.THÁI,CFA,"Wobbling(2),Bonding Gap(1),Collar Lining Wrinkle(1)",,,,,
1,1/12/2026,TENSAUR SPORT 3.0 CF I,901984430,1,901984430-1,Italy,505,,PASS,,,A,Asc 10-1,16A,624100316,80,MRS.VY,CFA,"Broken Stitching(1),Wobbling(1)",,,,,
1,1/12/2026,TENSAUR SPORT 3.0  CF K,902055822,1,902055822-1,Italy,365,,PASS,,,A,Asc 08-2,45A,625110021,50,MS.HUỲNH,CFA,"Dirty Upper(1),Wobbling(1)",,,,,
1,1/12/2026,TENSAUR SPORT 3.0  CF K,902060641,1,902060641-1,Netherlands,321,,PASS,,,A,Asc 08-2,45A,625110021,50,MS.HUỲNH,CFA,"Over Primer Upper(2),Dirty Collar Lining(1)",,,,,
1,1/12/2026,TENSAUR SPORT 3.0  CF K,902051234,1,902051234-1,Utd.Arab Emir.,"1,628",,PASS,,,A,Asc 11-2,22A,624060318,125,MS.NGÂN,CFA,Over Primer O'S(4),,,,,
1,1/12/2026,VL COURT 3.0 K,901846729,1,901846729-1,USA,401,,PASS,,,A,Asc 03-1,29A,624030533,50,MS.HUỲNH,CFA,Wobbling(2),,,,,
1,1/12/2026,VL COURT 3.0 K,901903903,1,901903903-1,Italy,"4,642",,PASS,3200,P1,A,Asc 05-2,44A,625110020,125,MS.HUỲNH,CFA,"Off Center(2),Bonding Gap(2),Dirty O'S(2)",,,,,
1,1/12/2026,Tensaur Sport 2.0 CF K,901898564,1,901898564-1,Italy,"4,640",,PASS,3200,P1,B,Asc 02-2,25B,621100361,125,MRS.VY,CFA,"Needle Hole(1),Material Damaged(1),Poor Stitching(1)",,,,,
1,1/12/2026,Tensaur Sport 2.0 K,901905318,1,901905318-1,United Kingdom,960,,PASS,,,B,Asc 03-1,46B,625100092,80,MRS.VY,CFA,Over Primer O'S(1),,,,,
1,1/12/2026,Tensaur Sport 2.0 K,901907071,1,901907071-1,Netherlands,"2,400",,PASS,,,B,Asc 02-1,27A,621030280,125,MS.HUỲNH,CFA,"Off Center(2),Poor Shape(2)",,,,,
1,1/12/2026,TENSAUR SPORT 3.0  CF K,902235297,1,902235297-1,Italy,"2,250",,PASS,,,B,Asc 01-2,42B,625030063,125,MRS.VY,CFA,"Dirty Upper(2),Dirty O'S(1),Thread Ends(1)",,,,,
1,1/12/2026,TENSAUR SPORT 3.0  CF K,901666328,1,901666328-1,Panama,204,,PASS,,,B,Asc 04-2,43B,625030363,32,MS.HUỲNH,CFA,Dirty Upper(1),,,,,
1,1/12/2026,TENSAUR SPORT 3.0  CF K,902059673,1,902059673-1,Utd.Arab Emir.,"2,002",,PASS,,,B,Asc 06-1,18B,620030032,125,MS.HUỲNH,CFA,"Collar Lining Wrinkle(2),Dirty Upper(2),Dirty O'S(2)",,,,,
1,1/12/2026,TENSAUR SPORT 3.0  CF K,902060025,1,902060025-1,Utd.Arab Emir.,"1,781",,PASS,,,B,Asc 05-2,40B,625010030,125,MS.HUỲNH,CFA,"Poor Shape(2),Dirty Collar Lining(2),Dirty O'S(2)",,,,,
1,1/12/2026,GALAXY 7 M,901703700,1,901703700-1,United Kingdom,360,,PASS,,,C,Asc 10-1,13D,624100308,50,MR.THÁI,CFA,Over Cement(2),,,,,
1,1/12/2026,GALAXY 7 M,901838156,1,901838156-1,Netherlands,"2,180",,PASS,,,C,Asc 04-1,33D,624070020,125,MS.NGÂN,CFA,"Over Cement(3),Dirty O'S(3)",,,,,
1,1/12/2026,GALAXY 7 M,901838539,1,901838539-1,United Kingdom,505,,PASS,,,C,Asc 10-2,9D,625120023,80,MR.NHỨT,CFA,"Collar Lining Wrinkle(1),Wrinkle(1),Wobbling(1)",,,,,
1,1/12/2026,GALAXY 7 M,901843959,1,901843959-1,Netherlands,706,,PASS,,,C,Asc 07-2,29D,624040410,80,MR.NHỨT,CFA,Wrinkle(1),,,,,
1,1/12/2026,GALAXY 7 M,901849826,1,901849826-1,Netherlands,"1,629",,PASS,,,C,Asc 11-2,28D,625080255,125,MS.NGÂN,CFA,"Wrinkle(2),Over Cement(2),Wobbling(2),Dirty M'S(1)",,,,,
1,1/12/2026,GALAXY 7 M,901959978,1,901959978-1,Italy,925,,PASS,,,C,Asc 06-2,17D,624060040,80,MS.NGÂN,CFA,"Dirty M'S(2),Over Cement(2),Wrinkle(1)",,,,,
1,1/12/2026,GALAXY 7 M,901966885,1,901966885-1,United Kingdom,410,,PASS,,,C,Asc 04-1,33D,624070020,50,MRS.VY,CFA,"Over Primer O'S(1),Dirty Upper(1),Wobbling(1)",,,,,
1,1/12/2026,GALAXY 7 M,901973446,1,901973446-1,Netherlands,300,,PASS,,,C,Asc 11-1,11,623120136,50,MR.THÁI,CFA,Dirty O'S(2),,,,,
1,1/12/2026,GALAXY 7 M,901977624,1,901977624-1,United Kingdom,626,,PASS,,,C,Asc 07-1,25D,622070156,80,MR.NHỨT,CFA,"Wrinkle(1),Dirty Collar Lining(1)",,,,,
1,1/12/2026,GALAXY 7 M,901847983,1,901847983-1,Netherlands,"1,212",,PASS,,,C,Asc 06-1,19D,625080253,125,MR.NHỨT,CFA,"Collar Lining Wrinkle(1),Wrinkle(1),Wobbling(1)",,,,,
1,1/12/2026,GALAXY 7 M,901859912,1,901859912-1,United Kingdom,500,,PASS,,,C,Asc 06-2,17D,624060040,50,MRS.VY,CFA,Wobbling(2),,,,,
1,1/12/2026,GALAXY 7 M,901868290,1,901868290-1,Spain,"2,400",,PASS,,,C,Asc 08-1,21D,623030007,125,MR.NHỨT,CFA,"Off Center(1),Collar Lining Wrinkle(1),Wrinkle(1)",,,,,
1,1/12/2026,GALAXY 7 M,901893461,1,901893461-1,Netherlands,414,,PASS,,,C,Asc 09-1,22D,623090063,50,MR.THÁI,CFA,"Wrinkle(1),Over Cement(2)",,,,,
1,1/12/2026,GALAXY 7 M,901893581,1,901893581-1,United Kingdom,632,,PASS,,,C,Asc 09-2,24D,623090032,80,MS.HUỲNH,CFA,"Over Cement(2),Over Primer O'S(1)",,,,,
1,1/12/2026,GALAXY 7 M,901895006,1,901895006-1,United Kingdom,327,,PASS,,,C,Asc 09-1,22D,623090063,50,MS.HUỲNH,CFA,Dirty Collar Lining(2),,,,,
1,1/12/2026,GRAND COURT 2.0,901903723,1,901903723-1,Italy,"4,640",,PASS,3200,P1,C,Asc 01-2,31D,624040282,125,MS.HUỲNH,CFA,"Collar Lining Wrinkle(2),Dirty O'S(2),Bonding Gap(2)",,,,,
1,1/12/2026,TENSAUR SPORT 3.0 K,901971096,1,901971096-1,Utd.Arab Emir.,186,,PASS,,,C,Asc 02-1,2D,625080009,32,MRS.LY,MANAGER,No issue,,CFA(NGÂN)AQL->TOP MANAGER(MRS.LY),,,
1,1/12/2026,TENSAUR SPORT 3.0 K,901974185,1,901974185-1,Chile,150,,PASS,,,C,Asc 01-1,11D,624080127,20,MR.NHỨT,CFA,Collar Lining Damaged(1),,,,,
1,1/12/2026,TENSAUR SPORT 3.0 K,901983785,1,901983785-1,Chile,125,,PASS,,,C,Asc 03-1,8C,624070252,20,MRS.LY,MANAGER,No issue,,CFA(NGÂN)AQL->TOP MANAGER(MRS.LY),,,
1,1/12/2026,TENSAUR SPORT 3.0 K,902003625,1,902003625-1,Netherlands,"1,897",,PASS,,,C,Asc 03-1,8C,624070252,125,MRS.VY,CFA,"Dirty Collar Lining(1),Dirty O'S(1),Over Primer O'S(2)",,,,,
1,1/12/2026,TENSAUR SPORT 3.0 K,902052139,1,902052139-1,Monaco,150,,PASS,,,C,Asc 03-1,8C,624070252,20,MR.NHỨT,CFA,Dirty Upper(1),,,,,
1,1/12/2026,TENSAUR SPORT 3.0 K,902054377,1,902054377-1,Monaco,200,,PASS,,,C,Asc 03-1,8C,624070252,32,MS.HUỲNH,CFA,"Dirty O'S(1),Dirty Upper(1)",,,,,
1,1/12/2026,TENSAUR SPORT 3.0 K,902054866,1,902054866-1,Monaco,150,,PASS,,,C,Asc 03-1,8C,624070252,20,MS.NGÂN,CFA,Thread Ends(1),,,,,
1,1/12/2026,URBAN COURT,901587236,1,901587236-1,Japan,"1,215",1D,PASS,,,B3,0,1D,622050542,125,MRS.VY,CFA,"Off Center(1),Dirty O'S(1),Collar Lining Damaged(1)",,,,,
1,1/12/2026,ADVANTAGE 2.0,901166979,1,901166979-1,Italy,300,,PASS,,,D,Asc 08-1,1C,623090139,50,MS.HUỲNH,CFA,Bonding Gap(1),,,,,
1,1/12/2026,VS PACE 2.0,901910231,1,901910231-1,Netherlands,"1,600",,PASS,,,D,Asc 09-1,32C,625030234,125,MR.THÁI,CFA,"Poor Attaching(2),Dirty Upper(2)",,,,,
1,1/12/2026,VS PACE 2.0,901974867,1,901974867-1,Monaco,451,,PASS,,,D,Asc 11-1,38C,625090293,50,MS.NGÂN,CFA,"Dirty Collar Lining(2),Dirty O'S(1)",,,,,
1,1/12/2026,ADVANTAGE,901595107,1,901595107-1,Thailand,218,,PASS,,,D,Asc 08-2,17C,624030608,32,MR.THÁI,CFA,"Bonding Gap(1),Wrinkle(1)",,,,,
1,1/12/2026,ADVANTAGE,901595682,1,901595682-1,Thailand,445,,PASS,,,D,Asc 08-2,17C,624030608,50,MRS.VY,CFA,Dirty Upper(1),,,,,
1,1/12/2026,ADVANTAGE,901810111,1,901810111-1,Thailand,376,,PASS,,,D,Asc 07-2,42C,625110069,50,MR.THÁI,CFA,"Poor Shape(1),Bonding Gap(1)",,,,,
1,1/12/2026,ADVANTAGE,901902578,1,901902578-1,Italy,"4,060",,PASS,3200,P1,D,Asc 07-2,42C,625110069,125,MR.NHỨT,CFA,"Wrinkle(2),Bonding Gap(1),Off Center(1),Dirty O'S(1)",,,,,
1,1/12/2026,ADVANTAGE,901946444,1,901946444-1,USA,"1,028",,PASS,,,D,Asc 06-1,36C,625050250,80,MR.THÁI,CFA,"Dirty O'S(2),Bonding Gap(2)",,,,,
1,1/12/2026,ADVANTAGE,901946445,1,901946445-1,USA,519,,PASS,,,D,Asc 05-1,18D,625030163,80,MR.NHỨT,CFA,"Collar Lining Wrinkle(1),Bonding Gap(1)",,,,,
1,1/12/2026,VL COURT 3.0 K,901912220,1,901912220-1,Netherlands,440,,PASS,,,D,Asc 05-2,40C,625100153,50,MRS.VY,CFA,"Broken Stitching(1),Wrinkle(1)",,,,,
1,1/12/2026,VL COURT 3.0 K,902228379,1,902228379-1,Spain,340,,PASS,,,D,Asc 04-2,12C,624080082,50,MRS.LY,MANAGER,No issue,,CFA(NGÂN)AQL->TOP MANAGER(MRS.LY),,,
1,1/12/2026,GRAND COURT 3.0,901895876,1,901895876-1,Italy,560,,PASS,,,D,Asc 04-1,33C,625030360,80,MR.THÁI,CFA,"Dirty Upper(2),Bonding Gap(3)",,,,,
1,1/12/2026,VL COURT 3.0 K,901779143,1,901779143-1,USA,425,,PASS,,,D,Asc 04-2,12C,624080082,50,MRS.VY,CFA,"Over Cement(1),Wobbling(1)",,,,,
1,1/12/2026,URBAN COURT,901467833,1,901467833-1,Netherlands,300,,PASS,,,D,Asc 01-1,39C,625090192,50,MS.HUỲNH,CFA,"Bonding Gap(2),Dirty Collar Lining(1)",,,,,
1,1/12/2026,URBAN COURT,901806026,1,901806026-1,Netherlands,"6,960",,PASS,560,PC,D,Asc 02-1,11C,624070393,80,MS.NGÂN,CFA,"Dirty Upper(2),Bonding Gap(2)",,,,,
1,1/12/2026,URBAN COURT,901968515,1,901968515-1,Spain,"1,153",15D,PASS,,,B3,3,15D,622020913,80,MS.NGÂN,CFA,"Dirty O'S(2),Over Cement(2),Bonding Gap(1)",,,,,
1,1/12/2026,VS PACE 2.0,901910778,1,901910778-1,United Kingdom,530,,PASS,,,D,Asc 10-2,28C,624100065,80,MS.NGÂN,CFA,"Off Center(1),Over Cement(1)",,,,,
1,1/12/2026,VS PACE 2.0,901912330,1,901912330-1,United Kingdom,530,,PASS,,,D,Asc 03-2,34C,625020591,80,MS.HUỲNH,CFA,Over Cement(3),,,,,
1,1/13/2026,Tensaur Sport 2.0 CF I,901908010,1,901908010-1,Netherlands,"1,502",,PASS,,,A,Asc 10-2,42A,625100252,125,MR.MOON,MANAGER,No issue,,CFA(THÁI)AQL->TOP MANAGER(MR.MOON),,,
1,1/13/2026,VL COURT 3.0 K,901776748,1,901776748-1,USA,"5,000",,PASS,1800,PC,A,Asc 02-1,30A,624070060,125,MR.THÁI,CFA,"Off Center(2),Over Cement(2),Over Primer O'S(2)",,,,,
1,1/13/2026,VL COURT 3.0 K,901915265,1,901915265-1,USA,981,,PASS,,,A,Asc 07-2,12A,622021407,80,MR.THÁI,CFA,"Over Cement(2),Over Primer O'S(2)",,,,,
1,1/13/2026,TENSAUR SPORT 3.0 CF I,901993245,1,901993245-1,Netherlands,104,,PASS,,,A,Asc 11-1,9A,622080458,20,MR.THÁI,CFA,Thread Ends(1),,,,,
1,1/13/2026,TENSAUR SPORT 3.0 CF I,901618573,1,901618573-1,Panama,429,,PASS,,,A,Asc 11-1,9A,622080458,50,MS.NGÂN,CFA,"Dirty O'S(1),Bonding Gap(1),Poor Attaching(1)",,,,,
1,1/13/2026,TENSAUR SPORT 3.0 CF I,901777325,1,901777325-1,Brazil,400,,PASS,,,A,Asc 10-1,16A,624100316,50,MR.MOON,MANAGER,No issue,,CFA(THÁI)AQL->TOP MANAGER(MR.MOON),,,
1,1/13/2026,TENSAUR SPORT 3.0 CF I,901911063,1,901911063-1,United Kingdom,340,,PASS,,,A,Asc 11-1,10A,622021050,50,MR.NHỨT,CFA,"Poor Attaching(1),Dirty O'S(1)",,,,,
1,1/13/2026,TENSAUR SPORT 3.0 CF I,901963113,1,901963113-1,Utd.Arab Emir.,154,,PASS,,,A,Asc 08-1,41A,625080141,32,MRS.VY,CFA,Bonding Gap(1),,,,,
1,1/13/2026,TENSAUR SPORT 3.0 CF I,901978207,1,901978207-1,Kazakhstan,642,,PASS,,,A,Asc 11-1,9A,622080458,80,MR.NHỨT,CFA,Poor Stitching(3),,,,,
1,1/13/2026,TENSAUR SPORT 3.0 CF I,901978338,1,901978338-1,Kazakhstan,386,,PASS,,,A,Asc 10-2,42A,625100252,50,MS.HUỲNH,CFA,Dirty O'S(2),,,,,
1,1/13/2026,TENSAUR SPORT 3.0 CF I,901985662,1,901985662-1,United Kingdom,"1,432",,PASS,,,A,Asc 11-1,9A,622080458,125,MRS.VY,CFA,Bonding Gap(3),,,,,
1,1/13/2026,TENSAUR SPORT 3.0 CF I,901988383,1,901988383-1,Netherlands,384,,PASS,,,A,Asc 08-1,41A,625080141,50,MS.HUỲNH,CFA,Dirty O'S(2),,,,,
1,1/13/2026,TENSAUR SPORT 3.0 CF I,901989679,1,901989679-1,United Kingdom,107,,PASS,,,A,Asc 08-1,41A,625080141,20,MRS.VY,CFA,Thread Ends(1),,,,,
1,1/13/2026,TENSAUR SPORT 3.0 CF I,902051601,1,902051601-1,United Kingdom,380,,PASS,,,A,Asc 10-2,42A,625100252,50,MR.NHỨT,CFA,Over Primer O'S(2),,,,,
1,1/13/2026,TENSAUR SPORT 3.0 CF I,902053120,1,902053120-1,Italy,315,,PASS,,,A,Asc 08-1,41A,625080141,50,MR.NHỨT,CFA,"Wrinkle(1),Dirty O'S(1)",,,,,
1,1/13/2026,TENSAUR SPORT 3.0 CF I,902056027,1,902056027-1,Utd.Arab Emir.,"1,352",,PASS,,,A,Asc 11-1,10A,622021050,125,MR.NHỨT,CFA,"Wrinkle(2),Thread Ends(2),Uneven Collar Top Line(1)",,,,,
1,1/13/2026,TENSAUR SPORT 3.0 CF I,902059832,1,902059832-1,Morocco,"1,196",,PASS,,,A,Asc 10-1,16A,624100316,80,MR.NHỨT,CFA,"Wrinkle(1),Dirty Collar Lining(3)",,,,,
1,1/13/2026,TENSAUR SPORT 3.0 CF I,902062168,1,902062168-1,Spain,304,,PASS,,,A,Asc 08-1,41A,625080141,50,MR.NHỨT,CFA,Dirty O'S(2),,,,,
1,1/13/2026,Tensaur Run 3.0 EL I,902060868,1,902060868-1,United Kingdom,630,,PASS,,,A,Asc 06-1,25A,624030105,80,MR.NHỨT,CFA,Wobbling(2),,,,,
1,1/13/2026,Tensaur Run 3.0 EL I,902065171,1,902065171-1,Netherlands,728,,PASS,,,A,Asc 06-1,25A,624030105,80,MR.THÁI,CFA,"Collar Lining Wrinkle(2),Left/Right Component Mismatch(1)",,,,,
1,1/13/2026,TENSAUR SPORT 3.0  CF K,902068916,1,902068916-1,United Kingdom,542,,PASS,,,A,Asc 09-2,43A,625100258,80,MR.NHỨT,CFA,"Wrinkle(1),Poor Attaching(1)",,,,,
1,1/13/2026,TENSAUR SPORT 3.0  CF K,902231839,1,902231839-1,Netherlands,"1,212",,PASS,,,A,Asc 09-2,43A,625100258,125,MS.NGÂN,CFA,"Wobbling(2),Dirty Upper(2),Dirty O'S(2)",,,,,
1,1/13/2026,TENSAUR SPORT 3.0  CF K,901966490,1,901966490-1,Utd.Arab Emir.,427,,PASS,,,A,Asc 11-2,22A,624060318,50,MR.THÁI,CFA,"Dirty Collar Lining(1),Over Primer O'S(2)",,,,,
1,1/13/2026,TENSAUR SPORT 3.0  CF K,902056145,1,902056145-1,Utd.Arab Emir.,"1,458",,PASS,,,A,Asc 06-2,17A,624030271,125,MS.HUỲNH,CFA,"Collar Lining Wrinkle(2),Thread Ends(2),Over Primer O'S(2)",,,,,
1,1/13/2026,VL COURT 3.0 K,901773601,1,901773601-1,Panama,238,,PASS,,,A,Asc 03-1,29A,624030533,32,MS.HUỲNH,CFA,Wobbling(2),,,,,
1,1/13/2026,VL COURT 3.0 K,901845512,1,901845512-1,USA,320,,PASS,,,A,Asc 03-1,29A,624030533,50,MS.NGÂN,CFA,"Wrinkle(1),Wobbling(1),Dirty O'S(1)",,,,,
1,1/13/2026,VL COURT 3.0 K,901862444,1,901862444-1,USA,592,,PASS,,,A,Asc 03-1,29A,624030533,80,MR.NHỨT,CFA,"Dirty Collar Lining(2),Bonding Gap(2),Different Color Leather(1)",,,,,
1,1/13/2026,VL COURT 3.0 K,901862603,1,901862603-1,USA,"5,000",,PASS,3200,P1,A,Asc 03-2,8A,624020086,125,MS.NGÂN,CFA,"Wobbling(2),Wrinkle(2),Over Cement(2)",,,,,
1,1/13/2026,LIGHTSHIFT 2.0,4500809828,1,4500809828-1,South Africa,"1,050",,PASS,,,A,Asc 01-2,R4A,620080362,20,MR.BÌNH,LOP,Off Center(1),,,,,
1,1/13/2026,VL COURT 3.0 K,901903903,1,901903903-1,Italy,"4,642",,PASS,1442,PC,A,Asc 05-2,44A,625110020,125,MS.HUỲNH,CFA,"Off Center(2),Over Cement(2)",,,,,
1,1/13/2026,Tensaur Sport 2.0 CF K,901898564,1,901898564-1,Italy,"4,640",,PASS,1440,PC,B,Asc 02-1,27A,621030280,125,MR.NHỨT,CFA,Wobbling(2),,,,,
1,1/13/2026,Tensaur Sport 2.0 CF K,901899139,1,901899139-1,United Kingdom,961,,PASS,,,B,Asc 01-1,38A,622020703,80,MS.HUỲNH,CFA,"Wobbling(2),Dirty Collar Lining(2),Thread Ends(1)",,,,,
1,1/13/2026,Tensaur Sport 2.0 CF K,901904040,1,901904040-1,Netherlands,"2,399",,PASS,,,B,Asc 04-1,9B,621030996,125,MS.NGÂN,CFA,"Left/Right Component Mismatch(2),Bonding Gap(2),Dirty O'S(2)",,,,,
1,1/13/2026,Tensaur Sport 2.0 K,901902721,1,901902721-1,United Kingdom,960,,PASS,,,B,Asc 01-2,42B,625030063,80,MR.NHỨT,CFA,"Dirty O'S(1),Poor Shape(1)",,,,,
1,1/13/2026,Tensaur Sport 2.0 K,901903053,1,901903053-1,Italy,"4,640",,PASS,3200,P1,B,Asc 01-1,38A,622020703,125,MS.NGÂN,CFA,"Left/Right Component Mismatch(2),Bonding Gap(2),Dirty Collar Lining(2)",,,,,
1,1/13/2026,Tensaur Sport 2.0 K,901905505,1,901905505-1,Netherlands,"2,400",,PASS,,,B,Asc 04-1,9B,621030996,125,MS.HUỲNH,CFA,"Wobbling(2),Bonding Gap(2),Dirty Upper(2)",,,,,
1,1/13/2026,TENSAUR SPORT 3.0  CF K,901979949,1,901979949-1,Kazakhstan,"1,550",,PASS,,,B,Asc 06-2,26B,623090198,125,MR.NHỨT,CFA,"Thread Ends(2),Wobbling(2)",,,,,
1,1/13/2026,TENSAUR SPORT 3.0  CF K,901985910,1,901985910-1,Netherlands,460,,PASS,,,B,Asc 01-2,42B,625030063,50,MS.NGÂN,CFA,"Poor Attaching(1),Dirty O'S(1)",,,,,
1,1/13/2026,TENSAUR SPORT 3.0  CF K,901987491,1,901987491-1,Netherlands,"2,268",,PASS,,,B,Asc 04-2,43B,625030363,32,MR.BÌNH,LOP,Off Center(1),,,,,
1,1/13/2026,TENSAUR SPORT 3.0  CF K,901993498,1,901993498-1,Italy,605,,PASS,,,B,Asc 01-1,38A,622020703,80,MR.NHỨT,CFA,"Thread Ends(2),Poor Attaching(2)",,,,,
1,1/13/2026,TENSAUR SPORT 3.0  CF K,901251041,1,901251041-1,Brazil,102,,PASS,,,B,Asc 06-2,26B,623090198,20,MR.NHỨT,CFA,Off Center(1),,,,,
1,1/13/2026,TENSAUR SPORT 3.0  CF K,901618410,1,901618410-1,Panama,242,,PASS,,,B,Asc 04-1,9B,621030996,32,MR.NHỨT,CFA,Dirty O'S(2),,,,,
1,1/13/2026,TENSAUR SPORT 3.0  CF K,901869792,1,901869792-1,Spain,"1,010",,PASS,,,B,Asc 05-2,40B,625010030,80,MR.NHỨT,CFA,"Bonding Gap(2),Dirty Collar Lining(1)",,,,,
1,1/13/2026,TENSAUR SPORT 3.0  CF K,901960441,1,901960441-1,Kazakhstan,"1,707",,PASS,,,B,Asc 01-2,42B,625030063,125,MS.HUỲNH,CFA,"Over Primer O'S(2),Dirty O'S(2),Dirty Upper(2)",,,,,
1,1/13/2026,TENSAUR SPORT 3.0  CF K,902003473,1,902003473-1,Netherlands,500,,PASS,,,B,Asc 04-2,43B,625030363,50,MR.NHỨT,CFA,"Dirty Collar Lining(2),Poor Attaching(1)",,,,,
1,1/13/2026,GALAXY 7 M,901838156,1,901838156-1,Netherlands,"2,180",,PASS,,,C,Asc 11-2,28D,625080255,32,MR.BÌNH,LOP,Over Cement(1),,,,,
1,1/13/2026,GALAXY 7 M,901843013,1,901843013-1,United Kingdom,"1,000",,PASS,,,C,Asc 10-2,9D,625120023,80,MR.THÁI,CFA,"Wobbling(2),Over Cement(2)",,,,,
1,1/13/2026,GALAXY 7 M,901895724,1,901895724-1,Italy,290,,PASS,,,C,Asc 07-1,16,621070084,50,MR.THÁI,CFA,Wobbling(2),,,,,
1,1/13/2026,GALAXY 7 M,901896734,1,901896734-1,Netherlands,"1,351",,PASS,,,C,Asc 11-1,11,623120136,125,MRS.VY,CFA,"Wrinkle(3),Over Primer O'S(3)",,,,,
1,1/13/2026,GALAXY 7 M,901986007,1,901986007-1,Italy,"1,195",,PASS,,,C,Asc 10-1,13D,624100308,80,MR.THÁI,CFA,"Over Cement(2),Dirty M'S(2)",,,,,
1,1/13/2026,GALAXY 7 M,902003339,1,902003339-1,United Kingdom,517,,PASS,,,C,Asc 07-2,29D,624040410,80,MRS.VY,CFA,"Wrinkle(2),Dirty Upper(1)",,,,,
1,1/13/2026,GALAXY 7 M,901851593,1,901851593-1,Netherlands,322,,PASS,,,C,Asc 10-1,13D,624100308,50,MR.NHỨT,CFA,Wrinkle(2),,,,,
1,1/13/2026,GALAXY 7 M,901963391,1,901963391-1,Italy,840,,PASS,,,C,Asc 06-1,19D,625080253,80,MR.NHỨT,CFA,"Wrinkle(2),Dirty Upper(2)",,,,,
1,1/13/2026,GALAXY 7 M,901973306,1,901973306-1,Netherlands,532,,PASS,,,C,Asc 10-1,13D,624100308,80,MRS.VY,CFA,"Wrinkle(2),Dirty M'S(2)",,,,,
1,1/13/2026,GALAXY 7 W,901941964,1,901941964-1,Mexico,410,,PASS,,,C,Asc 08-2,8D,624080430,50,MS.HUỲNH,CFA,Dirty O'S(2),,,,,
1,1/13/2026,GALAXY 7 W,901941956,1,901941956-1,Mexico,626,,PASS,,,C,Asc 08-2,8D,624080430,80,MS.HUỲNH,CFA,"Collar Lining Wrinkle(2),Dirty Collar Lining(2)",,,,,
1,1/13/2026,GRAND COURT 2.0,901901309,1,901901309-1,Netherlands,"1,500",,PASS,,,C,Asc 01-2,31D,624040282,125,MR.THÁI,CFA,"Bonding Gap(2),Over Cement(2),Dirty O'S(2)",,,,,
1,1/13/2026,TENSAUR SPORT 3.0 K,901851799,1,901851799-1,Mexico,360,,PASS,,,C,Asc 02-2,4D,625100152,50,MRS.VY,CFA,"Broken Stitching(1),Dirty Upper(1)",,,,,
1,1/13/2026,TENSAUR SPORT 3.0 K,901909662,1,901909662-1,Italy,"1,610",,PASS,,,C,Asc 02-2,4D,625100152,125,MS.HUỲNH,CFA,"Poor Shape(2),Dirty Upper(2)",,,,,
1,1/13/2026,TENSAUR SPORT 3.0 K,901965643,1,901965643-1,Utd.Arab Emir.,198,,PASS,,,C,Asc 01-1,11D,624080127,32,MS.HUỲNH,CFA,Off Center(1),,,,,
1,1/13/2026,TENSAUR SPORT 3.0 K,901971699,1,901971699-1,Chile,135,,PASS,,,C,Asc 03-1,8C,624070252,20,MR.NHỨT,CFA,Dirty Upper(1),,,,,
1,1/13/2026,TENSAUR SPORT 3.0 K,901979654,1,901979654-1,Kazakhstan,327,,PASS,,,C,Asc 02-1,2D,625080009,50,MR.NHỨT,CFA,"Dirty Collar Lining(2),Dirty Upper(1)",,,,,
1,1/13/2026,TENSAUR SPORT 3.0 K,901981264,1,901981264-1,Kazakhstan,186,,PASS,,,C,Asc 01-2,31D,624040282,32,MR.NHỨT,CFA,Dirty Upper(1),,,,,
1,1/13/2026,TENSAUR SPORT 3.0 K,901983316,1,901983316-1,United Kingdom,840,,PASS,,,C,Asc 02-2,4D,625100152,80,MRS.VY,CFA,"Bonding Gap(2),Dirty Upper(1)",,,,,
1,1/13/2026,TENSAUR SPORT 3.0 K,901985807,1,901985807-1,United Kingdom,330,,PASS,,,C,Asc 03-1,8C,624070252,50,MS.HUỲNH,CFA,"Dirty Upper(1),Thread Ends(2)",,,,,
1,1/13/2026,TENSAUR SPORT 3.0 K,901999406,1,901999406-1,United Kingdom,303,,PASS,,,C,Asc 01-1,11D,624080127,50,MR.THÁI,CFA,Wobbling(2),,,,,
1,1/13/2026,TENSAUR SPORT 3.0 K,902003263,1,902003263-1,Netherlands,301,,PASS,,,C,Asc 03-1,8C,624070252,50,MS.HUỲNH,CFA,"Over Primer O'S(2),Bonding Gap(2)",,,,,
1,1/13/2026,TENSAUR SPORT 3.0 K,902026337,1,902026337-1,Utd.Arab Emir.,120,,PASS,,,C,Asc 01-2,31D,624040282,20,MRS.VY,CFA,Dirty Collar Lining(1),,,,,
1,1/13/2026,TENSAUR SPORT 3.0 K,902051463,1,902051463-1,Utd.Arab Emir.,"1,988",,PASS,,,C,Asc 02-1,2D,625080009,125,MS.HUỲNH,CFA,"Bonding Gap(2),Over Primer O'S(2)",,,,,
1,1/13/2026,TENSAUR SPORT 3.0 K,902053533,1,902053533-1,Monaco,150,,PASS,,,C,Asc 02-2,4D,625100152,20,MR.NHỨT,CFA,Dirty O'S(1),,,,,
1,1/13/2026,URBAN COURT,901587236,1,901587236-1,Japan,"1,215",1D,PASS,,,B3,0,1D,622050542,32,MR.BÌNH,LOP,Dirty Upper(1),,,,,
1,1/13/2026,VS PACE 2.0,901848665,1,901848665-1,Mexico,276,,PASS,,,D,Asc 11-1,38C,625090293,32,MR.MOON,MANAGER,No issue,,CFA(THÁI)AQL->TOP MANAGER(MR.MOON),,,
1,1/13/2026,ADVANTAGE,901672890,1,901672890-1,USA,344,,PASS,,,D,Asc 08-2,17C,624030608,50,MR.NHỨT,CFA,Off Center(1),,,,,
1,1/13/2026,ADVANTAGE,901859094,1,901859094-1,Indonesia,141,,PASS,,,D,Asc 07-2,42C,625110069,20,MR.NHỨT,CFA,No issue,,,,,
1,1/13/2026,ADVANTAGE,901859452,1,901859452-1,USA,611,,PASS,,,D,Asc 07-2,42C,625110069,80,MS.NGÂN,CFA,"Poor Attaching(1),Bonding Gap(1),Dirty O'S(2)",,,,,
1,1/13/2026,ADVANTAGE,901901428,1,901901428-1,Netherlands,"2,101",,PASS,,,D,Asc 05-1,18D,625030163,125,MS.HUỲNH,CFA,"High/Low Heel(2),Collar Lining Wrinkle(2),Bonding Gap(2)",,,,,
1,1/13/2026,ADVANTAGE,901902357,1,901902357-1,Netherlands,"3,001",,PASS,,,D,Asc 06-1,36C,625050250,125,MRS.VY,CFA,"Dirty Collar Lining(2),Dirty O'S(2),Poor Shape(3)",,,,,
1,1/13/2026,ADVANTAGE,901906929,1,901906929-1,United Kingdom,842,,PASS,,,D,Asc 08-2,17C,624030608,80,MRS.VY,CFA,"Dirty Collar Lining(3),Dirty Upper(2)",,,,,
1,1/13/2026,ADVANTAGE,901946447,1,901946447-1,USA,728,,PASS,,,D,Asc 08-1,1C,623090139,80,MRS.VY,CFA,"Dirty O'S(2),Crooked Eyestay(2)",,,,,
1,1/13/2026,GRAND COURT 3.0,901842044,1,901842044-1,Netherlands,"3,500",,PASS,3200,P1,D,Asc 03-1,12C,624080082,125,MRS.VY,CFA,"Thread Ends(2),Skipped Stitching(1),Over Cement(1)",,,,,
1,1/13/2026,GRAND COURT 3.0,901894347,1,901894347-1,Netherlands,329,,PASS,,,D,Asc 03-1,12C,624080082,50,MRS.VY,CFA,"Poor OutSole Quality(1),Bonding Gap(1)",,,,,
1,1/13/2026,GRAND COURT 3.0,901961193,1,901961193-1,Netherlands,"1,002",,PASS,,,D,Asc 03-1,12C,624080082,80,MRS.VY,CFA,"Dirty Upper(2),Bonding Gap(2),Off Center Heel(2)",,,,,
1,1/13/2026,URBAN COURT,901340057,1,901340057-1,Netherlands,453,,PASS,,,D,Asc 05-2,40C,625100153,50,MS.HUỲNH,CFA,"Wobbling(1),Thread Ends(1)",,,,,
1,1/13/2026,URBAN COURT,901967666,1,901967666-1,Netherlands,476,,PASS,,,D,Asc 02-1,11C,624070393,50,MR.NHỨT,CFA,Over Cement(2),,,,,
1,1/13/2026,URBAN COURT,901973110,1,901973110-1,Monaco,221,,PASS,,,D,Asc 01-2,37C,625080102,32,MS.HUỲNH,CFA,Thread Ends(1),,,,,
1,1/13/2026,VS PACE 2.0,901676148,1,901676148-1,United Kingdom,370,,PASS,,,D,Asc 03-2,34C,625020591,50,MR.NHỨT,CFA,"Off Center(1),Dirty Upper(1)",,,,,
1,1/13/2026,VS PACE 2.0,901676201,1,901676201-1,United Kingdom,320,,PASS,,,D,Asc 09-2,R14D,621030759,50,MS.HUỲNH,CFA,"Dirty Upper(1),Thread Ends(2)",,,,,
1,1/13/2026,VS PACE 2.0,901846964,1,901846964-1,Netherlands,960,,PASS,,,D,Asc 04-1,33C,625030360,80,MR.NHỨT,CFA,Poor Shape(3),,,,,
1,1/13/2026,VS PACE 2.0,901847050,1,901847050-1,Netherlands,360,,PASS,,,D,Asc 10-2,28C,624100065,50,MR.NHỨT,CFA,"Poor Shape(1),Off Center Toe Cap(2)",,,,,
1,1/13/2026,VS PACE 2.0,902005497,1,902005497-1,Netherlands,"1,277",,PASS,,,D,Asc 04-2,12C,624080082,125,MR.NHỨT,CFA,"Dirty Collar Lining(2),Dirty Upper(2),Thread Ends(2)",,,,,
1,1/13/2026,GRAND COURT 3.0 AUDI,901721742,1,901721742-1,Uruguay,100,,FAIL,,,D,Asc 01-1,16C,624030295,13,MR.BÌNH,LOP,"Wrong Size Sockliner(2),Over Primer O'S(4)",OFFICIAL,,,,not update pivot88
1,1/14/2026,VL COURT 3.0 K,901776793,1,901776793-1,USA,"4,582",,PASS,3200,P1,A,Asc 02-1,30A,624070060,125,MRS.VY,CFA,"Off Center(2),Over Cement(3)",,,,,
1,1/14/2026,VL COURT 3.0 K,901776793,1,901776793-1,USA,"4,582",,PASS,1382,PC,A,Asc 02-1,30A,624070060,125,MRS.VY,CFA,"Over Primer O'S(2),Wobbling(2)",,,,,
1,1/14/2026,VL COURT 3.0 K,901802250,1,901802250-1,USA,"1,794",,PASS,,,A,Asc 02-2,19A,621110258,125,MS.NGÂN,CFA,"Wobbling(2),Dirty Collar Lining(3)",,,,,
1,1/14/2026,VL COURT 3.0 K,901806475,1,901806475-1,USA,"1,596",,PASS,,,A,Asc 02-1,19A,621110258,125,MS.NGÂN,CFA,"Bonding Gap(4),Wrinkle(2),Dirty O'S(1)",,,,,
1,1/14/2026,VL COURT 3.0 K,901807980,1,901807980-1,USA,"4,500",,PASS,1300,PC,A,Asc 07-2,12A,622021407,125,MS.NGÂN,CFA,"Bonding Gap(2),Wobbling(2),Thread Ends(2),Over Cement(2)",,,,,
1,1/14/2026,VL COURT 3.0 K,901845799,1,901845799-1,Netherlands,"3,500",,PASS,300,PC,A,Asc 02-2,7A,625020551,50,MS.NGÂN,CFA,"Wobbling(2),Over Cement(1)",,,,,
1,1/14/2026,VL COURT 3.0 K,901904244,1,901904244-1,Netherlands,"2,399",15D,PASS,,,B3,3,15D,622020913,125,MS.HUỲNH,CFA,Over Cement(4),,,,,
1,1/14/2026,TENSAUR SPORT 3.0 CF I,901970072,1,901970072-1,Netherlands,"2,680",,PASS,,,A,Asc 10-1,16A,624100316,125,MR.THÁI,CFA,"Wrinkle(3),Dirty Upper(4),Off Center Toe Cap(2)",,,,,
1,1/14/2026,TENSAUR SPORT 3.0 CF I,901579311,1,901579311-1,Panama,384,,PASS,,,A,Asc 11-1,9A,622080458,50,MS.NGÂN,CFA,"Over Primer O'S(1),Bonding Gap(1)",,,,,
1,1/14/2026,TENSAUR SPORT 3.0 CF I,901858412,1,901858412-1,Netherlands,331,,PASS,,,A,Asc 10-2,42A,625100252,50,MS.NGÂN,CFA,"Collar Lining Wrinkle(2),Bonding Gap(2)",,,,,
1,1/14/2026,TENSAUR SPORT 3.0 CF I,901975665,1,901975665-1,Colombia,132,,PASS,,,A,Asc 10-1,16A,624100316,20,MS.NGÂN,CFA,Dirty Upper(1),,,,,
1,1/14/2026,TENSAUR SPORT 3.0 CF K,901912876,1,901912876-1,Netherlands,467,,PASS,,,A,Asc 06-2,17A,624030271,50,MS.NGÂN,CFA,"Wobbling(2),Dirty O'S(1)",,,,,
1,1/14/2026,TENSAUR SPORT 3.0 CF K,902052846,1,902052846-1,Utd.Arab Emir.,"1,229",,PASS,,,A,Asc 09-2,43A,625100258,125,MS.NGÂN,CFA,"Poor Attaching(2),Dirty Collar Lining(2),Dirty Upper(2)",,,,,
1,1/14/2026,TENSAUR SPORT 3.0 CF K,902231278,1,902231278-1,Netherlands,"1,724",,PASS,,,A,Asc 08-2,45A,625110021,125,MR.THÁI,CFA,"Dirty Upper(2),Over Primer O'S(2)",,,,,
1,1/14/2026,TENSAUR SPORT 3.0 CF K,901989078,1,901989078-1,Italy,"1,252",,PASS,,,A,Asc 09-2,43A,625100258,125,MR.NHỨT,CFA,"Dirty Collar Lining(1),Wobbling(2)",,,,,
1,1/14/2026,TENSAUR SPORT 3.0 K,901774827,1,901774827-1,Brazil,639,,PASS,,,A,Asc 07-2,12A,622021407,80,MR.NHỨT,CFA,"Dirty Upper(1),Bonding Gap(1)",,,,,
1,1/14/2026,ADVANTAGE K,901899645,1,901899645-1,Netherlands,"2,100",,PASS,,,B,Asc 05-1,6B,621060243,125,MS.HUỲNH,CFA,"Collar Lining Wrinkle(2),Dirty Shoelace(2),Dirty Upper(2)",,,,,
1,1/14/2026,Tensaur Sport 2.0 K,901903053,1,901903053-1,Italy,"4,640",,PASS,1440,PC,B,Asc 04-2,43B,625030363,125,MS.HUỲNH,CFA,"Crooked Decorative(2),Dirty O'S(2),Needle Hole(1),Bonding Gap(2)",,,,,
1,1/14/2026,TENSAUR SPORT 3.0 CF K,902057810,1,902057810-1,Utd.Arab Emir.,"2,794",,PASS,,,B,Asc 06-1,18B,620030032,125,MS.NGÂN,CFA,"Thread Ends(3),Bonding Gap(2)",,,,,
1,1/14/2026,TENSAUR SPORT 3.0 CF K,902052065,1,902052065-1,Utd.Arab Emir.,680,,PASS,,,B,Asc 06-1,18B,620030032,80,MS.NGÂN,CFA,"Bonding Gap(1),Dirty O'S(2)",,,,,
1,1/14/2026,TENSAUR SPORT 3.0 CF K,901848303,1,901848303-1,Mexico,"1,074",,PASS,,,B,Asc 06-1,18B,620030032,80,MRS.VY,CFA,"Broken Stitching(1),Over Primer O'S(1),Wobbling(1)",,,,,
1,1/14/2026,TENSAUR SPORT 3.0 CF K,901980134,1,901980134-1,Kazakhstan,"1,099",,PASS,,,B,Asc 05-2,40B,625010030,80,MRS.VY,CFA,"Dirty Upper(1),Dirty O'S(1),Bonding Gap(1)",,,,,
1,1/14/2026,TENSAUR SPORT 3.0 CF K,902049675,1,902049675-1,Utd.Arab Emir.,"1,783",,PASS,,,B,Asc 03-2,84L,622030320,125,MR.THÁI,CFA,"Dirty Collar Lining(2),Dirty O'S(2),Poor Attaching(4)",,,,,
1,1/14/2026,GALAXY 7 M,901425469,1,901425469-1,Australia,619,,PASS,,,C,Asc 11-1,11,623120136,80,MRS.VY,CFA,"Dirty O'S(1),Wobbling(1),Over Cement(1)",,,,,
1,1/14/2026,GALAXY 7 M,901839171,1,901839171-1,Netherlands,489,,PASS,,,C,Asc 11-1,11,623120136,50,MR.NHỨT,CFA,"Off Center(1),Dirty M'S(1)",,,,,
1,1/14/2026,GALAXY 7 M,901853894,1,901853894-1,United Kingdom,"1,062",,PASS,,,C,Asc 11-2,28D,625080255,80,MR.NHỨT,CFA,"Over Cement(1),Dirty Collar Lining(1)",,,,,
1,1/14/2026,GALAXY 7 M,901855207,1,901855207-1,Netherlands,352,,PASS,,,C,Asc 10-1,13D,624100308,50,MR.THÁI,CFA,Over Cement(2),,,,,
1,1/14/2026,GALAXY 7 M,901895722,1,901895722-1,United Kingdom,347,,PASS,,,C,Asc 07-1,16,621070084,50,MRS.VY,CFA,"Wrinkle(1),Bonding Gap Stockfit(1)",,,,,
1,1/14/2026,GALAXY 7 M,901909527,1,901909527-1,Netherlands,333,,PASS,,,C,Asc 10-1,13D,624100308,50,MS.NGÂN,CFA,"Wrinkle(1),Over Cement(1),Over Primer O'S(1)",,,,,
1,1/14/2026,GALAXY 7 M,901974160,1,901974160-1,Netherlands,"1,513",,PASS,,,C,Asc 11-1,11,623120136,125,MR.NHỨT,CFA,"Bonding Gap(1),Over Cement(2)",,,,,
1,1/14/2026,GALAXY 7 M,901581659,1,901581659-1,South Korea,"11,864",1D,PASS,3200,P1,B3,0,1D,622050542,125,MR.THÁI,CFA,"Dirty Collar Lining(2),Dirty M'S(2),Over Cement(2)",,,,,
1,1/14/2026,GALAXY 7 M,901844124,1,901844124-1,Netherlands,373,,PASS,,,C,Asc 10-1,13D,624100308,50,MR.THÁI,CFA,"Wrinkle(1),Over Cement(2)",,,,,
1,1/14/2026,GALAXY 7 M,901895073,1,901895073-1,Netherlands,323,,PASS,,,C,Asc 10-1,13D,624100308,50,MS.NGÂN,CFA,"Poor Attaching(1),Dirty Upper(1)",,,,,
1,1/14/2026,GALAXY 7 M,901941948,1,901941948-1,Mexico,339,,PASS,,,C,Asc 07-2,29D,624040410,50,MRS.VY,CFA,"Wrinkle(1),Dirty M'S(2)",,,,,
1,1/14/2026,GALAXY 7 M,901954986,1,901954986-1,USA,603,,PASS,,,C,Asc 11-1,11,623120136,80,MRS.VY,CFA,"Collar Lining Wrinkle(2),Off Center Toe Cap(2)",,,,,
1,1/14/2026,GALAXY 7 M,901959904,1,901959904-1,Netherlands,131,,PASS,,,C,Asc 11-2,28D,625080255,20,MR.NHỨT,CFA,Dirty Collar Lining(1),,,,,
1,1/14/2026,GALAXY 7 M,901964148,1,901964148-1,Italy,535,,PASS,,,C,Asc 08-1,21D,623030007,80,MRS.VY,CFA,"Wrinkle(2),Poor Attaching(3)",,,,,
1,1/14/2026,GALAXY 7 M,901978772,1,901978772-1,United Kingdom,425,,PASS,,,C,Asc 10-2,9D,625120023,50,MRS.VY,CFA,"Wrinkle(1),Dirty Upper(1)",,,,,
1,1/14/2026,GRAND COURT 2.0,901902226,1,901902226-1,United Kingdom,600,,PASS,,,C,Asc 05-1,6D,625120024,80,MRS.VY,CFA,"Dirty Upper(1),Dirty Collar Lining(1)",,,,,
1,1/14/2026,GRAND COURT 2.0,901903723,1,901903723-1,Italy,"4,640",,PASS,1440,PC,C,Asc 07-1,16,621070084,125,MRS.VY,CFA,"Poor Shape(1),Bonding Gap(1),Wobbling(1)",,,,,
1,1/14/2026,GRAND COURT 2.0,901906025,1,901906025-1,United Kingdom,962,,PASS,,,C,Asc 07-1,16,621070084,80,MS.HUỲNH,CFA,Dirty O'S(3),,,,,
1,1/14/2026,TENSAUR SPORT 3.0 K,901970748,1,901970748-1,Monaco,150,,PASS,,,C,Asc 04-2,27D,623090194,20,MR.NHỨT,CFA,No issue,,,,,
1,1/14/2026,TENSAUR SPORT 3.0 K,901987184,1,901987184-1,Netherlands,302,,PASS,,,C,Asc 02-1,2D,625080009,50,MS.NGÂN,CFA,Dirty O'S(2),,,,,
1,1/14/2026,TENSAUR SPORT 3.0 K,902037764,1,902037764-1,Netherlands,555,,PASS,,,C,Asc 02-1,11D,624080127,80,MR.THÁI,CFA,"Collar Lining Wrinkle(1),Poor Shape(1),Dirty Upper(2)",,,,,
1,1/14/2026,TENSAUR SPORT 3.0 K,902050094,1,902050094-1,Utd.Arab Emir.,"1,076",,PASS,,,C,Asc 01-2,R4D,619100392,80,MRS.VY,CFA,"Dirty Collar Lining(1),Poor Shape(2),Poor Attaching(2)",,,,,
1,1/14/2026,TENSAUR SPORT 3.0 K,902051574,1,902051574-1,United Kingdom,330,,PASS,,,C,Asc 01-1,11D,624080127,50,MR.THÁI,CFA,"Off Center(1),Over Primer O'S(2)",,,,,
1,1/14/2026,TENSAUR SPORT 3.0 K,902051817,1,902051817-1,United Kingdom,910,,PASS,,,C,Asc 01-1,11D,624080127,80,MRS.VY,CFA,"Dirty Collar Lining(2),Bonding Gap(2)",,,,,
1,1/14/2026,TENSAUR SPORT 3.0 K,902052653,1,902052653-1,Netherlands,300,,PASS,,,C,Asc 03-1,8C,624070252,50,MR.NHỨT,CFA,"Poor Attaching(1),Bonding Gap(1)",,,,,
1,1/14/2026,TENSAUR SPORT 3.0 K,902063372,1,902063372-1,Italy,390,,PASS,,,C,Asc 01-1,11D,624080127,50,MRS.VY,CFA,"Dirty O'S(1),Dirty Collar Lining(2)",,,,,
1,1/14/2026,TENSAUR SPORT 3.0 K,902066984,1,902066984-1,Netherlands,301,,PASS,,,C,Asc 04-2,27D,623090194,50,MRS.VY,CFA,Bonding Gap(2),,,,,
1,1/14/2026,TENSAUR SPORT 3.0 K,902072562,1,902072562-1,Italy,375,,PASS,,,C,Asc 04-2,27D,623090194,50,MR.NHỨT,CFA,Dirty Collar Lining(1),,,,,
1,1/14/2026,TENSAUR SPORT 3.0 K,902072645,1,902072645-1,United Kingdom,380,,PASS,,,C,Asc 04-2,27D,623090194,50,MRS.VY,CFA,"Dirty Collar Lining(1),Bonding Gap(1)",,,,,
1,1/14/2026,URBAN COURT,901723427,1,901723427-1,Japan,"1,490",7D,PASS,,,B3,0,7D,621110412,125,MRS.VY,CFA,"Thread Ends(2),Dirty Upper(2),Dirty Shoelace(2)",,,,,
1,1/14/2026,ADVANTAGE,901670349,1,901670349-1,Philippines,229,,PASS,,,D,Asc 07-1,41C,625100189,32,MR.THÁI,CFA,"Collar Lining Wrinkle(1),Bonding Gap(1)",,,,,
1,1/14/2026,ADVANTAGE,901901124,1,901901124-1,Italy,"5,798",,PASS,3200,P1,D,Asc 06-2,10C,624050200,125,MRS.VY,CFA,"Collar Lining Damaged(1),Bonding Gap(3),Off Center(1)",,,,,
1,1/14/2026,ADVANTAGE,901901124,1,901901124-1,Italy,"5,798",15D,PASS,2598,PC,B3,3,15D,622020913,125,MRS.VY,CFA,"Collar Lining Wrinkle(1),Off Center(2),Dirty Upper(1)",,,,,
1,1/14/2026,ADVANTAGE,901902578,1,901902578-1,Italy,"4,060",,PASS,860,PC,D,Asc 07-2,42C,625110069,80,MS.NGÂN,CFA,"Dirty O'S(2),Dirty Upper(2),Off Center(1)",,,,,
1,1/14/2026,ADVANTAGE,901903959,1,901903959-1,Colombia,340,,PASS,,,D,Asc 05-1,18D,625030163,50,MS.HUỲNH,CFA,"Over Cement O'S(1),Dirty O'S(1)",,,,,
1,1/14/2026,ADVANTAGE,901904045,1,901904045-1,Colombia,515,,PASS,,,D,Asc 06-2,10C,624050200,80,MRS.VY,CFA,Dirty O'S(3),,,,,
1,1/14/2026,ADVANTAGE,901904380,1,901904380-1,Thailand,125,,PASS,,,D,Asc 05-1,18D,625030163,20,MRS.VY,CFA,Dirty O'S(1),,,,,
1,1/14/2026,ADVANTAGE,901904538,1,901904538-1,Philippines,"1,251",,PASS,,,D,Asc 07-1,41C,625100189,125,MR.NHỨT,CFA,"Wrinkle(2),Off Center(1)",,,,,
1,1/14/2026,ADVANTAGE,901906802,1,901906802-1,United Kingdom,"1,202",,PASS,,,D,Asc 09-1,R14D,621030759,125,MRS.LY,MANAGER,No issue,,CFA(HUỲNH)AQL->TOP MANAGER(MRS.LY),,,
1,1/14/2026,ADVANTAGE,901916108,1,901916108-1,USA,437,,PASS,,,D,Asc 07-1,41C,625100189,50,MRS.VY,CFA,Wrinkle(1),,,,,
1,1/14/2026,GRAND COURT 3.0,901842044,1,901842044-1,Netherlands,"3,500",,PASS,300,PC,D,Asc 03-1,6C,622070194,50,MR.NHỨT,CFA,Dirty O'S(1),,,,,
1,1/14/2026,URBAN COURT,901897274,1,901897274-1,Mexico,"1,899",,PASS,,,D,Asc 02-1,11C,624070393,125,MRS.VY,CFA,"Dirty Collar Lining(2),Thread Ends(3),Wrinkle(2)",,,,,
1,1/14/2026,URBAN COURT,901901363,1,901901363-1,Italy,225,,PASS,,,D,Asc 01-1,39C,625090192,32,MRS.LY,MANAGER,No issue,,CFA(HUỲNH)AQL->TOP MANAGER(MRS.LY),,,
1,1/14/2026,URBAN COURT,901962817,1,901962817-1,Italy,471,,PASS,,,D,Asc 01-1,39C,625090192,50,MR.THÁI,CFA,"Dirty Upper(2),Bonding Gap(2)",,,,,
1,1/14/2026,URBAN COURT,901971926,1,901971926-1,Utd.Arab Emir.,123,,PASS,,,D,Asc 01-2,37C,625080102,20,MRS.LY,MANAGER,No issue,,CFA(HUỲNH)AQL->TOP MANAGER(MRS.LY),,,
1,1/14/2026,URBAN COURT,901972895,1,901972895-1,Monaco,400,,PASS,,,D,Asc 02-1,11C,624070393,50,MS.HUỲNH,CFA,Dirty Collar Lining(2),,,,,
1,1/14/2026,URBAN COURT,901973014,1,901973014-1,Monaco,350,,PASS,,,D,Asc 01-2,37C,625080102,50,MS.HUỲNH,CFA,"Thread Ends(1),Dirty Upper(2)",,,,,
1,1/14/2026,VS PACE 2.0,901484441,1,901484441-1,Taiwan,800,,PASS,,,D,Asc 11-1,38C,625090293,80,MS.NGÂN,CFA,"Bonding Gap(2),Dirty O'S(2)",,,,,
1,1/14/2026,VS PACE 2.0,901805825,1,901805825-1,Netherlands,852,,PASS,,,D,Asc 11-1,38C,625090293,80,MRS.VY,CFA,Poor Attaching(3),,,,,
1,1/14/2026,VS PACE 2.0,901912271,1,901912271-1,United Kingdom,560,,PASS,,,D,Asc 04-1,33C,625030360,80,MR.NHỨT,CFA,Dirty Upper(1),,,,,
1,1/14/2026,VL COURT 3.0 K,901590538,1,901590538-1,China,500,15D,PASS,,ALL,B3,3,15D,622020913,50,MR.THÁI,CFA,"Dirty O'S(1),Collar Lining Wrinkle(1),Over Cement(1)",INTERNAL,,,,
1,1/14/2026,VL COURT 3.0 K,901590589,1,901590589-1,China,"1,362",12,PASS,500,P1,B3,2,12,625030164,50,MS.NGÂN,CFA,"Over Cement(2),Off Center Heel(1)",INTERNAL,,,,
1,1/14/2026,VL COURT 3.0 K,901590589,1,901590589-1,China,"1,362",12,PASS,862,P2+PC,B3,2,12,625030164,80,MS.HUỲNH,CFA,"Wrinkle(1),Dirty Upper(2),Dirty O'S(2)",INTERNAL,,,,
1,1/14/2026,VL COURT 3.0 K,901590538,1,901590538-1,China,500,12,PASS,,ALL,B3,2,12,625030164,50,MR.MOON,MANAGER,High/Low Heel(1),OFFICIAL,,,,
1,1/14/2026,VL COURT 3.0 K,901590589,1,901590589-1,China,"1,362",12,PASS,,ALL,B3,2,12,625030164,80,MRS.LY,MANAGER,"Dirty Upper(1),Dirty O'S(1)",OFFICIAL,,,,
1,1/15/2026,ASPYRE,901992741,1,901992741-1,Netherlands,318,,PASS,,,A,Asc 11-2,22A,624060318,50,MRS.VY,CFA,"Dirty O'S(1),Dirty Collar Lining(1)",,,,,
1,1/15/2026,TENSAUR SPORT 3.0 CF I,901842269,1,901842269-1,Brazil,500,,PASS,,,A,Asc 10-1,16A,624100316,50,MR.NHỨT,CFA,"Dirty Collar Lining(2),Poor Attaching(1)",,,,,
1,1/15/2026,TENSAUR SPORT 3.0 CF I,901858163,1,901858163-1,Netherlands,326,,PASS,,,A,Asc 10-2,42A,625100252,50,MR.NHỨT,CFA,"Dirty Collar Lining(2),Dirty O'S(1)",,,,,
1,1/15/2026,TENSAUR SPORT 3.0 CF I,901973405,1,901973405-1,Chile,369,,PASS,,,A,Asc 10-1,16A,624100316,50,MS.NGÂN,CFA,Dirty Collar Lining(2),,,,,
1,1/15/2026,TENSAUR SPORT 3.0 CF I,902049773,1,902049773-1,Utd.Arab Emir.,"1,377",,PASS,,,A,Asc 08-1,41A,625080141,125,MR.NHỨT,CFA,"Collar Lining Wrinkle(2),Dirty O'S(1)",,,,,
1,1/15/2026,TENSAUR SPORT 3.0 CF I,902051331,1,902051331-1,Utd.Arab Emir.,"1,160",,PASS,,,A,Asc 10-2,42A,625100252,80,MR.NHỨT,CFA,"Poor Shape(1),Thread Ends(2)",,,,,
1,1/15/2026,TENSAUR SPORT 3.0 CF I,902056094,1,902056094-1,Utd.Arab Emir.,"1,353",,PASS,,,A,Asc 10-1,16A,624100316,125,MR.NHỨT,CFA,"Dirty Collar Lining(2),Poor Attaching(1),Dirty O'S(1)",,,,,
1,1/15/2026,Tensaur Run 3.0 EL I,901251206,1,901251206-1,Panama,106,,PASS,,,A,Asc 06-1,25A,624030105,20,MR.NHỨT,CFA,Dirty Upper(1),,,,,
1,1/15/2026,TENSAUR SPORT 3.0 CF K,902049887,1,902049887-1,Utd.Arab Emir.,"1,784",,PASS,,,A,Asc 07-1,20A,623110220,125,MRS.VY,CFA,"Dirty Collar Lining(2),Dirty Upper(2)",,,,,
1,1/15/2026,TENSAUR SPORT 3.0 CF K,901978529,1,901978529-1,Kazakhstan,713,,PASS,,,A,Asc 08-2,45A,625110021,80,MS.NGÂN,CFA,"Bonding Gap(2),Dirty O'S(2)",,,,,
1,1/15/2026,TENSAUR SPORT 3.0 CF K,902055335,1,902055335-1,Italy,"1,560",,PASS,,,A,Asc 01-1,31A,624060331,125,MR.NHỨT,CFA,"High/Low Toe Cap(2),Loose Stitches(2),Bonding Gap(3)",,,,,
1,1/15/2026,TENSAUR SPORT 3.0 CF K,902058038,1,902058038-1,Utd.Arab Emir.,"1,627",,PASS,,,A,Asc 07-1,20A,623110220,125,MR.NHỨT,CFA,"Dirty Velcros Strap(3),Bonding Gap(2)",,,,,
1,1/15/2026,TENSAUR SPORT 3.0 CF K,902143840,1,902143840-1,United Kingdom,470,,PASS,,,A,Asc 09-2,43A,625100258,50,MRS.VY,CFA,"Dirty O'S(1),Wrinkle(1)",,,,,
1,1/15/2026,TENSAUR SPORT 3.0 CF K,902143964,1,902143964-1,United Kingdom,830,,PASS,,,A,Asc 04-2,40A,625060019,80,MS.NGÂN,CFA,Dirty O'S(3),,,,,
1,1/15/2026,VL COURT 3.0 K,901773556,1,901773556-1,Panama,516,,PASS,,,A,Asc 03-1,29A,624030533,80,MR.THÁI,CFA,"Wobbling(2),Wrinkle(2)",,,,,
1,1/15/2026,VL COURT 3.0 K,901862603,1,901862603-1,USA,"5,000",,PASS,1800,PC,A,Asc 03-2,8A,624020086,125,MS.HUỲNH,CFA,"Dirty Collar Lining(2),Bonding Gap(2)",,,,,
1,1/15/2026,TENSAUR SPORT 3.0 CF K,901987610,1,901987610-1,Netherlands,"1,019",,PASS,,,B,Asc 06-2,26B,623090198,80,MR.NHỨT,CFA,"Uneven Collar Top Line(2),Poor Attaching(2)",,,,,
1,1/15/2026,TENSAUR SPORT 3.0 CF K,902143809,1,902143809-1,United Kingdom,"1,300",,PASS,,,B,Asc 06-1,18B,620030032,125,MRS.VY,CFA,"Dirty O'S(2),Wrinkle(1)",,,,,
1,1/15/2026,TENSAUR SPORT 3.0 CF K,901983397,1,901983397-1,Italy,722,,PASS,,,B,Asc 04-2,43B,625030363,80,MR.NHỨT,CFA,"Dirty Collar Lining(3),Dirty O'S(2)",,,,,
1,1/15/2026,TENSAUR SPORT 3.0 CF K,901983481,1,901983481-1,Italy,832,,PASS,,,B,Asc 04-2,43B,625030363,80,MR.NHỨT,CFA,"Dirty Collar Lining(1),Dirty O'S(1)",,,,,
1,1/15/2026,TENSAUR SPORT 3.0 CF K,901255153,1,901255153-1,Panama,194,,PASS,,,B,Asc 06-1,18B,620030032,32,MR.NHỨT,CFA,Over Primer O'S(1),,,,,
1,1/15/2026,TENSAUR SPORT 3.0 CF K,902056114,1,902056114-1,Utd.Arab Emir.,131,,PASS,,,B,Asc 06-1,18B,620030032,20,MR.NHỨT,CFA,Dirty Collar Lining(1),,,,,
1,1/15/2026,TENSAUR SPORT 3.0 CF K,902062104,1,902062104-1,Utd.Arab Emir.,"1,745",,PASS,,,B,Asc 05-2,40B,625010030,125,MR.NHỨT,CFA,"Dirty Collar Lining(3),Dirty Upper(2)",,,,,
1,1/15/2026,GALAXY 7 M,901855146,1,901855146-1,United Kingdom,401,,PASS,,,C,Asc 11-2,28D,625080255,50,MS.HUỲNH,CFA,"Wrinkle(2),Collar Lining Wrinkle(2)",,,,,
1,1/15/2026,GALAXY 7 M,901973564,1,901973564-1,Netherlands,915,,PASS,,,C,Asc 08-1,21D,623030007,80,MS.HUỲNH,CFA,"Over Cement(2),Dirty O'S(2)",,,,,
1,1/15/2026,GALAXY 7 M,901437166,1,901437166-1,Netherlands,480,,PASS,,,C,Asc 10-2,9D,625120023,50,MR.THÁI,CFA,"Wrinkle(1),Dirty M'S(2)",,,,,
1,1/15/2026,GALAXY 7 M,901581659,1,901581659-1,South Korea,"11,864",25D,PASS,3200,P2,B3,0,25D,622070156,125,MS.HUỲNH,CFA,"Poor O'S(2),Wrinkle(2),Dirty Upper(2)",,,,,
1,1/15/2026,GALAXY 7 M,901852791,1,901852791-1,Netherlands,"3,000",,PASS,,,C,Asc 09-1,22D,623090063,125,MRS.VY,CFA,"Wrinkle(4),Over Cement(3)",,,,,
1,1/15/2026,GALAXY 7 M,901961459,1,901961459-1,Netherlands,602,,PASS,,,C,Asc 06-1,19D,625080253,80,MRS.VY,CFA,"Wrinkle(2),Poor Attaching(3)",,,,,
1,1/15/2026,GALAXY 7 M,901963504,1,901963504-1,Italy,605,,PASS,,,C,Asc 11-2,28D,625080255,80,MRS.VY,CFA,Wrinkle(2),,,,,
1,1/15/2026,GALAXY 7 M,901977456,1,901977456-1,Netherlands,167,,PASS,,,C,Asc 11-2,28D,625080255,32,MS.HUỲNH,CFA,"Collar Lining Wrinkle(1),Dirty M'S(1)",,,,,
1,1/15/2026,GALAXY 7 W,901780654,1,901780654-1,Netherlands,472,,PASS,,,C,Asc 08-2,8D,624080430,50,MR.NHỨT,CFA,"Dirty Upper(1),Dirty M'S(2)",,,,,
1,1/15/2026,GALAXY 7 W,901838565,1,901838565-1,Italy,"1,055",,PASS,,,C,Asc 08-1,21D,623030007,80,MR.THÁI,CFA,Dirty Upper(3),,,,,
1,1/15/2026,GRAND COURT 2.0 EL C,901695372,1,901695372-1,Australia,500,,PASS,,,C,Asc 06-2,17D,624060040,50,MR.NHỨT,CFA,"Dirty Collar Lining(1),Wobbling(1)",,,,,
1,1/15/2026,TENSAUR SPORT 3.0 K,901776344,1,901776344-1,Brazil,559,,PASS,,,C,Asc 03-1,8C,624070252,80,MR.NHỨT,CFA,Wobbling(2),,,,,
1,1/15/2026,TENSAUR SPORT 3.0 K,901965163,1,901965163-1,Utd.Arab Emir.,146,,PASS,,,C,Asc 01-2,31D,624040282,20,MS.NGÂN,CFA,Poor Attaching(1),,,,,
1,1/15/2026,TENSAUR SPORT 3.0 K,901970824,1,901970824-1,Monaco,150,,PASS,,,C,Asc 02-2,4D,625100152,20,MR.THÁI,CFA,"Dirty Upper(1),Left/Right Quarter Mismatch(1)",,,,,
1,1/15/2026,TENSAUR SPORT 3.0 K,901974540,1,901974540-1,Colombia,100,,PASS,,,C,Asc 03-1,8C,624070252,20,MR.NHỨT,CFA,No issue,,,,,
1,1/15/2026,TENSAUR SPORT 3.0 K,902051801,1,902051801-1,United Kingdom,440,,PASS,,,C,Asc 02-2,4D,625100152,50,MR.NHỨT,CFA,Off Center Toe Cap(2),,,,,
1,1/15/2026,TENSAUR SPORT 3.0 K,902052082,1,902052082-1,Monaco,150,,PASS,,,C,Asc 02-2,4D,625100152,20,MS.HUỲNH,CFA,Dirty Upper(1),,,,,
1,1/15/2026,TENSAUR SPORT 3.0 K,902054744,1,902054744-1,Utd.Arab Emir.,"1,940",,PASS,,,C,Asc 02-2,4D,625100152,125,MR.NHỨT,CFA,"Dirty Upper(3),Wobbling(3)",,,,,
1,1/15/2026,TENSAUR SPORT 3.0 K,902055025,1,902055025-1,Monaco,250,,PASS,,,C,Asc 01-2,31D,624040282,32,MS.HUỲNH,CFA,"Thread Ends(1),Broken Stitching(1)",,,,,
1,1/15/2026,TENSAUR SPORT 3.0 K,902055488,1,902055488-1,Monaco,150,,PASS,,,C,Asc 01-2,31D,624040282,20,MS.HUỲNH,CFA,Poor Attaching(1),,,,,
1,1/15/2026,TENSAUR SPORT 3.0 K,902055866,1,902055866-1,Utd.Arab Emir.,"1,009",,PASS,,,C,Asc 01-1,11D,624080127,80,MR.NHỨT,CFA,"Thread Ends(2),Bonding Gap(2)",,,,,
1,1/15/2026,TENSAUR SPORT 3.0 K,902064170,1,902064170-1,Netherlands,530,,PASS,,,C,Asc 02-1,2D,625080009,80,MR.MOON,MANAGER,No issue,,CFA(NGÂN)AQL->TOP MANAGER(MR.MOON),,,
1,1/15/2026,ADVANTAGE,901901541,1,901901541-1,United Kingdom,600,,PASS,,,D,Asc 08-1,1C,623090139,80,MS.HUỲNH,CFA,"Collar Lining Wrinkle(2),Crooked Toe Cap(2)",,,,,
1,1/15/2026,ADVANTAGE,901902468,1,901902468-1,Netherlands,"1,501",,PASS,,,D,Asc 08-1,1C,623090139,125,MS.HUỲNH,CFA,"Dirty O'S(2),Bonding Gap(2),Dirty Upper(2)",,,,,
1,1/15/2026,ADVANTAGE,901904566,1,901904566-1,Italy,"2,901",,PASS,,,D,Asc 06-1,36C,625050250,125,MRS.VY,CFA,"Bonding Gap(3),Off Center(1)",,,,,
1,1/15/2026,VL COURT 3.0 K,901847082,1,901847082-1,USA,"1,030",15A,PASS,,,B3,4,15A,624050151,80,MS.NGÂN,CFA,"Dirty Upper(2),Wobbling(2)",,,,,
1,1/15/2026,GRAND COURT 3.0,901961288,1,901961288-1,Netherlands,301,,PASS,,,D,Asc 03-1,12C,624080082,50,MS.HUỲNH,CFA,"Dirty O'S(1),Dirty Upper(1)",,,,,
1,1/15/2026,GRAND COURT 3.0,901971127,1,901971127-1,United Kingdom,300,,PASS,,,D,Asc 03-1,12C,624080082,50,MRS.VY,CFA,"Dirty Upper(1),Off Center Heel(2)",,,,,
1,1/15/2026,GRAND COURT 3.0,901972687,1,901972687-1,United Kingdom,300,,PASS,,,D,Asc 03-1,12C,624080082,50,MRS.VY,CFA,Dirty Upper(2),,,,,
1,1/15/2026,URBAN COURT,901723315,1,901723315-1,Japan,"1,990",16C,PASS,,,B3,0,16C,624030295,125,MR.NHỨT,CFA,"Wrinkle(3),Dirty Upper(2),Bonding Gap(2)",,,,,
1,1/15/2026,URBAN COURT,901971010,1,901971010-1,Monaco,280,,PASS,,,D,Asc 01-1,11C,624070393,32,MRS.VY,CFA,Wrinkle(1),,,,,
1,1/15/2026,URBAN COURT,901971120,1,901971120-1,Monaco,350,,PASS,,,D,Asc 01-2,37C,625080102,50,MS.NGÂN,CFA,Thread Ends(2),,,,,
1,1/15/2026,URBAN COURT,901972732,1,901972732-1,Monaco,400,,PASS,,,D,Asc 02-1,39C,625090192,50,MS.NGÂN,CFA,Wobbling(2),,,,,
1,1/15/2026,URBAN COURT,902036094,1,902036094-1,Netherlands,"3,000",,PASS,,,D,Asc 01-1,39C,625090192,125,MRS.VY,CFA,"Dirty Collar Lining(1),Dirty O'S(2),Dirty Upper(2)",,,,,
1,1/15/2026,URBAN COURT,902228343,1,902228343-1,Spain,655,,PASS,,,D,Asc 02-1,5C,621120400,80,MR.THÁI,CFA,"Wrinkle(1),Bonding Gap(2),Poor Attaching(1),Dirty Upper(1)",,,,,
1,1/15/2026,VS PACE 2.0,901984500,1,901984500-1,United Kingdom,310,,PASS,,,D,Asc 04-1,33C,625030360,50,MS.HUỲNH,CFA,Dirty Upper(2),,,,,
1,1/15/2026,VS PACE 2.0,901985009,1,901985009-1,Netherlands,556,,PASS,,,D,Asc 09-2,14C,624020152,80,MR.MOON,MANAGER,No issue,,CFA(NGÂN)AQL->TOP MANAGER(MR.MOON),,,
1,1/15/2026,VS PACE 2.0,901985092,1,901985092-1,Netherlands,510,,PASS,,,D,Asc 04-1,33C,625030360,80,MR.MOON,MANAGER,No issue,,CFA(NGÂN)AQL->TOP MANAGER(MR.MOON),,,
1,1/15/2026,VS PACE 2.0,901986611,1,901986611-1,Netherlands,300,,PASS,,,D,Asc 09-2,14C,624020152,50,MRS.VY,CFA,Thread Ends(2),,,,,
1,1/15/2026,VS PACE 2.0,902005332,1,902005332-1,Netherlands,360,,PASS,,,D,Asc 03-2,34C,625020591,50,MRS.VY,CFA,Dirty Upper(2),,,,,
